date,open,high,low,close,adjclose,volume
2016-08-18,8.984999656677246,9.03125,8.976249694824219,9.0287504196167,8.571160316467285,9495200
2016-08-19,8.981249809265137,9.020000457763672,8.9375,9.005000114440918,8.54861068725586,11139200
2016-08-22,8.977499961853027,9.022500038146973,8.942500114440918,9.001250267028809,8.545051574707031,13209600
2016-08-23,9.057499885559082,9.088749885559082,9.03125,9.03125,8.573531150817871,10506400
2016-08-24,9.021249771118164,9.029999732971191,8.9037504196167,8.948749542236328,8.495213508605957,19748000
2016-08-25,8.90625,8.970000267028809,8.891249656677246,8.932499885559082,8.479785919189453,13648000
2016-08-26,8.948749542236328,9.046250343322754,8.8125,8.896249771118164,8.44537353515625,37726400
2016-08-29,8.90999984741211,9.007499694824219,8.9037504196167,8.981249809265137,8.526062965393066,8838400
2016-08-30,8.975000381469727,9.0,8.899999618530273,8.949999809265137,8.496399879455566,8312800
2016-08-31,8.923749923706055,8.931249618530273,8.826250076293945,8.9037504196167,8.452496528625488,20139200
2016-09-01,8.90250015258789,8.930000305175781,8.792499542236328,8.901249885559082,8.450119972229004,41115200
2016-09-02,8.981249809265137,9.023750305175781,8.927499771118164,8.979999542236328,8.524876594543457,19932000
2016-09-06,9.011249542236328,9.039999961853027,8.9399995803833,9.036250114440918,8.578276634216309,11318400
2016-09-07,9.016249656677246,9.051250457763672,8.976249694824219,9.037500381469727,8.57946491241455,13220000
2016-09-08,9.001250267028809,9.026249885559082,8.962499618530273,8.994999885559082,8.539115905761719,15239200
2016-09-09,8.867500305175781,8.867500305175781,8.557499885559082,8.557499885559082,8.123793601989746,58343200
2016-09-12,8.488750457763672,8.842499732971191,8.479999542236328,8.806249618530273,8.35993480682373,42487200
2016-09-13,8.681249618530273,8.706250190734863,8.493749618530273,8.552499771118164,8.119043350219727,76755200
2016-09-14,8.557499885559082,8.667499542236328,8.491250038146973,8.538749694824219,8.105992317199707,35073600
2016-09-15,8.52750015258789,8.748749732971191,8.512499809265137,8.717499732971191,8.275683403015137,32788000
2016-09-16,8.648750305175781,8.672499656677246,8.581250190734863,8.646249771118164,8.208043098449707,24916000
2016-09-19,8.708749771118164,8.767499923706055,8.618749618530273,8.648750305175781,8.210417747497559,24170400
2016-09-20,8.727499961853027,8.742500305175781,8.646249771118164,8.651249885559082,8.212791442871094,22347200
2016-09-21,8.704999923706055,8.852499961853027,8.642499923706055,8.829999923706055,8.389875411987305,27960800
2016-09-22,8.930000305175781,8.973750114440918,8.9087495803833,8.946249961853027,8.500333786010742,23041600
2016-09-23,8.907500267028809,8.918749809265137,8.84000015258789,8.8462495803833,8.405315399169922,20584000
2016-09-26,8.771249771118164,8.786250114440918,8.686249732971191,8.704999923706055,8.271106719970703,18380000
2016-09-27,8.6899995803833,8.819999694824219,8.6537504196167,8.811249732971191,8.37205982208252,18377600
2016-09-28,8.833749771118164,8.912500381469727,8.741250038146973,8.898750305175781,8.4552001953125,15708000
2016-09-29,8.87874984741211,8.914999961853027,8.686249732971191,8.739999771118164,8.304360389709473,35818400
2016-09-30,8.811249732971191,8.93375015258789,8.793749809265137,8.87125015258789,8.429067611694336,20559200
2016-10-03,8.826250076293945,8.84375,8.765000343322754,8.819999694824219,8.380375862121582,16015200
2016-10-04,8.836250305175781,8.856249809265137,8.677499771118164,8.742500305175781,8.306736946105957,28216000
2016-10-05,8.793749809265137,8.850000381469727,8.787500381469727,8.8125,8.373248100280762,10866400
2016-10-06,8.7837495803833,8.842499732971191,8.737500190734863,8.827500343322754,8.387496948242188,17480000
2016-10-07,8.8462495803833,8.862500190734863,8.69124984741211,8.762499809265137,8.325738906860352,43132000
2016-10-10,8.850000381469727,8.895000457763672,8.837499618530273,8.850000381469727,8.408880233764648,10836800
2016-10-11,8.80875015258789,8.81624984741211,8.55875015258789,8.635000228881836,8.204593658447266,47496000
2016-10-12,8.641249656677246,8.698749542236328,8.59375,8.6537504196167,8.222407341003418,18868800
2016-10-13,8.526249885559082,8.640000343322754,8.447500228881836,8.59375,8.165399551391602,33629600
2016-10-14,8.6850004196167,8.728750228881836,8.5962495803833,8.602499961853027,8.173714637756348,27291200
2016-10-17,8.5962495803833,8.62125015258789,8.523750305175781,8.546250343322754,8.120268821716309,18282400
2016-10-18,8.68375015258789,8.693750381469727,8.611249923706055,8.642499923706055,8.211718559265137,17147200
2016-10-19,8.668749809265137,8.7212495803833,8.637499809265137,8.6850004196167,8.252103805541992,13704800
2016-10-20,8.657500267028809,8.712499618530273,8.59749984741211,8.65999984741211,8.228346824645996,22104000
2016-10-21,8.586250305175781,8.675000190734863,8.568750381469727,8.662500381469727,8.230724334716797,14867200
2016-10-24,8.74625015258789,8.773750305175781,8.706250190734863,8.733750343322754,8.298422813415527,10231200
2016-10-25,8.723750114440918,8.74625015258789,8.666250228881836,8.681249618530273,8.24853801727295,17746400
2016-10-26,8.602499961853027,8.701250076293945,8.581250190734863,8.643750190734863,8.212910652160645,16666400
2016-10-27,8.71500015258789,8.71500015258789,8.592499732971191,8.601249694824219,8.172528266906738,24264800
2016-10-28,8.59749984741211,8.65999984741211,8.482500076293945,8.547499656677246,8.121455192565918,41013600
2016-10-31,8.579999923706055,8.598750114440918,8.532500267028809,8.545000076293945,8.119081497192383,18393600
2016-11-01,8.578749656677246,8.581250190734863,8.311249732971191,8.427499771118164,8.007437705993652,43204800
2016-11-02,8.393750190734863,8.430000305175781,8.282500267028809,8.321249961853027,7.9064836502075195,30325600
2016-11-03,8.338749885559082,8.359999656677246,8.220000267028809,8.244999885559082,7.834033489227295,20912000
2016-11-04,8.2524995803833,8.332500457763672,8.21500015258789,8.22249984741211,7.812655925750732,22587200
2016-11-07,8.452500343322754,8.5912504196167,8.442500114440918,8.579999923706055,8.15233325958252,34184800
2016-11-08,8.550000190734863,8.717499732971191,8.524999618530273,8.657500267028809,8.225974082946777,28989600
2016-11-09,8.657500267028809,8.904999732971191,8.501250267028809,8.851249694824219,8.410066604614258,66555200
2016-11-10,8.925000190734863,9.006250381469727,8.7524995803833,8.890000343322754,8.44688606262207,63530400
2016-11-11,8.822500228881836,8.8725004196167,8.761249542236328,8.850000381469727,8.408880233764648,39172800
2016-11-14,8.901249885559082,8.918749809265137,8.792499542236328,8.864999771118164,8.42313289642334,28949600
2016-11-15,8.901249885559082,9.0,8.882499694824219,9.0,8.551401138305664,19215200
2016-11-16,8.942500114440918,8.988750457763672,8.931249618530273,8.96875,8.521709442138672,12002400
2016-11-17,8.981249809265137,9.063750267028809,8.973750114440918,9.061249732971191,8.609598159790039,21517600
2016-11-18,9.067500114440918,9.081250190734863,9.0,9.021249771118164,8.571593284606934,12876000
2016-11-21,9.072500228881836,9.154999732971191,9.05875015258789,9.148750305175781,8.692736625671387,17889600
2016-11-22,9.1875,9.206250190734863,9.117500305175781,9.188750267028809,8.730745315551758,15255200
2016-11-23,9.138750076293945,9.203749656677246,9.118749618530273,9.198749542236328,8.740242958068848,20726400
2016-11-25,9.233750343322754,9.267499923706055,9.223750114440918,9.266249656677246,8.804378509521484,6759200
2016-11-28,9.234999656677246,9.263750076293945,9.168749809265137,9.186249732971191,8.728367805480957,26615200
2016-11-29,9.182499885559082,9.257499694824219,9.151249885559082,9.2162504196167,8.756872177124023,18360800
2016-11-30,9.274999618530273,9.289999961853027,9.162500381469727,9.162500381469727,8.705803871154785,25120800
2016-12-01,9.196249961853027,9.196249961853027,9.06624984741211,9.09375,8.64047908782959,39560800
2016-12-02,9.107500076293945,9.154999732971191,9.073749542236328,9.108750343322754,8.654733657836914,17010400
2016-12-05,9.1875,9.251250267028809,9.171250343322754,9.2162504196167,8.756872177124023,18279200
2016-12-06,9.237500190734863,9.2787504196167,9.1899995803833,9.276249885559082,8.813882827758789,21093600
2016-12-07,9.257499694824219,9.524999618530273,9.248749732971191,9.512499809265137,9.038357734680176,32771200
2016-12-08,9.516249656677246,9.612500190734863,9.489999771118164,9.567500114440918,9.090615272521973,30206400
2016-12-09,9.585000038146973,9.680000305175781,9.583749771118164,9.676250457763672,9.193942070007324,18606400
2016-12-12,9.668749809265137,9.717499732971191,9.616250038146973,9.654999732971191,9.173750877380371,19416000
2016-12-13,9.7162504196167,9.833749771118164,9.7162504196167,9.78499984741211,9.297272682189941,25861600
2016-12-14,9.75374984741211,9.824999809265137,9.579999923706055,9.626250267028809,9.146437644958496,63384800
2016-12-15,9.646249771118164,9.786250114440918,9.633749961853027,9.696249961853027,9.212945938110352,24421600
2016-12-16,9.7475004196167,9.7524995803833,9.632499694824219,9.667499542236328,9.185628890991211,19365600
2016-12-19,9.68375015258789,9.7475004196167,9.666250228881836,9.698749542236328,9.215322494506836,17498400
2016-12-20,9.763750076293945,9.795000076293945,9.736249923706055,9.772500038146973,9.285398483276367,18470400
2016-12-21,9.756250381469727,9.771249771118164,9.713749885559082,9.717499732971191,9.24425220489502,18748000
2016-12-22,9.697500228881836,9.708749771118164,9.640000343322754,9.682499885559082,9.210958480834961,22940000
2016-12-23,9.681249618530273,9.706250190734863,9.663749694824219,9.706250190734863,9.233552932739258,8256800
2016-12-27,9.731249809265137,9.791250228881836,9.727499961853027,9.7524995803833,9.277549743652344,23036000
2016-12-28,9.774999618530273,9.774999618530273,9.581250190734863,9.59749984741211,9.130097389221191,25183200
2016-12-29,9.598750114440918,9.631250381469727,9.542499542236328,9.587499618530273,9.120584487915039,12317600
2016-12-30,9.619999885559082,9.623749732971191,9.447500228881836,9.517499923706055,9.053993225097656,19888000
2017-01-03,9.641249656677246,9.707500457763672,9.543749809265137,9.657500267028809,9.187175750732422,24531200
2017-01-04,9.69124984741211,9.786250114440918,9.688750267028809,9.771249771118164,9.295385360717773,19205600
2017-01-05,9.74625015258789,9.772500038146973,9.678750038146973,9.75374984741211,9.278736114501953,19476800
2017-01-06,9.767499923706055,9.869999885559082,9.713749885559082,9.824999809265137,9.34652042388916,22015200
2017-01-09,9.797499656677246,9.813750267028809,9.756250381469727,9.760000228881836,9.284685134887695,20226400
2017-01-10,9.761249542236328,9.84375,9.720000267028809,9.758749961853027,9.283492088317871,17085600
2017-01-11,9.7475004196167,9.8125,9.6850004196167,9.8125,9.334623336791992,25768000
2017-01-12,9.761249542236328,9.78125,9.6274995803833,9.767499923706055,9.291816711425781,37748000
2017-01-13,9.779999732971191,9.837499618530273,9.776249885559082,9.80875015258789,9.331059455871582,17244800
2017-01-17,9.742500305175781,9.7837495803833,9.698749542236328,9.738750457763672,9.2644681930542,22771200
2017-01-18,9.763750076293945,9.7837495803833,9.707500457763672,9.779999732971191,9.303707122802734,28008800
2017-01-19,9.787500381469727,9.803750038146973,9.664999961853027,9.712499618530273,9.239495277404785,13522400
2017-01-20,9.773750305175781,9.827500343322754,9.71875,9.770000457763672,9.294198036193848,45551200
2017-01-23,9.739999771118164,9.779999732971191,9.65250015258789,9.727499961853027,9.253767967224121,23843200
2017-01-24,9.74625015258789,9.891249656677246,9.736249923706055,9.842499732971191,9.363163948059082,21312800
2017-01-25,9.944999694824219,10.020000457763672,9.928750038146973,10.010000228881836,9.522509574890137,16119200
2017-01-26,10.005000114440918,10.03125,9.97249984741211,9.998749732971191,9.51180648803711,18152000
2017-01-27,10.005000114440918,10.020000457763672,9.947500228881836,9.97249984741211,9.486837387084961,25557600
2017-01-30,9.897500038146973,9.901249885559082,9.744999885559082,9.852499961853027,9.37267780303955,49948800
2017-01-31,9.791250228881836,9.84749984741211,9.736249923706055,9.84749984741211,9.36792278289795,32398400
2017-02-01,9.899999618530273,9.931249618530273,9.789999961853027,9.850000381469727,9.370301246643066,36632800
2017-02-02,9.8100004196167,9.887499809265137,9.7787504196167,9.854999542236328,9.375055313110352,20557600
2017-02-03,9.944999694824219,10.012499809265137,9.918749809265137,9.993749618530273,9.507048606872559,20160000
2017-02-06,9.952500343322754,9.992500305175781,9.925000190734863,9.958749771118164,9.473753929138184,31026400
2017-02-07,9.99625015258789,10.020000457763672,9.9399995803833,9.962499618530273,9.477322578430176,18602400
2017-02-08,9.928750038146973,9.994999885559082,9.9037504196167,9.988750457763672,9.50229263305664,17306400
2017-02-09,10.008749961853027,10.131250381469727,10.008749961853027,10.095000267028809,9.603370666503906,18193600
2017-02-10,10.138750076293945,10.202500343322754,10.1274995803833,10.173749923706055,9.678284645080566,14407200
2017-02-13,10.229999542236328,10.317500114440918,10.228750228881836,10.287500381469727,9.786490440368652,14909600
2017-02-14,10.270000457763672,10.375,10.237500190734863,10.375,9.869733810424805,21208000
2017-02-15,10.351249694824219,10.498749732971191,10.3462495803833,10.477499961853027,9.967240333557129,15846400
2017-02-16,10.482500076293945,10.5,10.386249542236328,10.46500015258789,9.955350875854492,23444000
2017-02-17,10.393750190734863,10.491250038146973,10.390000343322754,10.486249923706055,9.975566864013672,22647200
2017-02-21,10.53125,10.635000228881836,10.53125,10.612500190734863,10.095664978027344,15912000
2017-02-22,10.572500228881836,10.62125015258789,10.55875015258789,10.598750114440918,10.082586288452148,12481600
2017-02-23,10.65250015258789,10.6537504196167,10.5337495803833,10.617500305175781,10.100422859191895,18579200
2017-02-24,10.520000457763672,10.641249656677246,10.518750190734863,10.636249542236328,10.11825942993164,24274400
2017-02-27,10.631250381469727,10.688750267028809,10.602499961853027,10.675000190734863,10.155122756958008,21016800
2017-02-28,10.633749961853027,10.65625,10.573749542236328,10.618749618530273,10.101611137390137,28338400
2017-03-01,10.618749618530273,10.954999923706055,10.618749618530273,10.899999618530273,10.369166374206543,20655200
2017-03-02,10.888750076293945,10.888750076293945,10.766249656677246,10.7787504196167,10.25382137298584,19643200
2017-03-03,10.762499809265137,10.801250457763672,10.72249984741211,10.78499984741211,10.259765625,12942400
2017-03-06,10.698749542236328,10.75374984741211,10.654999732971191,10.71875,10.196739196777344,22536000
2017-03-07,10.686249732971191,10.723750114440918,10.632499694824219,10.65999984741211,10.140853881835938,31226400
2017-03-08,10.6850004196167,10.710000038146973,10.598750114440918,10.612500190734863,10.095664978027344,17860800
2017-03-09,10.6225004196167,10.672499656677246,10.538749694824219,10.640000343322754,10.121828079223633,16643200
2017-03-10,10.738750457763672,10.743749618530273,10.614999771118164,10.706250190734863,10.184847831726074,17269600
2017-03-13,10.706250190734863,10.726249694824219,10.672499656677246,10.72249984741211,10.200309753417969,10044800
2017-03-14,10.662500381469727,10.670000076293945,10.574999809265137,10.645000457763672,10.126583099365234,22681600
2017-03-15,10.699999809265137,10.867500305175781,10.675000190734863,10.819999694824219,10.293061256408691,20925600
2017-03-16,10.84000015258789,10.8462495803833,10.74625015258789,10.7837495803833,10.258576393127441,24390400
2017-03-17,10.8100004196167,10.824999809265137,10.742500305175781,10.742500305175781,10.21933364868164,8480000
2017-03-20,10.738750457763672,10.768750190734863,10.677499771118164,10.7162504196167,10.194365501403809,11483200
2017-03-21,10.779999732971191,10.792499542236328,10.428750038146973,10.44124984741211,9.932756423950195,43176000
2017-03-22,10.43375015258789,10.506250381469727,10.368749618530273,10.479999542236328,9.980252265930176,20970400
2017-03-23,10.457500457763672,10.571249961853027,10.416250228881836,10.454999923706055,9.95644474029541,18217600
2017-03-24,10.491250038146973,10.545000076293945,10.361249923706055,10.442500114440918,9.944540977478027,23172800
2017-03-27,10.265000343322754,10.443750381469727,10.239999771118164,10.414999961853027,9.918352127075195,20249600
2017-03-28,10.395000457763672,10.611249923706055,10.376250267028809,10.563750267028809,10.060009956359863,16336800
2017-03-29,10.53499984741211,10.609999656677246,10.513750076293945,10.59000015258789,10.085004806518555,9493600
2017-03-30,10.583749771118164,10.675000190734863,10.5625,10.647500038146973,10.13976764678955,13066400
2017-03-31,10.613750457763672,10.672499656677246,10.59749984741211,10.604999542236328,10.09929084777832,11507200
2017-04-03,10.609999656677246,10.62874984741211,10.438750267028809,10.56624984741211,10.062389373779297,19964000
2017-04-04,10.5337495803833,10.586250305175781,10.49625015258789,10.583749771118164,10.079056739807129,17192800
2017-04-05,10.645000457763672,10.748749732971191,10.494999885559082,10.516249656677246,10.01477336883545,33134400
2017-04-06,10.532500267028809,10.626250267028809,10.482500076293945,10.5649995803833,10.061200141906738,22043200
2017-04-07,10.545000076293945,10.62125015258789,10.5,10.546250343322754,10.043344497680664,15628000
2017-04-10,10.563750267028809,10.642499923706055,10.508749961853027,10.55875015258789,10.055249214172363,17591200
2017-04-11,10.521249771118164,10.545000076293945,10.382499694824219,10.53499984741211,10.032629013061523,24760800
2017-04-12,10.506250381469727,10.523750305175781,10.418749809265137,10.447500228881836,9.949304580688477,23537600
2017-04-13,10.40625,10.482500076293945,10.3100004196167,10.313750267028809,9.821932792663574,18564000
2017-04-17,10.358750343322754,10.488750457763672,10.337499618530273,10.488750457763672,9.988587379455566,19884800
2017-04-18,10.40999984741211,10.478750228881836,10.354999542236328,10.420000076293945,9.923113822937012,17679200
2017-04-19,10.481249809265137,10.518750190734863,10.362500190734863,10.385000228881836,9.889785766601562,16156800
2017-04-20,10.446249961853027,10.59749984741211,10.414999961853027,10.546250343322754,10.043344497680664,18147200
2017-04-21,10.543749809265137,10.547499656677246,10.443750381469727,10.487500190734863,9.987396240234375,17968000
2017-04-24,10.7162504196167,10.734999656677246,10.664999961853027,10.710000038146973,10.199288368225098,22608000
2017-04-25,10.779999732971191,10.875,10.771249771118164,10.832500457763672,10.315942764282227,19124000
2017-04-26,10.836250305175781,10.926250457763672,10.819999694824219,10.826250076293945,10.3099946975708,18158400
2017-04-27,10.858750343322754,10.8725004196167,10.78499984741211,10.84000015258789,10.323087692260742,12623200
2017-04-28,10.868749618530273,10.8725004196167,10.779999732971191,10.801250457763672,10.286182403564453,8603200
2017-05-01,10.84749984741211,10.891249656677246,10.805000305175781,10.8462495803833,10.329038619995117,14709600
2017-05-02,10.863750457763672,10.873749732971191,10.813750267028809,10.853750228881836,10.336180686950684,15128800
2017-05-03,10.8125,10.850000381469727,10.758749961853027,10.827500343322754,10.31118392944336,16698400
2017-05-04,10.856249809265137,10.867500305175781,10.763750076293945,10.848750114440918,10.33141803741455,16139200
2017-05-05,10.887499809265137,10.942500114440918,10.8462495803833,10.942500114440918,10.420700073242188,15602400
2017-05-08,10.942500114440918,10.956250190734863,10.890000343322754,10.9350004196167,10.413555145263672,8240800
2017-05-09,10.956250190734863,10.978750228881836,10.876250267028809,10.912500381469727,10.392127990722656,8151200
2017-05-10,10.90625,10.949999809265137,10.885000228881836,10.946249961853027,10.424270629882812,8929600
2017-05-11,10.898750305175781,10.920000076293945,10.788749694824219,10.904999732971191,10.384984970092773,13099200
2017-05-12,10.8774995803833,10.888750076293945,10.84000015258789,10.875,10.356420516967773,12172000
2017-05-15,10.9087495803833,10.9975004196167,10.9087495803833,10.977499961853027,10.454029083251953,9889600
2017-05-16,11.016249656677246,11.020000457763672,10.925000190734863,10.96500015258789,10.442127227783203,9390400
2017-05-17,10.7837495803833,10.831250190734863,10.567500114440918,10.579999923706055,10.075483322143555,30048000
2017-05-18,10.5649995803833,10.74625015258789,10.539999961853027,10.654999732971191,10.146907806396484,20983200
2017-05-19,10.710000038146973,10.864999771118164,10.704999923706055,10.796250343322754,10.281421661376953,17479200
2017-05-22,10.84375,10.921250343322754,10.84000015258789,10.90250015258789,10.382608413696289,9185600
2017-05-23,10.94124984741211,10.96875,10.904999732971191,10.949999809265137,10.427841186523438,10344000
2017-05-24,10.976249694824219,11.012499809265137,10.94124984741211,10.998749732971191,10.474265098571777,10317600
2017-05-25,11.053750038146973,11.135000228881836,11.037500381469727,11.09749984741211,10.568307876586914,12141600
2017-05-26,11.088749885559082,11.118749618530273,11.078749656677246,11.102499961853027,10.573067665100098,4684000
2017-05-30,11.063750267028809,11.107500076293945,11.050000190734863,11.081250190734863,10.552830696105957,5975200
2017-05-31,11.113750457763672,11.116250038146973,11.0,11.076250076293945,10.548072814941406,14460800
2017-06-01,11.12125015258789,11.2475004196167,11.09375,11.242500305175781,10.70639419555664,12827200
2017-06-02,11.256250381469727,11.34000015258789,11.223750114440918,11.31624984741211,10.77662181854248,10377600
2017-06-05,11.30875015258789,11.335000038146973,11.286250114440918,11.307499885559082,10.76829719543457,8260000
2017-06-06,11.244999885559082,11.302499771118164,11.225000381469727,11.241250038146973,10.705206871032715,9068000
2017-06-07,11.271249771118164,11.296250343322754,11.197500228881836,11.272500038146973,10.734962463378906,12890400
2017-06-08,11.282500267028809,11.335000038146973,11.229999542236328,11.286250114440918,10.748055458068848,12226400
2017-06-09,11.3125,11.396249771118164,11.113750457763672,11.25,10.713532447814941,20101600
2017-06-12,11.220000267028809,11.25,11.151249885559082,11.242500305175781,10.70639419555664,13027200
2017-06-13,11.300000190734863,11.359999656677246,11.263750076293945,11.348750114440918,10.807577133178711,9403200
2017-06-14,11.381250381469727,11.385000228881836,11.236249923706055,11.328749656677246,10.788529396057129,17894400
2017-06-15,11.180000305175781,11.291250228881836,11.148750305175781,11.279999732971191,10.742105484008789,11216800
2017-06-16,11.298749923706055,11.298749923706055,11.188750267028809,11.28125,10.743291854858398,10661600
2017-06-19,11.369999885559082,11.475000381469727,11.359999656677246,11.463749885559082,10.917093276977539,12536800
2017-06-20,11.427499771118164,11.431249618530273,11.3125,11.31624984741211,10.77662181854248,15948000
2017-06-21,11.336250305175781,11.356249809265137,11.2475004196167,11.295000076293945,10.766142845153809,12691200
2017-06-22,11.298749923706055,11.348750114440918,11.268750190734863,11.2837495803833,10.755417823791504,6785600
2017-06-23,11.296250343322754,11.34749984741211,11.2524995803833,11.3149995803833,10.785202980041504,8492800
2017-06-26,11.380000114440918,11.427499771118164,11.303750038146973,11.319999694824219,10.789972305297852,14647200
2017-06-27,11.301250457763672,11.333749771118164,11.142499923706055,11.146249771118164,10.62435531616211,21716800
2017-06-28,11.243749618530273,11.361249923706055,11.223750114440918,11.332500457763672,10.801886558532715,10946400
2017-06-29,11.354999542236328,11.361249923706055,11.012499809265137,11.146249771118164,10.62435531616211,27496000
2017-06-30,11.21875,11.265000343322754,11.162500381469727,11.181249618530273,10.657715797424316,14837600
2017-07-03,11.27750015258789,11.324999809265137,11.2212495803833,11.2212495803833,10.695842742919922,13294400
2017-07-05,11.25374984741211,11.287500381469727,11.170000076293945,11.262499809265137,10.735161781311035,11185600
2017-07-06,11.1850004196167,11.197500228881836,11.042499542236328,11.0649995803833,10.54690933227539,20985600
2017-07-07,11.117500305175781,11.21875,11.103750228881836,11.203749656677246,10.679161071777344,13846400
2017-07-10,11.188750267028809,11.265000343322754,11.173749923706055,11.227499961853027,10.701801300048828,6484800
2017-07-11,11.204999923706055,11.241250038146973,11.083749771118164,11.203749656677246,10.679161071777344,18106400
2017-07-12,11.3149995803833,11.393750190734863,11.3149995803833,11.375,10.84239387512207,9680000
2017-07-13,11.37874984741211,11.425000190734863,11.353750228881836,11.4087495803833,10.87456226348877,9188000
2017-07-14,11.413749694824219,11.557499885559082,11.40250015258789,11.511249542236328,10.972264289855957,8672800
2017-07-17,11.512499809265137,11.551250457763672,11.4975004196167,11.515000343322754,10.97584056854248,7088800
2017-07-18,11.475000381469727,11.53125,11.432499885559082,11.52750015258789,10.987754821777344,8509600
2017-07-19,11.5625,11.649999618530273,11.5600004196167,11.647500038146973,11.102133750915527,7612800
2017-07-20,11.680000305175781,11.688750267028809,11.602499961853027,11.6537504196167,11.108094215393066,13090400
2017-07-21,11.5962495803833,11.641249656677246,11.573749542236328,11.640000343322754,11.094985961914062,10214400
2017-07-24,11.630000114440918,11.645000457763672,11.579999923706055,11.62874984741211,11.084263801574707,7684800
2017-07-25,11.7162504196167,11.72249984741211,11.663749694824219,11.678750038146973,11.131926536560059,11392000
2017-07-26,11.713749885559082,11.720000267028809,11.6587495803833,11.6899995803833,11.142645835876465,5920000
2017-07-27,11.736249923706055,11.738750457763672,11.523750305175781,11.666250228881836,11.120010375976562,15969600
2017-07-28,11.609999656677246,11.647500038146973,11.5625,11.633749961853027,11.089030265808105,9634400
2017-07-31,11.677499771118164,11.6875,11.598750114440918,11.6225004196167,11.078309059143066,8838400
2017-08-01,11.68375015258789,11.688750267028809,11.625,11.666250228881836,11.120010375976562,7972800
2017-08-02,11.686249732971191,11.697500228881836,11.581250190734863,11.677499771118164,11.130732536315918,12100800
2017-08-03,11.667499542236328,11.668749809265137,11.607500076293945,11.641249656677246,11.09617805480957,6900800
2017-08-04,11.688750267028809,11.712499618530273,11.637499809265137,11.677499771118164,11.130732536315918,7317600
2017-08-07,11.682499885559082,11.720000267028809,11.672499656677246,11.7162504196167,11.167664527893066,6020800
2017-08-08,11.682499885559082,11.817500114440918,11.619999885559082,11.666250228881836,11.120010375976562,10094400
2017-08-09,11.581250190734863,11.663749694824219,11.546250343322754,11.65250015258789,11.106903076171875,10037600
2017-08-10,11.568750381469727,11.578749656677246,11.323749542236328,11.333749771118164,10.80307674407959,20883200
2017-08-11,11.350000381469727,11.422499656677246,11.326250076293945,11.356249809265137,10.824522018432617,14302400
2017-08-14,11.4975004196167,11.607500076293945,11.494999885559082,11.585000038146973,11.042563438415527,13010400
2017-08-15,11.625,11.625,11.547499656677246,11.582500457763672,11.040179252624512,9591200
2017-08-16,11.633749961853027,11.678750038146973,11.576250076293945,11.618749618530273,11.074731826782227,12680000
2017-08-17,11.555000305175781,11.587499618530273,11.258749961853027,11.258749961853027,10.731588363647461,21722400
2017-08-18,11.237500190734863,11.351249694824219,11.172499656677246,11.220000267028809,10.694650650024414,17008800
2017-08-21,11.208749771118164,11.263750076293945,11.138750076293945,11.238750457763672,10.712525367736816,10120800
2017-08-22,11.297499656677246,11.488750457763672,11.296250343322754,11.462499618530273,10.925797462463379,11576800
2017-08-23,11.367500305175781,11.431249618530273,11.350000381469727,11.388750076293945,10.855501174926758,7924800
2017-08-24,11.428750038146973,11.443750381469727,11.311249732971191,11.337499618530273,10.806649208068848,9068800
2017-08-25,11.420000076293945,11.482500076293945,11.37125015258789,11.386249542236328,10.853117942810059,10180800
2017-08-28,11.438750267028809,11.443750381469727,11.3412504196167,11.391249656677246,10.857881546020508,7667200
2017-08-29,11.24625015258789,11.4375,11.232500076293945,11.407500267028809,10.873373031616211,10064000
2017-08-30,11.40999984741211,11.546250343322754,11.388750076293945,11.517499923706055,10.97822380065918,9444800
2017-08-31,11.582500457763672,11.681249618530273,11.573749542236328,11.6587495803833,11.112858772277832,11116800
2017-09-01,11.696249961853027,11.733750343322754,11.672499656677246,11.694999694824219,11.147408485412598,10704000
2017-09-05,11.6274995803833,11.654999732971191,11.412500381469727,11.522500038146973,10.982991218566895,24272000
2017-09-06,11.59375,11.631250381469727,11.5337495803833,11.59749984741211,11.054475784301758,8597600
2017-09-07,11.6274995803833,11.6274995803833,11.546250343322754,11.595000267028809,11.052093505859375,9540800
2017-09-08,11.557499885559082,11.611249923706055,11.537500381469727,11.5625,11.021117210388184,8852800
2017-09-11,11.696249961853027,11.817500114440918,11.696249961853027,11.801250457763672,11.248686790466309,8216000
2017-09-12,11.848750114440918,11.888750076293945,11.826250076293945,11.886249542236328,11.32970905303955,20649600
2017-09-13,11.852499961853027,11.901249885559082,11.84375,11.899999618530273,11.342812538146973,6689600
2017-09-14,11.861249923706055,11.90999984741211,11.84375,11.891249656677246,11.334473609924316,5440000
2017-09-15,11.8725004196167,11.927499771118164,11.859999656677246,11.926250457763672,11.36783504486084,7332000
2017-09-18,11.960000038146973,12.007499694824219,11.928750038146973,11.97249984741211,11.411917686462402,7762400
2017-09-19,11.993749618530273,12.0024995803833,11.958749771118164,11.989999771118164,11.428601264953613,3612000
2017-09-20,12.0,12.012499809265137,11.892499923706055,12.0,11.438128471374512,10591200
2017-09-21,11.981249809265137,11.988750457763672,11.916250228881836,11.93375015258789,11.374983787536621,5051200
2017-09-22,11.899999618530273,11.956250190734863,11.898750305175781,11.938750267028809,11.379751205444336,4880800
2017-09-25,11.9087495803833,11.948749542236328,11.806249618530273,11.888750076293945,11.332087516784668,8308000
2017-09-26,11.932499885559082,11.958749771118164,11.876250267028809,11.901249885559082,11.344002723693848,8243200
2017-09-27,11.96875,12.023750305175781,11.87125015258789,11.982500076293945,11.432254791259766,11399200
2017-09-28,11.949999809265137,12.016249656677246,11.942500114440918,12.010000228881836,11.458494186401367,5428800
2017-09-29,12.005000114440918,12.100000381469727,11.987500190734863,12.092499732971191,11.53720474243164,8116800
2017-10-02,12.116250038146973,12.193750381469727,12.108750343322754,12.1899995803833,11.630228996276855,10728800
2017-10-03,12.210000038146973,12.25,12.1875,12.248749732971191,11.686279296875,5241600
2017-10-04,12.231249809265137,12.303750038146973,12.217499732971191,12.2787504196167,11.714902877807617,7459200
2017-10-05,12.3100004196167,12.421250343322754,12.300000190734863,12.416250228881836,11.846087455749512,7521600
2017-10-06,12.369999885559082,12.396249771118164,12.34000015258789,12.392499923706055,11.823431015014648,8575200
2017-10-09,12.413749694824219,12.421250343322754,12.319999694824219,12.351249694824219,11.784073829650879,4770400
2017-10-10,12.411250114440918,12.453749656677246,12.353750228881836,12.412500381469727,11.842513084411621,8184800
2017-10-11,12.401249885559082,12.451250076293945,12.383749961853027,12.447500228881836,11.875903129577637,5380800
2017-10-12,12.414999961853027,12.452500343322754,12.386249542236328,12.407500267028809,11.837739944458008,6861600
2017-10-13,12.461250305175781,12.473750114440918,12.423749923706055,12.4399995803833,11.868748664855957,4282400
2017-10-16,12.4662504196167,12.494999885559082,12.427499771118164,12.475000381469727,11.902142524719238,5058400
2017-10-17,12.46500015258789,12.493749618530273,12.443750381469727,12.492500305175781,11.91883659362793,4187200
2017-10-18,12.532500267028809,12.537500381469727,12.492500305175781,12.508749961853027,11.934344291687012,3808000
2017-10-19,12.418749809265137,12.520000457763672,12.3774995803833,12.515000343322754,11.940305709838867,7004800
2017-10-20,12.609999656677246,12.648750305175781,12.579999923706055,12.645000457763672,12.064334869384766,6864000
2017-10-23,12.680000305175781,12.682499885559082,12.538749694824219,12.547499656677246,11.971312522888184,6760000
2017-10-24,12.595000267028809,12.614999771118164,12.551250457763672,12.586250305175781,12.008282661437988,5832000
2017-10-25,12.552499771118164,12.563750267028809,12.337499618530273,12.463749885559082,11.891406059265137,12392000
2017-10-26,12.529999732971191,12.561249732971191,12.489999771118164,12.492500305175781,11.91883659362793,6454400
2017-10-27,12.577500343322754,12.713749885559082,12.547499656677246,12.692500114440918,12.109654426574707,10646400
2017-10-30,12.577500343322754,12.6850004196167,12.569999694824219,12.602499961853027,12.023787498474121,8707200
2017-10-31,12.645000457763672,12.670000076293945,12.607500076293945,12.640000343322754,12.059564590454102,6496000
2017-11-01,12.728750228881836,12.765000343322754,12.632499694824219,12.673749923706055,12.091761589050293,7982400
2017-11-02,12.663749694824219,12.697500228881836,12.548749923706055,12.681249618530273,12.098922729492188,8862400
2017-11-03,12.697500228881836,12.770000457763672,12.654999732971191,12.761249542236328,12.17524528503418,5732000
2017-11-06,12.744999885559082,12.81624984741211,12.742500305175781,12.795000076293945,12.207447052001953,5340800
2017-11-07,12.8125,12.852499961853027,12.727499961853027,12.791250228881836,12.203869819641113,8201600
2017-11-08,12.761249542236328,12.837499618530273,12.733750343322754,12.832500457763672,12.24322509765625,6416000
2017-11-09,12.6875,12.75374984741211,12.552499771118164,12.734999656677246,12.1502046585083,16762400
2017-11-10,12.6875,12.732500076293945,12.651249885559082,12.723750114440918,12.1394681930542,9957600
2017-11-13,12.646249771118164,12.771249771118164,12.641249656677246,12.744999885559082,12.15974235534668,6424000
2017-11-14,12.649999618530273,12.697500228881836,12.56624984741211,12.686249732971191,12.103692054748535,10588800
2017-11-15,12.579999923706055,12.633749961853027,12.479999542236328,12.557499885559082,11.980850219726562,11112000
2017-11-16,12.6587495803833,12.8100004196167,12.657500267028809,12.762499809265137,12.176441192626953,12188000
2017-11-17,12.726249694824219,12.75,12.68375015258789,12.692500114440918,12.109654426574707,7955200
2017-11-20,12.720000267028809,12.75374984741211,12.692500114440918,12.729999542236328,12.145429611206055,6656000
2017-11-21,12.819999694824219,12.918749809265137,12.8125,12.895000457763672,12.302855491638184,9820000
2017-11-22,12.897500038146973,12.911250114440918,12.856249809265137,12.876250267028809,12.284965515136719,5951200
2017-11-24,12.925000190734863,12.943750381469727,12.911250114440918,12.932499885559082,12.338630676269531,5050400
2017-11-27,12.9350004196167,12.970000267028809,12.895000457763672,12.922499656677246,12.32909107208252,6527200
2017-11-28,12.973750114440918,13.182499885559082,12.961250305175781,13.173749923706055,12.568803787231445,13350400
2017-11-29,13.196249961853027,13.256250381469727,13.112500190734863,13.164999961853027,12.560457229614258,11983200
2017-11-30,13.267499923706055,13.493749618530273,13.258749961853027,13.382499694824219,12.76796817779541,15046400
2017-12-01,13.369999885559082,13.421250343322754,12.961250305175781,13.329999923706055,12.717879295349121,22000000
2017-12-04,13.521249771118164,13.568750381469727,13.296250343322754,13.297499656677246,12.686871528625488,14411200
2017-12-05,13.329999923706055,13.399999618530273,13.188750267028809,13.206250190734863,12.599812507629395,15933600
2017-12-06,13.168749809265137,13.258749961853027,13.15625,13.207500457763672,12.601003646850586,8176800
2017-12-07,13.1899995803833,13.324999809265137,13.178750038146973,13.288749694824219,12.678521156311035,8138400
2017-12-08,13.383749961853027,13.4350004196167,13.354999542236328,13.430000305175781,12.813287734985352,6057600
2017-12-11,13.4375,13.520000457763672,13.431249618530273,13.515000343322754,12.894386291503906,8781600
2017-12-12,13.545000076293945,13.614999771118164,13.516249656677246,13.563750267028809,12.940896034240723,7275200
2017-12-13,13.587499618530273,13.640000343322754,13.550000190734863,13.553750038146973,12.931355476379395,11194400
2017-12-14,13.59375,13.601249694824219,13.436249732971191,13.443750381469727,12.826406478881836,10213600
2017-12-15,13.561249732971191,13.7162504196167,13.552499771118164,13.667499542236328,13.039878845214844,10019200
2017-12-18,13.823749542236328,13.876250267028809,13.8149995803833,13.833749771118164,13.19849681854248,9434400
2017-12-19,13.866250038146973,13.866250038146973,13.7212495803833,13.738750457763672,13.107858657836914,18046400
2017-12-20,13.8412504196167,13.848750114440918,13.682499885559082,13.717499732971191,13.087584495544434,18012000
2017-12-21,13.7787504196167,13.848750114440918,13.739999771118164,13.765000343322754,13.132905960083008,11016000
2017-12-22,13.766249656677246,13.770000457763672,13.697500228881836,13.758749961853027,13.126938819885254,10542400
2017-12-26,13.688750267028809,13.723750114440918,13.673749923706055,13.703749656677246,13.09361743927002,4550400
2017-12-27,13.717499732971191,13.758749961853027,13.686249732971191,13.720000267028809,13.109146118164062,4708800
2017-12-28,13.765000343322754,13.773750305175781,13.727499961853027,13.771249771118164,13.158112525939941,7778400
2017-12-29,13.831250190734863,13.832500457763672,13.641249656677246,13.678750038146973,13.069733619689941,11952000
2018-01-02,13.770000457763672,13.863750457763672,13.72249984741211,13.863750457763672,13.246493339538574,15379200
2018-01-03,13.883749961853027,14.050000190734863,13.87874984741211,14.029999732971191,13.405343055725098,8994400
2018-01-04,14.107500076293945,14.207500457763672,14.0962495803833,14.154999732971191,13.524776458740234,11100000
2018-01-05,14.244999885559082,14.350000381469727,14.18375015258789,14.332500457763672,13.694375991821289,10957600
2018-01-08,14.321249961853027,14.404999732971191,14.287500381469727,14.386249542236328,13.745731353759766,7715200
2018-01-09,14.436249732971191,14.524999618530273,14.404999732971191,14.451250076293945,13.807836532592773,10405600
2018-01-10,14.358750343322754,14.436249732971191,14.2787504196167,14.404999732971191,13.763646125793457,11608000
2018-01-11,14.46875,14.608750343322754,14.449999809265137,14.606249809265137,13.955939292907715,13354400
2018-01-12,14.645000457763672,14.821249961853027,14.62874984741211,14.800000190734863,14.141057968139648,12074400
2018-01-16,14.951250076293945,15.03125,14.613750457763672,14.697500228881836,14.043121337890625,19564000
2018-01-17,14.807499885559082,15.022500038146973,14.725000381469727,14.981249809265137,14.314242362976074,13421600
2018-01-18,14.958749771118164,15.012499809265137,14.866250038146973,14.928750038146973,14.264076232910156,11466400
2018-01-19,14.991250038146973,15.05875015258789,14.925000190734863,15.05875015258789,14.388289451599121,12498400
2018-01-22,15.023750305175781,15.302499771118164,15.023750305175781,15.300000190734863,14.618799209594727,12737600
2018-01-23,15.306249618530273,15.40250015258789,15.270000457763672,15.364999771118164,14.680903434753418,10464800
2018-01-24,15.446249961853027,15.517499923706055,15.208749771118164,15.356249809265137,14.672544479370117,14710400
2018-01-25,15.456250190734863,15.4662504196167,15.265000343322754,15.362500190734863,14.678516387939453,12304800
2018-01-26,15.463749885559082,15.71500015258789,15.432499885559082,15.713749885559082,15.014126777648926,10795200
2018-01-29,15.642499923706055,15.697500228881836,15.489999771118164,15.50374984741211,14.813478469848633,14835200
2018-01-30,15.271249771118164,15.353750228881836,15.1274995803833,15.176250457763672,14.500556945800781,19798400
2018-01-31,15.289999961853027,15.352499961853027,15.071249961853027,15.206250190734863,14.529221534729004,12788800
2018-02-01,15.100000381469727,15.324999809265137,15.068750381469727,15.166250228881836,14.491002082824707,11066400
2018-02-02,14.998749732971191,15.015000343322754,14.498749732971191,14.507499694824219,13.861580848693848,29116800
2018-02-05,14.276249885559082,14.539999961853027,13.21500015258789,13.328749656677246,12.73531436920166,59005600
2018-02-06,12.882499694824219,13.858750343322754,12.756250381469727,13.811249732971191,13.196332931518555,65334400
2018-02-07,13.732500076293945,14.140000343322754,13.651249885559082,13.651249885559082,13.04345703125,34136000
2018-02-08,13.6875,13.701250076293945,12.633749961853027,12.642499923706055,12.079619407653809,54952800
2018-02-09,12.956250190734863,13.211250305175781,12.168749809265137,13.026249885559082,12.446280479431152,72404800
2018-02-12,13.236249923706055,13.552499771118164,13.047499656677246,13.380000114440918,12.784283638000488,32959200
2018-02-13,13.248749732971191,13.516249656677246,13.1850004196167,13.456250190734863,12.857138633728027,18068000
2018-02-14,13.300000190734863,13.858750343322754,13.289999961853027,13.821249961853027,13.205885887145996,24564800
2018-02-15,14.012499809265137,14.167499542236328,13.731249809265137,14.163749694824219,13.533137321472168,20341600
2018-02-16,14.09375,14.404999732971191,14.09000015258789,14.172499656677246,13.541498184204102,23835200
2018-02-20,14.057499885559082,14.232500076293945,13.901249885559082,14.0024995803833,13.379064559936523,18263200
2018-02-21,14.041250228881836,14.331250190734863,13.8462495803833,13.84749984741211,13.23096752166748,20400000
2018-02-22,13.97249984741211,14.1587495803833,13.8125,13.87874984741211,13.260825157165527,19359200
2018-02-23,14.03499984741211,14.328749656677246,13.981249809265137,14.326250076293945,13.68840217590332,15329600
2018-02-26,14.453749656677246,14.673749923706055,14.390000343322754,14.661250114440918,14.008485794067383,16670400
2018-02-27,14.68375015258789,14.770000457763672,14.288749694824219,14.291250228881836,13.654961585998535,22444800
2018-02-28,14.426250457763672,14.476249694824219,13.967499732971191,13.978750228881836,13.356374740600586,20877600
2018-03-01,13.984999656677246,14.15625,13.381250381469727,13.600000381469727,12.994488716125488,42380000
2018-03-02,13.393750190734863,13.796250343322754,13.297499656677246,13.738750457763672,13.127058029174805,44201600
2018-03-05,13.592499732971191,14.118749618530273,13.582500457763672,14.051250457763672,13.425644874572754,26714400
2018-03-06,14.15625,14.171250343322754,13.942500114440918,14.12125015258789,13.492530822753906,20048800
2018-03-07,13.864999771118164,14.147500038146973,13.842499732971191,14.104999542236328,13.47700309753418,21141600
2018-03-08,14.1850004196167,14.25374984741211,14.068750381469727,14.237500190734863,13.603604316711426,20075200
2018-03-09,14.40625,14.732500076293945,14.368749618530273,14.726249694824219,14.070591926574707,19589600
2018-03-12,14.773750305175781,14.845000267028809,14.654999732971191,14.698749542236328,14.044317245483398,14744800
2018-03-13,14.8412504196167,14.895000457763672,14.4375,14.511249542236328,13.865165710449219,34554400
2018-03-14,14.6225004196167,14.641249656677246,14.292499542236328,14.357500076293945,13.718260765075684,34484800
2018-03-15,14.417499542236328,14.489999771118164,14.265000343322754,14.327500343322754,13.689598083496094,22004800
2018-03-16,14.376250267028809,14.473750114440918,14.34749984741211,14.353750228881836,13.714678764343262,18197600
2018-03-19,14.262499809265137,14.266249656677246,13.770000457763672,13.96875,13.346817970275879,35084800
2018-03-20,14.008749961853027,14.082500457763672,13.932499885559082,14.012499809265137,13.388620376586914,19548000
2018-03-21,13.986249923706055,14.22249984741211,13.90625,13.930000305175781,13.328819274902344,25728000
2018-03-22,13.671250343322754,13.765000343322754,13.204999923706055,13.238750457763672,12.667402267456055,35500000
2018-03-23,13.287500381469727,13.321249961853027,12.649999618530273,12.668749809265137,12.12199878692627,42747200
2018-03-26,13.077500343322754,13.390000343322754,12.803750038146973,13.368749618530273,12.791790962219238,39804000
2018-03-27,13.46500015258789,13.524999618530273,12.725000381469727,12.895000457763672,12.338486671447754,45618400
2018-03-28,12.911250114440918,13.09375,12.698749542236328,12.829999923706055,12.276290893554688,44767200
2018-03-29,12.949999809265137,13.352499961853027,12.866250038146973,13.1850004196167,12.615970611572266,21190400
2018-04-02,13.088749885559082,13.146249771118164,12.302499771118164,12.59000015258789,12.046650886535645,27272800
2018-04-03,12.7162504196167,12.952500343322754,12.518750190734863,12.90250015258789,12.345664978027344,23377600
2018-04-04,12.5,13.255000114440918,12.486249923706055,13.192500114440918,12.623148918151855,32685600
2018-04-05,13.375,13.478750228881836,13.24625015258789,13.382499694824219,12.804945945739746,18411200
2018-04-06,13.162500381469727,13.326250076293945,12.609999656677246,12.791250228881836,12.239213943481445,30396800
2018-04-09,12.956250190734863,13.28499984741211,12.862500190734863,12.896249771118164,12.339682579040527,21163200
2018-04-10,13.231249809265137,13.404999732971191,13.098750114440918,13.3125,12.737969398498535,21487200
2018-04-11,13.143750190734863,13.363750457763672,13.142499923706055,13.180000305175781,12.611185073852539,18068000
2018-04-12,13.323749542236328,13.4975004196167,13.303750038146973,13.383749961853027,12.806140899658203,17275200
2018-04-13,13.545000076293945,13.551250457763672,13.192500114440918,13.3125,12.737969398498535,19539200
2018-04-16,13.487500190734863,13.613750457763672,13.399999618530273,13.526249885559082,12.94249439239502,14555200
2018-04-17,13.732500076293945,13.882499694824219,13.672499656677246,13.811249732971191,13.215193748474121,15932800
2018-04-18,13.87125015258789,13.925000190734863,13.7837495803833,13.833749771118164,13.236722946166992,12022400
2018-04-19,13.74625015258789,13.776249885559082,13.557499885559082,13.672499656677246,13.082433700561523,20021600
2018-04-20,13.671250343322754,13.692500114440918,13.3412504196167,13.447500228881836,12.867141723632812,13934400
2018-04-23,13.512499809265137,13.571249961853027,13.31624984741211,13.438750267028809,12.858769416809082,13796800
2018-04-24,13.555000305175781,13.576250076293945,12.9037504196167,13.081250190734863,12.51669979095459,31982400
2018-04-25,13.061249732971191,13.1875,12.861249923706055,13.138750076293945,12.571717262268066,23195200
2018-04-26,13.25374984741211,13.493749618530273,13.201250076293945,13.398750305175781,12.820494651794434,17175200
2018-04-27,13.467499732971191,13.505000114440918,13.319999694824219,13.428750038146973,12.849198341369629,14940800
2018-04-30,13.49625015258789,13.556249618530273,13.210000038146973,13.211250305175781,12.641088485717773,20148000
2018-05-01,13.162500381469727,13.274999618530273,12.982500076293945,13.268750190734863,12.696106910705566,18676000
2018-05-02,13.227499961853027,13.332500457763672,13.038749694824219,13.083749771118164,12.51909065246582,15929600
2018-05-03,12.986249923706055,13.095000267028809,12.668749809265137,13.023750305175781,12.461679458618164,30462400
2018-05-04,12.913749694824219,13.436249732971191,12.881250381469727,13.359999656677246,12.783418655395508,17428000
2018-05-07,13.444999694824219,13.557499885559082,13.368749618530273,13.438750267028809,12.858769416809082,16083200
2018-05-08,13.399999618530273,13.486249923706055,13.270000457763672,13.442500114440918,12.86235523223877,18550400
2018-05-09,13.522500038146973,13.741250038146973,13.46500015258789,13.707500457763672,13.115921974182129,15869600
2018-05-10,13.792499542236328,13.994999885559082,13.77750015258789,13.957500457763672,13.355134010314941,11142400
2018-05-11,13.973750114440918,14.074999809265137,13.918749809265137,14.015000343322754,13.410150527954102,8717600
2018-05-14,14.09375,14.164999961853027,13.994999885559082,14.047499656677246,13.441247940063477,9128000
2018-05-15,13.911250114440918,13.913749694824219,13.75374984741211,13.854999542236328,13.257057189941406,23487200
2018-05-16,13.858750343322754,14.0287504196167,13.858750343322754,13.976249694824219,13.373071670532227,12227200
2018-05-17,13.9375,14.073749542236328,13.859999656677246,13.951250076293945,13.349152565002441,9861600
2018-05-18,13.9087495803833,13.949999809265137,13.837499618530273,13.883749961853027,13.284565925598145,15313600
2018-05-21,14.046250343322754,14.148750305175781,14.008749961853027,14.082500457763672,13.474740028381348,12397600
2018-05-22,14.145000457763672,14.176250457763672,13.970000267028809,14.0024995803833,13.398188591003418,14471200
2018-05-23,13.857500076293945,14.085000038146973,13.84000015258789,14.083749771118164,13.475934028625488,14796800
2018-05-24,14.029999732971191,14.0625,13.813750267028809,14.026249885559082,13.420913696289062,12769600
2018-05-25,13.958749771118164,14.023750305175781,13.893750190734863,13.953749656677246,13.351542472839355,15753600
2018-05-29,13.755000114440918,13.8462495803833,13.498749732971191,13.643750190734863,13.054924011230469,35442400
2018-05-30,13.78499984741211,14.042499542236328,13.771249771118164,13.988750457763672,13.385032653808594,10105600
2018-05-31,13.94124984741211,13.97249984741211,13.74625015258789,13.793749809265137,13.198450088500977,27311200
2018-06-01,13.9662504196167,14.125,13.960000038146973,14.083749771118164,13.475934028625488,13561600
2018-06-04,14.180000305175781,14.2475004196167,14.151249885559082,14.220000267028809,13.606305122375488,13183200
2018-06-05,14.228750228881836,14.28125,14.142499923706055,14.255000114440918,13.639792442321777,12352800
2018-06-06,14.305000305175781,14.487500190734863,14.234999656677246,14.484999656677246,13.85986614227295,10137600
2018-06-07,14.52750015258789,14.563750267028809,14.363750457763672,14.467499732971191,13.843123435974121,14388000
2018-06-08,14.411250114440918,14.5600004196167,14.395000457763672,14.555000305175781,13.926846504211426,6480000
2018-06-11,14.571249961853027,14.677499771118164,14.563750267028809,14.59000015258789,13.96033763885498,7740800
2018-06-12,14.642499923706055,14.668749809265137,14.550000190734863,14.636249542236328,14.004587173461914,8945600
2018-06-13,14.6537504196167,14.68375015258789,14.508749961853027,14.521249771118164,13.894552230834961,13329600
2018-06-14,14.62874984741211,14.666250228881836,14.53125,14.604999542236328,13.974684715270996,12973600
2018-06-15,14.511249542236328,14.600000381469727,14.376250267028809,14.5649995803833,13.936413764953613,10596800
2018-06-18,14.387499809265137,14.517499923706055,14.329999923706055,14.50374984741211,13.87780475616455,13019200
2018-06-19,14.233750343322754,14.414999961853027,14.180000305175781,14.391249656677246,13.770161628723145,15316000
2018-06-20,14.448749542236328,14.489999771118164,14.373749732971191,14.416250228881836,13.816765785217285,9612800
2018-06-21,14.404999732971191,14.40625,14.168749809265137,14.229999542236328,13.638258934020996,18368000
2018-06-22,14.3774995803833,14.386249542236328,14.2524995803833,14.274999618530273,13.681387901306152,10988000
2018-06-25,14.138750076293945,14.157500267028809,13.69124984741211,13.887499809265137,13.310004234313965,42752000
2018-06-26,13.948749542236328,14.045000076293945,13.866250038146973,13.943750381469727,13.363913536071777,12317600
2018-06-27,14.012499809265137,14.180000305175781,13.701250076293945,13.708749771118164,13.138686180114746,21559200
2018-06-28,13.701250076293945,13.956250190734863,13.62125015258789,13.87125015258789,13.294426918029785,32663200
2018-06-29,13.993749618530273,14.149999618530273,13.897500038146973,13.911250114440918,13.33276653289795,15677600
2018-07-02,13.725000381469727,13.986249923706055,13.696249961853027,13.976249694824219,13.395062446594238,19010400
2018-07-03,14.067500114440918,14.076250076293945,13.81624984741211,13.857500076293945,13.28125,11128800
2018-07-05,13.988750457763672,14.09375,13.867500305175781,14.087499618530273,13.50168514251709,18143200
2018-07-06,14.09000015258789,14.366250038146973,14.045000076293945,14.311249732971191,13.716132164001465,12553600
2018-07-09,14.44124984741211,14.582500457763672,14.4375,14.576250076293945,13.970114707946777,8697600
2018-07-10,14.635000228881836,14.694999694824219,14.59749984741211,14.671250343322754,14.061161994934082,9173600
2018-07-11,14.5,14.588749885559082,14.432499885559082,14.46875,13.867081642150879,18662400
2018-07-12,14.612500190734863,14.731249809265137,14.542499542236328,14.720000267028809,14.107885360717773,10757600
2018-07-13,14.710000038146973,14.78499984741211,14.651249885559082,14.742500305175781,14.129449844360352,6771200
2018-07-16,14.7524995803833,14.767499923706055,14.668749809265137,14.71500015258789,14.1030912399292,8293600
2018-07-17,14.62874984741211,14.888750076293945,14.6225004196167,14.845000267028809,14.227686882019043,8863200
2018-07-18,14.845000267028809,14.911250114440918,14.797499656677246,14.899999618530273,14.280399322509766,6092000
2018-07-19,14.819999694824219,14.857500076293945,14.726249694824219,14.788749694824219,14.173776626586914,7015200
2018-07-20,14.761249542236328,14.829999923706055,14.728750228881836,14.7524995803833,14.139033317565918,8986400
2018-07-23,14.71875,14.824999809265137,14.681249618530273,14.805000305175781,14.189351081848145,4024000
2018-07-24,14.962499618530273,15.048749923706055,14.8462495803833,14.942500114440918,14.32113265991211,11740800
2018-07-25,14.920000076293945,15.239999771118164,14.912500381469727,15.21500015258789,14.582301139831543,14030400
2018-07-26,15.107500076293945,15.210000038146973,15.101249694824219,15.1225004196167,14.493647575378418,5773600
2018-07-27,15.167499542236328,15.173749923706055,14.80875015258789,14.921250343322754,14.300765991210938,18111200
2018-07-30,14.928750038146973,14.944999694824219,14.697500228881836,14.75374984741211,14.140231132507324,19594400
2018-07-31,14.859999656677246,14.978750228881836,14.807499885559082,14.897500038146973,14.278003692626953,9374400
2018-08-01,14.920000076293945,14.988750457763672,14.7787504196167,14.861249923706055,14.24326229095459,9717600
2018-08-02,14.706250190734863,15.0337495803833,14.673749923706055,15.001250267028809,14.37744140625,7692000
2018-08-03,15.0287504196167,15.146249771118164,15.010000228881836,15.146249771118164,14.516408920288086,7999200
2018-08-06,15.141249656677246,15.287500381469727,15.09749984741211,15.255000114440918,14.620637893676758,9107200
2018-08-07,15.329999923706055,15.397500038146973,15.313750267028809,15.34375,14.705696105957031,10809600
2018-08-08,15.327500343322754,15.382499694824219,15.279999732971191,15.329999923706055,14.692517280578613,8177600
2018-08-09,15.337499618530273,15.387499809265137,15.272500038146973,15.288749694824219,14.652981758117676,5538400
2018-08-10,15.104999542236328,15.176250457763672,14.99625015258789,15.076250076293945,14.449319839477539,15300800
2018-08-13,15.113750457763672,15.1875,14.932499885559082,14.958749771118164,14.336705207824707,11723200
2018-08-14,15.056249618530273,15.182499885559082,15.005000114440918,15.154999732971191,14.524792671203613,7207200
2018-08-15,14.991250038146973,15.005000114440918,14.75374984741211,14.926250457763672,14.305557250976562,16075200
2018-08-16,15.09749984741211,15.272500038146973,15.09749984741211,15.170000076293945,14.53917121887207,11795200
2018-08-17,15.132499694824219,15.324999809265137,15.092499732971191,15.262499809265137,14.627823829650879,10018400
2018-08-20,15.335000038146973,15.369999885559082,15.270000457763672,15.336250305175781,14.698509216308594,8046400
2018-08-21,15.399999618530273,15.510000228881836,15.383749961853027,15.397500038146973,14.757209777832031,6628000
2018-08-22,15.354999542236328,15.449999809265137,15.323749542236328,15.386249542236328,14.746427536010742,5658400
2018-08-23,15.361249923706055,15.4662504196167,15.303750038146973,15.338749885559082,14.700904846191406,6684000
2018-08-24,15.407500267028809,15.541250228881836,15.404999732971191,15.522500038146973,14.877015113830566,10738400
2018-08-27,15.662500381469727,15.779999732971191,15.648750305175781,15.761249542236328,15.105834007263184,12343200
2018-08-28,15.824999809265137,15.835000038146973,15.726249694824219,15.779999732971191,15.123805046081543,4047200
2018-08-29,15.80875015258789,15.978750228881836,15.7787504196167,15.952500343322754,15.28913402557373,6338400
2018-08-30,15.883749961853027,15.932499885559082,15.743749618530273,15.8125,15.154952049255371,9800000
2018-08-31,15.762499809265137,15.869999885559082,15.706250190734863,15.813750267028809,15.15615463256836,6286400
2018-09-04,15.765000343322754,15.801250457763672,15.635000228881836,15.767499923706055,15.11182689666748,8345600
2018-09-05,15.712499618530273,15.737500190734863,15.548749923706055,15.667499542236328,15.015983581542969,15202400
2018-09-06,15.682499885559082,15.717499732971191,15.447500228881836,15.578749656677246,14.930925369262695,12907200
2018-09-07,15.443750381469727,15.630000114440918,15.420000076293945,15.510000228881836,14.865033149719238,10264800
2018-09-10,15.632499694824219,15.663749694824219,15.539999961853027,15.5625,14.915350914001465,5683200
2018-09-11,15.487500190734863,15.71875,15.442500114440918,15.675000190734863,15.023172378540039,10818400
2018-09-12,15.668749809265137,15.741250038146973,15.574999809265137,15.680000305175781,15.027965545654297,10714400
2018-09-13,15.795000076293945,15.876250267028809,15.766249656677246,15.851249694824219,15.19209098815918,8346400
2018-09-14,15.87874984741211,15.898750305175781,15.761249542236328,15.859999656677246,15.200478553771973,9532800
2018-09-17,15.854999542236328,15.854999542236328,15.65250015258789,15.6875,15.035152435302734,6483200
2018-09-18,15.707500457763672,15.928750038146973,15.707500457763672,15.856249809265137,15.196884155273438,11951200
2018-09-19,15.856249809265137,15.9399995803833,15.8462495803833,15.888750076293945,15.228034019470215,7698400
2018-09-20,16.0362491607666,16.181249618530273,16.024999618530273,16.136249542236328,15.465243339538574,13409600
2018-09-21,16.237499237060547,16.247499465942383,16.092500686645508,16.116249084472656,15.44607162475586,6392800
2018-09-24,16.040000915527344,16.05500030517578,15.930000305175781,16.010000228881836,15.34424114227295,8314400
2018-09-25,16.05875015258789,16.068750381469727,15.943750381469727,15.9712495803833,15.307104110717773,6454400
2018-09-26,15.973750114440918,16.11750030517578,15.806249618530273,15.856249809265137,15.211169242858887,8153600
2018-09-27,15.916250228881836,16.075000762939453,15.880000114440918,15.944999694824219,15.296311378479004,4924000
2018-09-28,15.868749618530273,16.0049991607666,15.862500190734863,15.9399995803833,15.291515350341797,6521600
2018-10-01,16.09749984741211,16.186250686645508,15.973750114440918,16.051250457763672,15.398238182067871,11517600
2018-10-02,16.028749465942383,16.123750686645508,15.989999771118164,16.033750534057617,15.381448745727539,6467200
2018-10-03,16.158750534057617,16.217500686645508,16.010000228881836,16.0575008392334,15.40423583984375,11238400
2018-10-04,15.983750343322754,15.993749618530273,15.600000381469727,15.803750038146973,15.160809516906738,23792800
2018-10-05,15.817500114440918,15.883749961853027,15.436249732971191,15.62874984741211,14.992928504943848,23050400
2018-10-08,15.52750015258789,15.65625,15.362500190734863,15.607500076293945,14.972540855407715,15156000
2018-10-09,15.55875015258789,15.725000381469727,15.5,15.571249961853027,14.937767028808594,14552000
2018-10-10,15.5024995803833,15.506250381469727,14.536250114440918,14.571249961853027,13.978447914123535,26454400
2018-10-11,14.451250076293945,14.636249542236328,13.743749618530273,13.932499885559082,13.365684509277344,52879200
2018-10-12,14.423749923706055,14.43375015258789,13.951250076293945,14.324999809265137,13.742215156555176,31114400
2018-10-15,14.270000457763672,14.422499656677246,14.141249656677246,14.167499542236328,13.591124534606934,22721600
2018-10-16,14.3774995803833,14.819999694824219,14.329999923706055,14.773750305175781,14.172712326049805,15355200
2018-10-17,14.772500038146973,14.848750114440918,14.47249984741211,14.773750305175781,14.172712326049805,28916000
2018-10-18,14.663749694824219,14.733750343322754,14.193750381469727,14.353750228881836,13.769796371459961,25052800
2018-10-19,14.426250457763672,14.643750190734863,14.231249809265137,14.326250076293945,13.743415832519531,16844000
2018-10-22,14.4037504196167,14.442500114440918,14.135000228881836,14.197500228881836,13.619903564453125,22492800
2018-10-23,13.767499923706055,14.177499771118164,13.536250114440918,14.047499656677246,13.476005554199219,36132800
2018-10-24,14.02750015258789,14.06624984741211,13.135000228881836,13.201250076293945,12.6641845703125,27758400
2018-10-25,13.395000457763672,13.84000015258789,13.286250114440918,13.668749809265137,13.112666130065918,23336000
2018-10-26,13.242500305175781,13.53499984741211,12.881250381469727,13.18375015258789,12.6473970413208,44816800
2018-10-29,13.532500267028809,13.668749809265137,12.641249656677246,13.037500381469727,12.507096290588379,34712800
2018-10-30,13.018750190734863,13.454999923706055,12.970000267028809,13.418749809265137,12.872836112976074,19484000
2018-10-31,13.711250305175781,13.963749885559082,13.6587495803833,13.706250190734863,13.148639678955078,20225600
2018-11-01,13.805000305175781,14.015000343322754,13.678750038146973,13.981249809265137,13.41245174407959,12924000
2018-11-02,14.125,14.163749694824219,13.5912504196167,13.828749656677246,13.266157150268555,26580000
2018-11-05,13.8774995803833,14.037500381469727,13.772500038146973,13.975000381469727,13.40645694732666,10698400
2018-11-06,13.96875,14.167499542236328,13.96500015258789,14.148750305175781,13.573137283325195,9796800
2018-11-07,14.396249771118164,14.766249656677246,14.353750228881836,14.74625015258789,14.14632797241211,17100000
2018-11-08,14.664999961853027,14.772500038146973,14.56624984741211,14.692500114440918,14.094764709472656,14064000
2018-11-09,14.543749809265137,14.55875015258789,14.244999885559082,14.423749923706055,13.836949348449707,14184800
2018-11-12,14.345000267028809,14.375,13.811249732971191,13.858750343322754,13.294934272766113,19968800
2018-11-13,13.917499542236328,14.145000457763672,13.731249809265137,13.8149995803833,13.252962112426758,13830400
2018-11-14,14.023750305175781,14.067500114440918,13.446249961853027,13.613750457763672,13.059903144836426,23010400
2018-11-15,13.477499961853027,13.956250190734863,13.300000190734863,13.899999618530273,13.33450698852539,23942400
2018-11-16,13.7787504196167,14.074999809265137,13.723750114440918,13.97249984741211,13.404057502746582,16845600
2018-11-19,13.907500267028809,13.932499885559082,13.399999618530273,13.5,12.950778007507324,14618400
2018-11-20,13.1225004196167,13.28499984741211,12.893750190734863,13.001250267028809,12.472320556640625,32700000
2018-11-21,13.162500381469727,13.288749694824219,13.082500457763672,13.082500457763672,12.55026912689209,11981600
2018-11-23,12.897500038146973,13.057499885559082,12.887499809265137,12.920000076293945,12.394376754760742,6330400
2018-11-26,13.154999732971191,13.323749542236328,13.109999656677246,13.317500114440918,12.77570629119873,15980000
2018-11-27,13.206250190734863,13.404999732971191,13.145000457763672,13.404999732971191,12.859643936157227,13045600
2018-11-28,13.52750015258789,14.024999618530273,13.423749923706055,14.008749961853027,13.438833236694336,21144800
2018-11-29,13.936249732971191,14.125,13.80875015258789,13.962499618530273,13.394463539123535,24102400
2018-11-30,13.942500114440918,14.198749542236328,13.914999961853027,14.137499809265137,13.562344551086426,14088800
2018-12-03,14.613750457763672,14.619999885559082,14.321249961853027,14.4975004196167,13.907700538635254,22461600
2018-12-04,14.407500267028809,14.453749656677246,13.523750305175781,13.576250076293945,13.023927688598633,34371200
2018-12-06,13.12125015258789,13.53499984741211,12.770000457763672,13.53499984741211,12.984354019165039,45036800
2018-12-07,13.470000267028809,13.649999618530273,12.791250228881836,12.888750076293945,12.364397048950195,31880800
2018-12-10,12.861249923706055,13.032500267028809,12.398750305175781,12.922499656677246,12.396774291992188,31996000
2018-12-11,13.279999732971191,13.297499656677246,12.774999618530273,12.93375015258789,12.407565116882324,26009600
2018-12-12,13.266249656677246,13.40625,13.061249732971191,13.06624984741211,12.534674644470215,24937600
2018-12-13,13.162500381469727,13.258749961853027,12.93375015258789,13.056249618530273,12.525079727172852,24120000
2018-12-14,12.807499885559082,12.914999961853027,12.50374984741211,12.563750267028809,12.052621841430664,24893600
2018-12-17,12.460000038146973,12.579999923706055,11.897500038146973,12.057499885559082,11.56696605682373,30257600
2018-12-18,12.241250038146973,12.311249732971191,11.8774995803833,12.042499542236328,11.55257511138916,20262400
2018-12-19,12.051250457763672,12.4350004196167,11.493749618530273,11.676250457763672,11.201225280761719,37709600
2018-12-20,11.545000076293945,11.703749656677246,11.057499885559082,11.302499771118164,10.842681884765625,43688800
2018-12-21,11.3725004196167,11.651249885559082,10.763750076293945,10.823749542236328,10.383405685424805,43680000
2018-12-24,10.673749923706055,10.779999732971191,10.226249694824219,10.226249694824219,9.810215950012207,27532800
2018-12-26,10.367500305175781,11.242500305175781,10.173749923706055,11.228750228881836,10.802035331726074,31381600
2018-12-27,10.928750038146973,11.449999809265137,10.592499732971191,11.449999809265137,11.014878273010254,29025600
2018-12-28,11.5625,11.725000381469727,11.274999618530273,11.393750190734863,10.96076488494873,30678400
2018-12-31,11.553750038146973,11.607500076293945,11.3725004196167,11.602499961853027,11.161582946777344,24488800
2019-01-02,11.236249923706055,11.708749771118164,11.2212495803833,11.616250038146973,11.174808502197266,28129600
2019-01-03,11.432499885559082,11.453749656677246,11.00374984741211,11.042499542236328,10.6228609085083,37719200
2019-01-04,11.361249923706055,11.856249809265137,11.321249961853027,11.803750038146973,11.355181694030762,28156800
2019-01-07,11.821249961853027,12.126250267028809,11.726249694824219,11.975000381469727,11.519927024841309,20404800
2019-01-08,12.207500457763672,12.25374984741211,11.947500228881836,12.194999694824219,11.7315673828125,24505600
2019-01-09,12.274999618530273,12.40625,12.148750305175781,12.307499885559082,11.839789390563965,17686400
2019-01-10,12.15250015258789,12.422499656677246,12.077500343322754,12.40250015258789,11.93117904663086,21517600
2019-01-11,12.28499984741211,12.404999732971191,12.2212495803833,12.397500038146973,11.926371574401855,12399200
2019-01-14,12.201250076293945,12.336250305175781,12.161250114440918,12.258749961853027,11.792893409729004,10645600
2019-01-15,12.296250343322754,12.56624984741211,12.296250343322754,12.538749694824219,12.062253952026367,20006400
2019-01-16,12.578749656677246,12.6875,12.556249618530273,12.587499618530273,12.109148979187012,10234400
2019-01-17,12.49625015258789,12.8725004196167,12.491250038146973,12.772500038146973,12.28712272644043,11667200
2019-01-18,12.976249694824219,13.166250228881836,12.891249656677246,13.109999656677246,12.611794471740723,17273600
2019-01-22,12.952500343322754,12.975000381469727,12.587499618530273,12.770000457763672,12.284716606140137,22629600
2019-01-23,12.873749732971191,12.946249961853027,12.550000190734863,12.803750038146973,12.317183494567871,14889600
2019-01-24,12.792499542236328,12.885000228881836,12.680000305175781,12.824999809265137,12.337625503540039,11960800
2019-01-25,13.020000457763672,13.126250267028809,12.976249694824219,13.036250114440918,12.540846824645996,11018400
2019-01-28,12.806249618530273,12.848750114440918,12.647500038146973,12.848750114440918,12.360472679138184,10587200
2019-01-29,12.854999542236328,12.912500381469727,12.712499618530273,12.802499771118164,12.3159818649292,7749600
2019-01-30,12.96875,13.297499656677246,12.886249542236328,13.206250190734863,12.704384803771973,15488000
2019-01-31,13.201250076293945,13.482500076293945,13.177499771118164,13.427499771118164,12.917226791381836,15589600
2019-02-01,13.456250190734863,13.5649995803833,13.366250038146973,13.454999923706055,12.943683624267578,12276000
2019-02-04,13.451250076293945,13.643750190734863,13.37874984741211,13.643750190734863,13.125263214111328,7891200
2019-02-05,13.6875,13.78125,13.626250267028809,13.75374984741211,13.231081008911133,9606400
2019-02-06,13.71500015258789,13.765000343322754,13.62874984741211,13.707500457763672,13.186589241027832,6291200
2019-02-07,13.526249885559082,13.583749771118164,13.260000228881836,13.448749542236328,12.937671661376953,18327200
2019-02-08,13.302499771118164,13.484999656677246,13.2162504196167,13.476249694824219,12.964127540588379,13964000
2019-02-11,13.550000190734863,13.576250076293945,13.431249618530273,13.491250038146973,12.978556632995605,9456800
2019-02-12,13.667499542236328,13.87874984741211,13.657500267028809,13.842499732971191,13.316458702087402,9073600
2019-02-13,13.93375015258789,14.017499923706055,13.883749961853027,13.922499656677246,13.39341926574707,14171200
2019-02-14,13.795000076293945,13.983750343322754,13.703749656677246,13.854999542236328,13.328482627868652,15445600
2019-02-15,14.05875015258789,14.162500381469727,14.0337495803833,14.157500267028809,13.619488716125488,12152800
2019-02-19,14.0649995803833,14.28125,14.0625,14.210000038146973,13.669991493225098,8236800
2019-02-20,14.204999923706055,14.311249732971191,14.142499923706055,14.261249542236328,13.7192964553833,10860800
2019-02-21,14.188750267028809,14.223750114440918,14.046250343322754,14.157500267028809,13.619488716125488,11104000
2019-02-22,14.228750228881836,14.351249694824219,14.194999694824219,14.329999923706055,13.785431861877441,10725600
2019-02-25,14.491250038146973,14.551250457763672,14.358750343322754,14.380000114440918,13.83353042602539,15235200
2019-02-26,14.321249961853027,14.444999694824219,14.306249618530273,14.34375,13.798661231994629,8008800
2019-02-27,14.261249542236328,14.364999771118164,14.1537504196167,14.333749771118164,13.789040565490723,9504000
2019-02-28,14.297499656677246,14.351249694824219,14.237500190734863,14.261249542236328,13.7192964553833,6207200
2019-03-01,14.454999923706055,14.4975004196167,14.287500381469727,14.463749885559082,13.914098739624023,11697600
2019-03-04,14.571249961853027,14.59375,14.079999923706055,14.345000267028809,13.7998628616333,22920800
2019-03-05,14.354999542236328,14.376250267028809,14.237500190734863,14.303750038146973,13.760178565979004,6935200
2019-03-06,14.3100004196167,14.3100004196167,14.0912504196167,14.12125015258789,13.584616661071777,14912800
2019-03-07,14.071249961853027,14.082500457763672,13.792499542236328,13.888750076293945,13.360950469970703,21213600
2019-03-08,13.675000190734863,13.84375,13.619999885559082,13.831250190734863,13.305634498596191,16125600
2019-03-11,13.907500267028809,14.24625015258789,13.907500267028809,14.238750457763672,13.697649955749512,7689600
2019-03-12,14.288749694824219,14.391249656677246,14.272500038146973,14.328749656677246,13.784229278564453,8247200
2019-03-13,14.438750267028809,14.62874984741211,14.417499542236328,14.524999618530273,13.973021507263184,10539200
2019-03-14,14.522500038146973,14.569999694824219,14.449999809265137,14.505000114440918,13.95378303527832,8000800
2019-03-15,14.557499885559082,14.731249809265137,14.542499542236328,14.645000457763672,14.088461875915527,11382400
2019-03-18,14.663749694824219,14.78125,14.638750076293945,14.755000114440918,14.194282531738281,10544000
2019-03-19,14.868749618530273,14.956250190734863,14.649999618530273,14.758749961853027,14.19788932800293,10365600
2019-03-20,14.696249961853027,14.836250305175781,14.507499694824219,14.62125015258789,14.091872215270996,15984000
2019-03-21,14.537500381469727,15.0024995803833,14.5337495803833,14.956250190734863,14.41474437713623,10440000
2019-03-22,14.796250343322754,14.858750343322754,14.375,14.37874984741211,13.85815143585205,24634400
2019-03-25,14.34375,14.475000381469727,14.220000267028809,14.362500190734863,13.842489242553711,17669600
2019-03-26,14.557499885559082,14.678750038146973,14.411250114440918,14.5649995803833,14.037657737731934,17268800
2019-03-27,14.572500228881836,14.632499694824219,14.239999771118164,14.418749809265137,13.896702766418457,11254400
2019-03-28,14.488750457763672,14.573749542236328,14.354999542236328,14.536250114440918,14.009946823120117,10474400
2019-03-29,14.698749542236328,14.741250038146973,14.569999694824219,14.725000381469727,14.191865921020508,10920800
2019-04-01,14.9350004196167,15.082500457763672,14.9037504196167,15.055000305175781,14.509917259216309,10202400
2019-04-02,15.072500228881836,15.09000015258789,14.975000381469727,15.06624984741211,14.520758628845215,5352000
2019-04-03,15.204999923706055,15.251250267028809,15.039999961853027,15.12125015258789,14.57376766204834,11982400
2019-04-04,15.146249771118164,15.212499618530273,15.0625,15.19124984741211,14.64123249053955,6494400
2019-04-05,15.266249656677246,15.333749771118164,15.229999542236328,15.321249961853027,14.76652717590332,8048000
2019-04-08,15.27750015258789,15.364999771118164,15.201250076293945,15.356249809265137,14.800259590148926,9227200
2019-04-09,15.234999656677246,15.272500038146973,15.12874984741211,15.192500114440918,14.642439842224121,14523200
2019-04-10,15.241250038146973,15.305000305175781,15.193750381469727,15.291250228881836,14.737616539001465,5372000
2019-04-11,15.348750114440918,15.348750114440918,15.21875,15.2837495803833,14.73038387298584,6541600
2019-04-12,15.475000381469727,15.522500038146973,15.391249656677246,15.488750457763672,14.927961349487305,7901600
2019-04-15,15.498749732971191,15.505000114440918,15.37125015258789,15.46875,14.908687591552734,6855200
2019-04-16,15.567500114440918,15.574999809265137,15.413749694824219,15.483750343322754,14.923144340515137,8297600
2019-04-17,15.611249923706055,15.613750457763672,15.354999542236328,15.40999984741211,14.852065086364746,8873600
2019-04-18,15.47249984741211,15.491250038146973,15.31624984741211,15.462499618530273,14.902665138244629,9608800
2019-04-22,15.368749618530273,15.505000114440918,15.358750343322754,15.484999656677246,14.924349784851074,4647200
2019-04-23,15.5287504196167,15.789999961853027,15.5024995803833,15.767499923706055,15.196619987487793,8218400
2019-04-24,15.75,15.788749694824219,15.673749923706055,15.696249961853027,15.127950668334961,6232000
2019-04-25,15.678750038146973,15.744999885559082,15.523750305175781,15.668749809265137,15.101444244384766,8588800
2019-04-26,15.672499656677246,15.819999694824219,15.577500343322754,15.817500114440918,15.244811058044434,8664800
2019-04-29,15.823749542236328,15.920000076293945,15.811249732971191,15.857500076293945,15.28336238861084,4897600
2019-04-30,15.8125,15.9037504196167,15.648750305175781,15.861249923706055,15.28697395324707,9565600
2019-05-01,15.947500228881836,15.970000267028809,15.62874984741211,15.642499923706055,15.076144218444824,12355200
2019-05-02,15.609999656677246,15.723750114440918,15.388750076293945,15.567500114440918,15.003861427307129,14682400
2019-05-03,15.733750343322754,15.893750190734863,15.708749771118164,15.859999656677246,15.285774230957031,8413600
2019-05-06,15.342499732971191,15.78125,15.305000305175781,15.728750228881836,15.159274101257324,12381600
2019-05-07,15.443750381469727,15.513750076293945,14.976249694824219,15.204999923706055,14.654484748840332,18081600
2019-05-08,15.162500381469727,15.362500190734863,15.088749885559082,15.162500381469727,14.613526344299316,11017600
2019-05-09,14.911250114440918,15.133749961853027,14.706250190734863,15.0625,14.517146110534668,17158400
2019-05-10,14.953749656677246,15.296250343322754,14.601249694824219,15.197500228881836,14.647258758544922,20601600
2019-05-13,14.609999656677246,14.723750114440918,14.348750114440918,14.448749542236328,13.925615310668945,21946400
2019-05-14,14.5600004196167,14.87874984741211,14.550000190734863,14.707500457763672,14.175000190734863,9532800
2019-05-15,14.516249656677246,14.947500228881836,14.492500305175781,14.867500305175781,14.329204559326172,18363200
2019-05-16,14.949999809265137,15.305000305175781,14.944999694824219,15.145000457763672,14.596658706665039,12007200
2019-05-17,14.873749732971191,15.236249923706055,14.873749732971191,14.954999923706055,14.413538932800293,14469600
2019-05-20,14.763750076293945,14.901249885559082,14.663749694824219,14.758749961853027,14.224394798278809,10997600
2019-05-21,14.942500114440918,15.057499885559082,14.916250228881836,15.012499809265137,14.46895694732666,7444000
2019-05-22,14.897500038146973,15.024999618530273,14.867500305175781,14.926250457763672,14.38582992553711,9784000
2019-05-23,14.6587495803833,14.662500381469727,14.391249656677246,14.55875015258789,14.031635284423828,16682400
2019-05-24,14.717499732971191,14.760000228881836,14.541250228881836,14.609999656677246,14.08102798461914,7073600
2019-05-28,14.642499923706055,14.75374984741211,14.336250305175781,14.338749885559082,13.819599151611328,12160000
2019-05-29,14.208749771118164,14.255000114440918,13.983750343322754,14.1537504196167,13.641300201416016,18328000
2019-05-30,14.22249984741211,14.321249961853027,14.095000267028809,14.21500015258789,13.70033073425293,10667200
2019-05-31,13.928750038146973,14.023750305175781,13.829999923706055,13.835000038146973,13.334088325500488,17451200
2019-06-03,13.832500457763672,13.960000038146973,13.609999656677246,13.757499694824219,13.259394645690918,26744000
2019-06-04,14.016249656677246,14.373749732971191,13.9662504196167,14.352499961853027,13.832852363586426,15865600
2019-06-05,14.543749809265137,14.607500076293945,14.333749771118164,14.600000381469727,14.071392059326172,13927200
2019-06-06,14.633749961853027,14.87125015258789,14.5625,14.792499542236328,14.25692081451416,15095200
2019-06-07,14.911250114440918,15.212499618530273,14.890000343322754,15.081250190734863,14.53521728515625,15596800
2019-06-10,15.267499923706055,15.420000076293945,15.21500015258789,15.228750228881836,14.677375793457031,14725600
2019-06-11,15.438750267028809,15.481249809265137,15.143750190734863,15.217499732971191,14.666534423828125,11797600
2019-06-12,15.188750267028809,15.2524995803833,15.101249694824219,15.163749694824219,14.614729881286621,7770400
2019-06-13,15.266249656677246,15.323749542236328,15.182499885559082,15.296250343322754,14.742431640625,8564000
2019-06-14,15.244999885559082,15.31624984741211,15.15999984741211,15.242500305175781,14.690627098083496,5502400
2019-06-17,15.272500038146973,15.3462495803833,15.236249923706055,15.266249656677246,14.713518142700195,6456000
2019-06-18,15.46500015258789,15.699999809265137,15.427499771118164,15.5600004196167,14.996633529663086,11450400
2019-06-19,15.59000015258789,15.703749656677246,15.473750114440918,15.649999618530273,15.083375930786133,8264000
2019-06-20,15.958749771118164,15.984999656677246,15.699999809265137,15.9350004196167,15.358057022094727,8596000
2019-06-21,15.90250015258789,16.05500030517578,15.864999771118164,15.895000457763672,15.319506645202637,9380800
2019-06-24,15.90999984741211,15.947500228881836,15.832500457763672,15.854999542236328,15.280953407287598,6564000
2019-06-25,15.822500228881836,15.822500228881836,15.493749618530273,15.505000114440918,14.975028991699219,9684800
2019-06-26,15.608750343322754,15.668749809265137,15.458749771118164,15.4662504196167,14.937604904174805,7421600
2019-06-27,15.55875015258789,15.636249542236328,15.516249656677246,15.585000038146973,15.052294731140137,6930400
2019-06-28,15.69124984741211,15.795000076293945,15.633749961853027,15.751250267028809,15.212862968444824,8176800
2019-07-01,16.126249313354492,16.1512508392334,15.876250267028809,16.012500762939453,15.465182304382324,14213600
2019-07-02,16.008750915527344,16.103750228881836,15.9087495803833,16.0987491607666,15.548484802246094,8196000
2019-07-03,16.18000030517578,16.35124969482422,16.157499313354492,16.34749984741211,15.788732528686523,7509600
2019-07-05,16.202499389648438,16.331249237060547,16.045000076293945,16.3075008392334,15.750102043151855,10513600
2019-07-08,16.1512508392334,16.190000534057617,16.06624984741211,16.126249313354492,15.57504653930664,9624800
2019-07-09,15.988750457763672,16.204999923706055,15.984999656677246,16.178749084472656,15.625750541687012,6425600
2019-07-10,16.299999237060547,16.4325008392334,16.233749389648438,16.31624984741211,15.758551597595215,9528000
2019-07-11,16.39875030517578,16.423749923706055,16.27375030517578,16.388750076293945,15.828575134277344,8438400
2019-07-12,16.451250076293945,16.547500610351562,16.416250228881836,16.541250228881836,15.975858688354492,6107200
2019-07-15,16.59000015258789,16.591249465942383,16.489999771118164,16.549999237060547,15.9843111038208,5984000
2019-07-16,16.537500381469727,16.5575008392334,16.4012508392334,16.4375,15.875651359558105,7233600
2019-07-17,16.4325008392334,16.448749542236328,16.21125030517578,16.21125030517578,15.657139778137207,7994400
2019-07-18,16.14875030517578,16.372499465942383,16.094999313354492,16.329999923706055,15.771829605102539,10921600
2019-07-19,16.459999084472656,16.47624969482422,16.122499465942383,16.143749237060547,15.59194564819336,11212000
2019-07-22,16.19124984741211,16.2862491607666,16.1299991607666,16.221250534057617,15.666796684265137,6487200
2019-07-23,16.353750228881836,16.452499389648438,16.25749969482422,16.450000762939453,15.887727737426758,6449600
2019-07-24,16.362499237060547,16.600000381469727,16.3487491607666,16.600000381469727,16.032602310180664,7730400
2019-07-25,16.551250457763672,16.551250457763672,16.34375,16.44124984741211,15.879277229309082,8701600
2019-07-26,16.5262508392334,16.6825008392334,16.512500762939453,16.65999984741211,16.090547561645508,8018400
2019-07-29,16.642499923706055,16.64875030517578,16.530000686645508,16.604999542236328,16.037425994873047,6095200
2019-07-30,16.424999237060547,16.563749313354492,16.383750915527344,16.522499084472656,15.957746505737305,7137600
2019-07-31,16.541250228881836,16.565000534057617,15.912500381469727,16.147499084472656,15.59556770324707,21890400
2019-08-01,16.16374969482422,16.518749237060547,15.770000457763672,15.859999656677246,15.31789779663086,24650400
2019-08-02,15.757499694824219,15.78125,15.438750267028809,15.654999732971191,15.119903564453125,19723200
2019-08-05,15.142499923706055,15.15250015258789,14.458749771118164,14.71500015258789,14.21203327178955,28081600
2019-08-06,14.898750305175781,15.118749618530273,14.728750228881836,15.09749984741211,14.58145523071289,19573600
2019-08-07,14.733750343322754,15.194999694824219,14.491250038146973,15.106249809265137,14.589909553527832,27776000
2019-08-08,15.28125,15.6899995803833,15.217499732971191,15.68375015258789,15.147668838500977,13480000
2019-08-09,15.587499618530273,15.65625,15.273750305175781,15.481249809265137,14.952092170715332,20086400
2019-08-12,15.297499656677246,15.367500305175781,14.989999771118164,15.108750343322754,14.592324256896973,10941600
2019-08-13,15.063750267028809,15.741250038146973,15.0287504196167,15.5625,15.030563354492188,22540800
2019-08-14,15.095000267028809,15.164999961853027,14.635000228881836,14.651249885559082,14.150461196899414,23925600
2019-08-15,14.7475004196167,14.824999809265137,14.491250038146973,14.729999542236328,14.226518630981445,22384000
2019-08-16,14.911250114440918,15.206250190734863,14.90625,15.161250114440918,14.643027305603027,15766400
2019-08-19,15.510000228881836,15.598750114440918,15.430000305175781,15.52750015258789,14.996759414672852,10437600
2019-08-20,15.462499618530273,15.521249771118164,15.265000343322754,15.28125,14.758927345275879,9954400
2019-08-21,15.532500267028809,15.571249961853027,15.448749542236328,15.522500038146973,14.991934776306152,7360800
2019-08-22,15.606249809265137,15.681249618530273,15.30875015258789,15.508749961853027,14.97865104675293,10997600
2019-08-23,15.362500190734863,15.553750038146973,14.569999694824219,14.708749771118164,14.205995559692383,25715200
2019-08-26,14.96500015258789,15.032500267028809,14.789999961853027,15.03125,14.517471313476562,13218400
2019-08-27,15.201250076293945,15.242500305175781,14.835000038146973,14.912500381469727,14.402779579162598,11397600
2019-08-28,14.836250305175781,15.146249771118164,14.75,15.12125015258789,14.604394912719727,12473600
2019-08-29,15.423749923706055,15.569999694824219,15.305000305175781,15.510000228881836,14.979860305786133,14029600
2019-08-30,15.682499885559082,15.6850004196167,15.386249542236328,15.494999885559082,14.96536922454834,11126400
2019-09-03,15.296250343322754,15.398750305175781,15.15250015258789,15.313750267028809,14.790315628051758,12726400
2019-09-04,15.568750381469727,15.65999984741211,15.47249984741211,15.65250015258789,15.117487907409668,8378400
2019-09-05,15.949999809265137,16.16374969482422,15.9350004196167,16.0625,15.513472557067871,9084000
2019-09-06,16.103750228881836,16.157499313354492,16.021249771118164,16.083749771118164,15.533994674682617,10239200
2019-09-09,16.202499389648438,16.208749771118164,15.986249923706055,16.094999313354492,15.544859886169434,5370400
2019-09-10,16.0,16.09749984741211,15.853750228881836,16.09749984741211,15.547274589538574,5675200
2019-09-11,16.123750686645508,16.322500228881836,16.053749084472656,16.3174991607666,15.759757041931152,10235200
2019-09-12,16.418750762939453,16.551250457763672,16.331249237060547,16.431249618530273,15.869617462158203,10445600
2019-09-13,16.477500915527344,16.516250610351562,16.356250762939453,16.40250015258789,15.841851234436035,4653600
2019-09-16,16.25749969482422,16.344999313354492,16.217500686645508,16.299999237060547,15.742855072021484,6168800
2019-09-17,16.263750076293945,16.387500762939453,16.25374984741211,16.377500534057617,15.817705154418945,4585600
2019-09-18,16.329999923706055,16.407499313354492,16.082500457763672,16.4012508392334,15.84064769744873,11322400
2019-09-19,16.4375,16.563749313354492,16.35124969482422,16.391250610351562,15.830989837646484,10442400
2019-09-20,16.4637508392334,16.49250030517578,16.141250610351562,16.22249984741211,15.66800594329834,11045600
2019-09-23,16.149999618530273,16.3075008392334,16.125,16.22624969482422,15.67162799835205,7199200
2019-09-24,16.356250762939453,16.39875030517578,15.853750228881836,15.967499732971191,15.421719551086426,17552000
2019-09-25,15.9712495803833,16.208749771118164,15.798749923706055,16.147499084472656,15.59556770324707,11957600
2019-09-26,16.158750534057617,16.178749084472656,15.916250228881836,16.0887508392334,15.53882884979248,15797600
2019-09-27,16.176250457763672,16.1875,15.725000381469727,15.911250114440918,15.367393493652344,14188000
2019-09-30,15.9662504196167,16.138750076293945,15.963749885559082,16.056249618530273,15.507433891296387,7940800
2019-10-01,16.158750534057617,16.235000610351562,15.645000457763672,15.675000190734863,15.1392183303833,13739200
2019-10-02,15.484999656677246,15.484999656677246,14.9662504196167,15.123749732971191,14.60680866241455,24392000
2019-10-03,15.086250305175781,15.356249809265137,14.77750015258789,15.354999542236328,14.830157279968262,25265600
2019-10-04,15.4399995803833,15.801250457763672,15.4375,15.768750190734863,15.229764938354492,17114400
2019-10-07,15.677499771118164,15.869999885559082,15.604999542236328,15.640000343322754,15.105413436889648,12913600
2019-10-08,15.414999961853027,15.50374984741211,15.149999618530273,15.151249885559082,14.633371353149414,20396000
2019-10-09,15.382499694824219,15.543749809265137,15.30875015258789,15.426250457763672,14.89897346496582,14031200
2019-10-10,15.417499542236328,15.743749618530273,15.40250015258789,15.636249542236328,15.101794242858887,14121600
2019-10-11,15.962499618530273,16.225000381469727,15.947500228881836,15.9662504196167,15.420513153076172,17359200
2019-10-14,15.925000190734863,16.001249313354492,15.888750076293945,15.9375,15.392745018005371,7004000
2019-10-15,16.046249389648438,16.329999923706055,16.03874969482422,16.2450008392334,15.689740180969238,10967200
2019-10-16,16.181249618530273,16.266250610351562,16.135000228881836,16.190000534057617,15.636613845825195,6991200
2019-10-17,16.325000762939453,16.385000228881836,16.198749542236328,16.27375030517578,15.717499732971191,8613600
2019-10-18,16.21875,16.292499542236328,16.02750015258789,16.135000228881836,15.583495140075684,9864800
2019-10-21,16.295000076293945,16.375,16.239999771118164,16.363750457763672,15.804428100585938,6664000
2019-10-22,16.421249389648438,16.446250915527344,16.229999542236328,16.24250030517578,15.687322616577148,8942400
2019-10-23,16.2137508392334,16.344999313354492,16.188749313354492,16.3387508392334,15.780282974243164,5436800
2019-10-24,16.448749542236328,16.459999084472656,16.291250228881836,16.395000457763672,15.83460807800293,6166400
2019-10-25,16.323749542236328,16.5887508392334,16.3174991607666,16.528749465942383,15.963788032531738,8921600
2019-10-28,16.662500381469727,16.766250610351562,16.662500381469727,16.71500015258789,16.1436710357666,7435200
2019-10-29,16.671249389648438,16.80500030517578,16.65625,16.696250915527344,16.125560760498047,9321600
2019-10-30,16.721250534057617,16.842500686645508,16.55500030517578,16.801250457763672,16.226972579956055,11763200
2019-10-31,16.7862491607666,16.7862491607666,16.524999618530273,16.698749542236328,16.127973556518555,11747200
2019-11-01,16.8700008392334,17.020000457763672,16.84749984741211,17.020000457763672,16.438247680664062,10062400
2019-11-04,17.198749542236328,17.21500015258789,17.10124969482422,17.139999389648438,16.55414390563965,12171200
2019-11-05,17.16374969482422,17.204999923706055,17.071250915527344,17.103750228881836,16.51913070678711,6136000
2019-11-06,17.106250762939453,17.141250610351562,16.9950008392334,17.114999771118164,16.52999496459961,8744800
2019-11-07,17.266250610351562,17.368749618530273,17.170000076293945,17.231250762939453,16.642276763916016,9263200
2019-11-08,17.186250686645508,17.315000534057617,17.09749984741211,17.315000534057617,16.72316551208496,6059200
2019-11-11,17.146249771118164,17.264999389648438,17.125,17.247499465942383,16.65796661376953,4145600
2019-11-12,17.28499984741211,17.427499771118164,17.21875,17.30875015258789,16.717130661010742,12240000
2019-11-13,17.1924991607666,17.37125015258789,17.1612491607666,17.322500228881836,16.730403900146484,9032000
2019-11-14,17.282499313354492,17.3799991607666,17.209999084472656,17.368749618530273,16.775074005126953,7597600
2019-11-15,17.528749465942383,17.623750686645508,17.457500457763672,17.622499465942383,17.020151138305664,7340800
2019-11-18,17.59000015258789,17.674999237060547,17.5362491607666,17.641250610351562,17.03825569152832,6375200
2019-11-19,17.721250534057617,17.721250534057617,17.553749084472656,17.625,17.02256202697754,5566400
2019-11-20,17.559999465942383,17.6200008392334,17.306249618530273,17.502500534057617,16.904254913330078,10697600
2019-11-21,17.5049991607666,17.521249771118164,17.34375,17.44499969482422,16.848716735839844,5360000
2019-11-22,17.532499313354492,17.546249389648438,17.392499923706055,17.516250610351562,16.91753578186035,6132800
2019-11-25,17.6299991607666,17.787500381469727,17.6299991607666,17.783750534057617,17.175891876220703,9232800
2019-11-26,17.795000076293945,17.887500762939453,17.75,17.866249084472656,17.255573272705078,4515200
2019-11-27,17.93000030517578,18.020000457763672,17.895000457763672,18.020000457763672,17.404069900512695,4798400
2019-11-29,17.948749542236328,17.981250762939453,17.857500076293945,17.87874984741211,17.267642974853516,4607200
2019-12-02,17.915000915527344,17.915000915527344,17.52750015258789,17.581249237060547,16.98031234741211,13140000
2019-12-03,17.237499237060547,17.35124969482422,17.0674991607666,17.33625030517578,16.743684768676758,17376800
2019-12-04,17.466249465942383,17.627500534057617,17.428749084472656,17.5575008392334,16.95737648010254,7591200
2019-12-05,17.636249542236328,17.637500762939453,17.453750610351562,17.61750030517578,17.015323638916016,12666400
2019-12-06,17.852500915527344,17.987499237060547,17.852500915527344,17.931249618530273,17.318347930908203,7368800
2019-12-09,17.883750915527344,17.967500686645508,17.813749313354492,17.825000762939453,17.215734481811523,6154400
2019-12-10,17.811250686645508,17.896249771118164,17.700000762939453,17.7762508392334,17.168643951416016,9097600
2019-12-11,17.833749771118164,17.90999984741211,17.7862491607666,17.877500534057617,17.266437530517578,10552800
2019-12-12,17.873750686645508,18.282499313354492,17.8487491607666,18.181249618530273,17.559804916381836,22165600
2019-12-13,18.155000686645508,18.360000610351562,18.051250457763672,18.203750610351562,17.581533432006836,16690400
2019-12-16,18.421249389648438,18.528749465942383,18.417499542236328,18.452499389648438,17.821781158447266,6932000
2019-12-17,18.508750915527344,18.53874969482422,18.452499389648438,18.458749771118164,17.82781410217285,5035200
2019-12-18,18.50749969482422,18.53874969482422,18.458749771118164,18.462499618530273,17.831439971923828,5082400
2019-12-19,18.477500915527344,18.6200008392334,18.47624969482422,18.608749389648438,17.972694396972656,6998400
2019-12-20,18.739999771118164,18.853750228881836,18.733749389648438,18.797500610351562,18.15498924255371,10580800
2019-12-23,18.87125015258789,18.873750686645508,18.80875015258789,18.827499389648438,18.1839599609375,6698400
2019-12-24,18.81999969482422,18.826250076293945,18.7549991607666,18.796249389648438,18.186260223388672,4448000
2019-12-26,18.83625030517578,18.985000610351562,18.83625030517578,18.981250762939453,18.365259170532227,5531200
2019-12-27,19.083749771118164,19.084999084472656,18.9112491607666,18.9737491607666,18.357999801635742,8368800
2019-12-30,18.981250762939453,18.993749618530273,18.703750610351562,18.771249771118164,18.162073135375977,14896800
2019-12-31,18.693750381469727,18.88249969482422,18.6512508392334,18.854999542236328,18.24310302734375,13115200
2020-01-02,19.049999237060547,19.198749542236328,18.928749084472656,19.193750381469727,18.57086181640625,10762400
2020-01-03,18.75749969482422,19.05500030517578,18.752500534057617,18.908750534057617,18.29511070251465,13150400
2020-01-06,18.681249618530273,19.061250686645508,18.671249389648438,19.051250457763672,18.43299102783203,12921600
2020-01-07,18.978750228881836,19.040000915527344,18.883750915527344,18.940000534057617,18.325347900390625,7532000
2020-01-08,18.97249984741211,19.298749923706055,18.9325008392334,19.13249969482422,18.511598587036133,15204800
2020-01-09,19.344999313354492,19.408750534057617,19.268749237060547,19.395000457763672,18.765581130981445,6920000
2020-01-10,19.485000610351562,19.4950008392334,19.22624969482422,19.28125,18.6555233001709,8572000
2020-01-13,19.368749618530273,19.548749923706055,19.309999465942383,19.543750762939453,18.90950584411621,7689600
2020-01-14,19.49250030517578,19.625,19.421249389648438,19.487499237060547,18.85507583618164,13446400
2020-01-15,19.477500915527344,19.674999237060547,19.4637508392334,19.5674991607666,18.93248176574707,11309600
2020-01-16,19.748750686645508,19.892499923706055,19.72249984741211,19.889999389648438,19.244516372680664,8612800
2020-01-17,19.988750457763672,20.042499542236328,19.9112491607666,20.02750015258789,19.37755584716797,9099200
2020-01-21,19.883750915527344,20.040000915527344,19.881250381469727,19.934999465942383,19.288057327270508,9461600
2020-01-22,20.049999237060547,20.133750915527344,19.922500610351562,19.947500228881836,19.30014991760254,8363200
2020-01-23,19.85124969482422,20.006250381469727,19.702499389648438,19.982500076293945,19.334016799926758,13135200
2020-01-24,20.075000762939453,20.076250076293945,19.458749771118164,19.616249084472656,18.979644775390625,26492800
2020-01-27,18.9375,19.18375015258789,18.891250610351562,18.99250030517578,18.376142501831055,20271200
2020-01-28,19.170000076293945,19.501249313354492,19.11750030517578,19.388750076293945,18.759536743164062,14028000
2020-01-29,19.565000534057617,19.59375,19.331249237060547,19.358749389648438,18.730506896972656,15958400
2020-01-30,19.078750610351562,19.5049991607666,18.988750457763672,19.46875,18.83693504333496,25759200
2020-01-31,19.395000457763672,19.40999984741211,18.65250015258789,18.772499084472656,18.163278579711914,36671200
2020-02-03,18.957500457763672,19.2862491607666,18.950000762939453,19.052499771118164,18.434194564819336,18044800
2020-02-04,19.511249542236328,19.737499237060547,19.46875,19.627500534057617,18.99053382873535,10380800
2020-02-05,20.008750915527344,20.103750228881836,19.818750381469727,20.078750610351562,19.42714500427246,14085600
2020-02-06,20.200000762939453,20.237499237060547,20.0674991607666,20.21500015258789,19.558971405029297,6754400
2020-02-07,20.072500228881836,20.165000915527344,19.923749923706055,19.993749618530273,19.344900131225586,9452000
2020-02-10,19.8700008392334,20.295000076293945,19.8700008392334,20.295000076293945,19.636369705200195,7579200
2020-02-11,20.471250534057617,20.571250915527344,20.295000076293945,20.357500076293945,19.69684600830078,14159200
2020-02-12,20.549999237060547,20.64875030517578,20.501249313354492,20.61750030517578,19.948408126831055,9036000
2020-02-13,20.421249389648438,20.701250076293945,20.389999389648438,20.572500228881836,19.90486717224121,13749600
2020-02-14,20.6200008392334,20.64875030517578,20.469999313354492,20.63249969482422,19.962921142578125,15224800
2020-02-18,20.5,20.576250076293945,20.341249465942383,20.524999618530273,19.85890769958496,15158400
2020-02-19,20.653749465942383,20.8125,20.618749618530273,20.71500015258789,20.042743682861328,5505600
2020-02-20,20.641250610351562,20.751249313354492,20.1512508392334,20.548749923706055,19.881885528564453,20771200
2020-02-21,20.362499237060547,20.403749465942383,20.011249542236328,20.113750457763672,19.461002349853516,15805600
2020-02-24,18.857500076293945,19.190000534057617,18.604999542236328,18.75,18.141511917114258,31227200
2020-02-25,18.959999084472656,19.033750534057617,17.52750015258789,17.646249771118164,17.07358169555664,43575200
2020-02-26,17.798749923706055,18.25374984741211,17.416250228881836,17.512500762939453,16.944175720214844,45477600
2020-02-27,16.811250686645508,17.295000076293945,15.928750038146973,15.93375015258789,15.416658401489258,56812800
2020-02-28,14.97249984741211,15.869999885559082,14.642499923706055,15.869999885559082,15.354974746704102,55681600
2020-03-02,15.953749656677246,17.16374969482422,15.600000381469727,17.153749465942383,16.59706687927246,39533600
2020-03-03,17.21125030517578,17.68375015258789,15.876250267028809,16.188749313354492,15.663381576538086,50661600
2020-03-04,16.802499771118164,17.553749084472656,16.512500762939453,17.530000686645508,16.961105346679688,27922400
2020-03-05,16.647499084472656,17.03125,16.061250686645508,16.358749389648438,15.827863693237305,32146400
2020-03-06,15.34749984741211,15.956250190734863,15.032500267028809,15.826250076293945,15.31264591217041,47868800
2020-03-09,13.522500038146973,14.398750305175781,13.260000228881836,13.362500190734863,12.928851127624512,34568000
2020-03-10,14.363750457763672,14.736249923706055,13.272500038146973,14.732500076293945,14.254392623901367,45027200
2020-03-11,13.931249618530273,14.111249923706055,12.9375,13.270000457763672,12.83935260772705,32555200
2020-03-12,11.489999771118164,12.542499542236328,10.71875,10.736249923706055,10.387831687927246,60542400
2020-03-13,12.081250190734863,12.726249694824219,10.867500305175781,12.71500015258789,12.302367210388184,54628800
2020-03-16,9.952500343322754,11.397500038146973,9.541250228881836,9.744999885559082,9.428746223449707,47088000
2020-03-17,10.207500457763672,11.103750228881836,9.5625,10.956250190734863,10.600690841674805,45632800
2020-03-18,9.477499961853027,10.255000114440918,8.713749885559082,9.832500457763672,9.513411521911621,53110400
2020-03-19,9.637499809265137,10.326250076293945,9.09749984741211,9.826250076293945,9.507363319396973,46201600
2020-03-20,10.046250343322754,10.210000038146973,8.90250015258789,8.9350004196167,8.645036697387695,42610400
2020-03-23,8.881250381469727,8.9712495803833,8.103750228881836,8.422499656677246,8.14916706085205,44834400
2020-03-24,9.367500305175781,10.0625,9.289999961853027,10.013750076293945,9.688777923583984,40387200
2020-03-25,10.111249923706055,11.045000076293945,9.688750267028809,10.270000457763672,9.961333274841309,47287200
2020-03-26,10.47249984741211,11.59375,10.461250305175781,11.479999542236328,11.13496208190918,36812000
2020-03-27,10.762499809265137,11.423749923706055,10.563750267028809,10.770000457763672,10.446303367614746,40746400
2020-03-30,10.975000381469727,11.532500267028809,10.787500381469727,11.4712495803833,11.126480102539062,28704800
2020-03-31,11.375,11.619999885559082,10.992500305175781,11.113750457763672,10.779723167419434,26149600
2020-04-01,10.2837495803833,10.583749771118164,9.93375015258789,10.113750457763672,9.80978012084961,29367200
2020-04-02,10.047499656677246,10.664999961853027,10.0,10.588749885559082,10.270501136779785,30104000
2020-04-03,10.505000114440918,10.713749885559082,10.043749809265137,10.286250114440918,9.977093696594238,33636800
2020-04-06,11.09000015258789,11.84000015258789,10.99625015258789,11.676250457763672,11.325319290161133,28328800
2020-04-07,12.489999771118164,12.56624984741211,11.663749694824219,11.6875,11.336228370666504,51339200
2020-04-08,11.93375015258789,12.588749885559082,11.72249984741211,12.473750114440918,12.098848342895508,35538400
2020-04-09,12.787500381469727,13.12125015258789,12.602499961853027,12.845000267028809,12.458938598632812,38817600
2020-04-13,12.7475004196167,12.768750190734863,12.21875,12.607500076293945,12.22857666015625,35795200
2020-04-14,13.101249694824219,13.432499885559082,12.9975004196167,13.361249923706055,12.959673881530762,30342400
2020-04-15,12.768750190734863,12.956250190734863,12.569999694824219,12.787500381469727,12.403167724609375,25416000
2020-04-16,12.913749694824219,12.991250038146973,12.602499961853027,12.918749809265137,12.530471801757812,34400800
2020-04-17,13.487500190734863,13.667499542236328,13.213749885559082,13.609999656677246,13.200945854187012,34440000
2020-04-20,13.22249984741211,13.571249961853027,13.104999542236328,13.12874984741211,12.734162330627441,34745600
2020-04-21,12.671250343322754,12.795000076293945,12.234999656677246,12.317500114440918,11.947294235229492,43440000
2020-04-22,12.800000190734863,13.045000076293945,12.676250457763672,12.876250267028809,12.489250183105469,27426400
2020-04-23,13.0024995803833,13.31624984741211,12.84375,12.868749618530273,12.481973648071289,42484000
2020-04-24,13.022500038146973,13.293749809265137,12.817500114440918,13.237500190734863,12.839641571044922,34975200
2020-04-27,13.426250457763672,13.72249984741211,13.385000228881836,13.617500305175781,13.208224296569824,20616000
2020-04-28,13.991250038146973,14.022500038146973,13.453749656677246,13.484999656677246,13.079702377319336,44737600
2020-04-29,14.037500381469727,14.34749984741211,13.928750038146973,14.188750267028809,13.762300491333008,32170400
2020-04-30,14.042499542236328,14.09375,13.739999771118164,13.912500381469727,13.494356155395508,50856800
2020-05-01,13.420000076293945,13.494999885559082,13.0649995803833,13.176250457763672,12.780232429504395,40196000
2020-05-04,12.988750457763672,13.28499984741211,12.84375,13.261249542236328,12.862677574157715,25247200
2020-05-05,13.542499542236328,13.7837495803833,13.457500457763672,13.501250267028809,13.095467567443848,31132000
2020-05-06,13.676250457763672,13.712499618530273,13.3125,13.31624984741211,12.916028022766113,37440000
2020-05-07,13.638750076293945,13.832500457763672,13.587499618530273,13.635000228881836,13.225194931030273,26938400
2020-05-08,13.961250305175781,14.126250267028809,13.84375,14.086250305175781,13.662883758544922,15480800
2020-05-11,13.885000228881836,14.237500190734863,13.84000015258789,14.09749984741211,13.673794746398926,16305600
2020-05-12,14.212499618530273,14.257499694824219,13.513750076293945,13.517499923706055,13.111226081848145,20503200
2020-05-13,13.4712495803833,13.572500228881836,12.800000190734863,13.047499656677246,12.655353546142578,58800000
2020-05-14,12.797499656677246,13.368749618530273,12.5625,13.363750457763672,12.962099075317383,40606400
2020-05-15,13.12125015258789,13.484999656677246,13.018750190734863,13.483750343322754,13.078492164611816,25212800
2020-05-18,14.12125015258789,14.463749885559082,14.088749885559082,14.307499885559082,13.877482414245605,24758400
2020-05-19,14.243749618530273,14.418749809265137,14.008749961853027,14.015000343322754,13.59377384185791,24476000
2020-05-20,14.380000114440918,14.576250076293945,14.358750343322754,14.484999656677246,14.049646377563477,22688000
2020-05-21,14.4712495803833,14.555000305175781,14.166250228881836,14.270000457763672,13.841110229492188,26906400
2020-05-22,14.255000114440918,14.354999542236328,14.1225004196167,14.329999923706055,13.899306297302246,24694400
2020-05-26,14.970000267028809,14.987500190734863,14.6537504196167,14.698749542236328,14.256976127624512,23455200
2020-05-27,14.991250038146973,15.12874984741211,14.475000381469727,15.12125015258789,14.666777610778809,32077600
2020-05-28,15.243749618530273,15.454999923706055,14.998749732971191,15.071249961853027,14.618278503417969,30883200
2020-05-29,15.022500038146973,15.266249656677246,14.731249809265137,15.186249732971191,14.729823112487793,44300000
2020-06-01,15.130000114440918,15.390000343322754,15.076250076293945,15.326250076293945,14.86561393737793,20056000
2020-06-02,15.426250457763672,15.581250190734863,15.28125,15.579999923706055,15.111737251281738,17674400
2020-06-03,15.798749923706055,16.100000381469727,15.768750190734863,15.9975004196167,15.516690254211426,18524000
2020-06-04,15.876250267028809,16.078750610351562,15.676250457763672,15.898750305175781,15.42091178894043,18604800
2020-06-05,16.521249771118164,16.924999237060547,16.50749969482422,16.721250534057617,16.218687057495117,23484000
2020-06-08,16.831249237060547,17.147499084472656,16.756250381469727,17.138750076293945,16.623641967773438,16521600
2020-06-09,16.81624984741211,17.040000915527344,16.7237491607666,16.877500534057617,16.370241165161133,19054400
2020-06-10,16.94124984741211,17.041250228881836,16.607500076293945,16.681249618530273,16.179885864257812,43129600
2020-06-11,15.883749961853027,15.957500457763672,14.693750381469727,14.751250267028809,14.30789566040039,40648800
2020-06-12,15.5,15.585000038146973,14.555000305175781,15.116250038146973,14.66192626953125,57118400
2020-06-15,14.483750343322754,15.505000114440918,14.358750343322754,15.385000228881836,14.922600746154785,36074400
2020-06-16,16.237499237060547,16.25,15.453749656677246,15.978750228881836,15.498504638671875,30352000
2020-06-17,16.09375,16.127500534057617,15.774999618530273,15.845000267028809,15.36877155303955,17270400
2020-06-18,15.677499771118164,15.912500381469727,15.632499694824219,15.853750228881836,15.3772611618042,12575200
2020-06-19,16.2450008392334,16.260000228881836,15.53125,15.667499542236328,15.196608543395996,22573600
2020-06-22,15.611249923706055,15.920000076293945,15.488750457763672,15.887499809265137,15.409994125366211,14757600
2020-06-23,16.171249389648438,16.274999618530273,15.981249809265137,16.018749237060547,15.537300109863281,13054400
2020-06-24,15.796250343322754,15.864999771118164,15.0024995803833,15.210000038146973,14.752859115600586,28120000
2020-06-25,15.142499923706055,15.55875015258789,14.926250457763672,15.520000457763672,15.053543090820312,18270400
2020-06-26,15.411250114440918,15.430000305175781,14.734999656677246,14.796250343322754,14.351543426513672,23632000
2020-06-29,14.927499771118164,15.228750228881836,14.680000305175781,15.225000381469727,14.767407417297363,12917600
2020-06-30,15.173749923706055,15.797499656677246,15.173749923706055,15.635000228881836,15.165085792541504,15432000
2020-07-01,15.736249923706055,15.9662504196167,15.6850004196167,15.833749771118164,15.35786247253418,17850400
2020-07-02,16.2137508392334,16.361249923706055,15.932499885559082,16.0,15.519115447998047,14616000
2020-07-06,16.434999465942383,16.537500381469727,16.34749984741211,16.4950008392334,15.999241828918457,17749600
2020-07-07,16.325000762939453,16.543750762939453,16.11750030517578,16.149999618530273,15.664605140686035,13033600
2020-07-08,16.24250030517578,16.420000076293945,16.045000076293945,16.399999618530273,15.907089233398438,12993600
2020-07-09,16.47249984741211,16.49625015258789,15.832500457763672,16.21500015258789,15.727651596069336,18845600
2020-07-10,16.204999923706055,16.573749542236328,16.052499771118164,16.547500610351562,16.050159454345703,14467200
2020-07-13,16.811250686645508,17.078750610351562,16.181249618530273,16.267499923706055,15.778575897216797,22992800
2020-07-14,16.100000381469727,16.717500686645508,15.96500015258789,16.676250457763672,16.175037384033203,18840000
2020-07-15,17.049999237060547,17.110000610351562,16.71500015258789,16.9950008392334,16.484214782714844,19252800
2020-07-16,16.771249771118164,16.922500610351562,16.69499969482422,16.87874984741211,16.3714542388916,11724800
2020-07-17,16.988750457763672,17.059999465942383,16.768749237060547,16.9637508392334,16.453899383544922,8366400
2020-07-20,16.938749313354492,17.318750381469727,16.860000610351562,17.25,16.731544494628906,9564800
2020-07-21,17.46875,17.518749237060547,17.207500457763672,17.30875015258789,16.788530349731445,13047200
2020-07-22,17.2762508392334,17.540000915527344,17.262500762939453,17.5049991607666,16.978879928588867,8512800
2020-07-23,17.471250534057617,17.549999237060547,16.936250686645508,17.09749984741211,16.583629608154297,16815200
2020-07-24,16.88249969482422,16.988750457763672,16.701250076293945,16.873750686645508,16.366605758666992,11617600
2020-07-27,16.954999923706055,17.137500762939453,16.866249084472656,17.111249923706055,16.596965789794922,7725600
2020-07-28,17.03499984741211,17.157499313354492,16.8700008392334,16.90250015258789,16.394489288330078,6981600
2020-07-29,17.002500534057617,17.3799991607666,16.997499465942383,17.30875015258789,16.788530349731445,6130400
2020-07-30,16.971250534057617,17.236249923706055,16.729999542236328,17.188749313354492,16.672134399414062,13034400
2020-07-31,17.399999618530273,17.47249984741211,16.915000915527344,17.462499618530273,16.93765640258789,15390400
2020-08-03,17.657499313354492,17.792499542236328,17.594999313354492,17.703750610351562,17.17165756225586,13606400
2020-08-04,17.606250762939453,17.837499618530273,17.606250762939453,17.834999084472656,17.298959732055664,6630400
2020-08-05,17.9950008392334,18.09375,17.966249465942383,18.059999465942383,17.517200469970703,7491200
2020-08-06,17.99625015258789,18.318750381469727,17.953750610351562,18.301250457763672,17.751201629638672,7912800
2020-08-07,18.1875,18.34375,18.079999923706055,18.322500228881836,17.771806716918945,9497600
2020-08-10,18.37874984741211,18.457500457763672,18.153749465942383,18.431249618530273,17.87729263305664,7003200
2020-08-11,18.582500457763672,18.6512508392334,18.047500610351562,18.131250381469727,17.58631134033203,11744800
2020-08-12,18.415000915527344,18.727500915527344,18.415000915527344,18.6299991607666,18.070068359375,10907200
2020-08-13,18.537500381469727,18.72624969482422,18.457500457763672,18.568750381469727,18.010658264160156,6229600
2020-08-14,18.518749237060547,18.636249542236328,18.450000762939453,18.5674991607666,18.00945281982422,6955200
2020-08-17,18.686250686645508,18.737499237060547,18.639999389648438,18.684999465942383,18.123416900634766,6004800
2020-08-18,18.729999542236328,18.8174991607666,18.549999237060547,18.75749969482422,18.193737030029297,5552000
2020-08-19,18.8125,18.872499465942383,18.542499542236328,18.614999771118164,18.05552101135254,6708000
2020-08-20,18.405000686645508,18.774999618530273,18.389999389648438,18.725000381469727,18.16221046447754,4591200
2020-08-21,18.6875,18.8799991607666,18.645000457763672,18.850000381469727,18.283458709716797,5632800
2020-08-24,19.15250015258789,19.247499465942383,19.032499313354492,19.239999771118164,18.66173553466797,6171200
2020-08-25,19.3125,19.38249969482422,19.167499542236328,19.375,18.792680740356445,9372800
2020-08-26,19.447500228881836,19.790000915527344,19.3799991607666,19.760000228881836,19.166107177734375,4713600
2020-08-27,19.864999771118164,20.022499084472656,19.645000457763672,19.84749984741211,19.250980377197266,6936400
2020-08-28,19.97249984741211,20.1200008392334,19.827499389648438,20.094999313354492,19.491039276123047,4264400
2020-08-31,20.072500228881836,20.184999465942383,19.9325008392334,19.957500457763672,19.3576717376709,5570400
2020-09-01,20.05500030517578,20.342500686645508,19.952499389648438,20.327499389648438,19.716550827026367,7978000
2020-09-02,20.575000762939453,21.040000915527344,20.43000030517578,20.915000915527344,20.286394119262695,9121600
2020-09-03,20.700000762939453,20.762500762939453,19.149999618530273,19.479999542236328,18.894521713256836,23483200
2020-09-04,19.5575008392334,19.747499465942383,18.28499984741211,19.15250015258789,18.576862335205078,22482000
2020-09-08,18.4950008392334,18.637500762939453,18.0674991607666,18.107500076293945,17.56327247619629,27679600
2020-09-09,18.582500457763672,19.112499237060547,18.477500915527344,18.822500228881836,18.256786346435547,14875600
2020-09-10,19.040000915527344,19.122499465942383,18.049999237060547,18.15999984741211,17.61419105529785,14140800
2020-09-11,18.3700008392334,18.4950008392334,17.844999313354492,18.177499771118164,17.63117027282715,10326000
2020-09-14,18.5575008392334,18.860000610351562,18.497499465942383,18.649999618530273,18.089466094970703,6671600
2020-09-15,18.947500228881836,19.052499771118164,18.725000381469727,18.84749984741211,18.281030654907227,7864400
2020-09-16,19.00749969482422,19.170000076293945,18.667499542236328,18.69499969482422,18.133115768432617,7595200
2020-09-17,18.110000610351562,18.572500228881836,18.052499771118164,18.377500534057617,17.825159072875977,11381200
2020-09-18,18.467500686645508,18.475000381469727,17.65250015258789,17.94499969482422,17.40565299987793,11346800
2020-09-21,17.412500381469727,17.55500030517578,16.975000381469727,17.545000076293945,17.017677307128906,15273200
2020-09-22,17.717500686645508,17.96500015258789,17.424999237060547,17.899999618530273,17.362010955810547,8152000
2020-09-23,17.96500015258789,17.9950008392334,17.010000228881836,17.0674991607666,16.554527282714844,10515600
2020-09-24,16.917499542236328,17.50749969482422,16.767499923706055,17.157499313354492,16.641822814941406,9802800
2020-09-25,17.0625,17.797500610351562,16.959999084472656,17.709999084472656,17.177719116210938,6419600
2020-09-28,18.197500228881836,18.38249969482422,18.082500457763672,18.30500030517578,17.75483512878418,8079200
2020-09-29,18.27750015258789,18.362499237060547,18.017499923706055,18.107500076293945,17.56327247619629,7067600
2020-09-30,18.184999465942383,18.7450008392334,18.162500381469727,18.36750030517578,17.815458297729492,22132800
2020-10-01,18.674999237060547,18.782499313354492,18.389999389648438,18.612499237060547,18.053091049194336,8808800
2020-10-02,18.022499084472656,18.479999542236328,17.959999084472656,18.25,17.70149040222168,10392400
2020-10-05,18.4950008392334,18.917499542236328,18.4950008392334,18.897499084472656,18.329530715942383,6625600
2020-10-06,18.920000076293945,19.165000915527344,18.302499771118164,18.357500076293945,17.805763244628906,15110000
2020-10-07,18.707500457763672,19.092500686645508,18.707500457763672,18.997499465942383,18.42652130126953,7213200
2020-10-08,19.227500915527344,19.34000015258789,19.122499465942383,19.329999923706055,18.7490291595459,6133600
2020-10-09,19.53499984741211,19.735000610351562,19.462499618530273,19.6825008392334,19.090930938720703,8966400
2020-10-12,19.9950008392334,20.49250030517578,19.934999465942383,20.3125,19.702003479003906,7579600
2020-10-13,20.290000915527344,20.299999237060547,19.927499771118164,20.042499542236328,19.440114974975586,7532400
2020-10-14,20.11750030517578,20.25,19.702499389648438,19.802499771118164,19.20733070373535,7504400
2020-10-15,19.3125,19.799999237060547,19.25,19.739999771118164,19.146709442138672,9441200
2020-10-16,19.90999984741211,20.112499237060547,19.702499389648438,19.719999313354492,19.127309799194336,8711200
2020-10-19,19.872499465942383,19.9424991607666,19.012500762939453,19.114999771118164,18.54048728942871,11616400
2020-10-20,19.27750015258789,19.662500381469727,19.190000534057617,19.262500762939453,18.683563232421875,11279200
2020-10-21,19.264999389648438,19.524999618530273,19.157499313354492,19.1924991607666,18.61566734313965,9851200
2020-10-22,19.225000381469727,19.479999542236328,18.96500015258789,19.407499313354492,18.824201583862305,9615200
2020-10-23,19.5625,19.5625,19.24250030517578,19.530000686645508,18.943017959594727,6026800
2020-10-26,19.127500534057617,19.219999313354492,18.392499923706055,18.8174991607666,18.251934051513672,17708800
2020-10-27,18.854999542236328,18.892499923706055,18.657499313354492,18.6825008392334,18.12099266052246,8005200
2020-10-28,18.0049991607666,18.084999084472656,17.350000381469727,17.412500381469727,16.889162063598633,24238400
2020-10-29,17.434999465942383,18.112499237060547,17.239999771118164,17.760000228881836,17.226219177246094,16132000
2020-10-30,17.5674991607666,17.719999313354492,16.962499618530273,17.3799991607666,16.85763931274414,18484000
2020-11-02,17.774999618530273,18.0,17.457500457763672,17.772499084472656,17.238344192504883,10147200
2020-11-03,18.147499084472656,18.635000228881836,18.094999313354492,18.395000457763672,17.842134475708008,10893600
2020-11-04,18.924999237060547,19.704999923706055,18.792499542236328,19.217500686645508,18.63991355895996,20320800
2020-11-05,19.862499237060547,20.190000534057617,19.8174991607666,19.969999313354492,19.369792938232422,15354400
2020-11-06,19.934999465942383,20.112499237060547,19.674999237060547,19.967500686645508,19.36737060546875,10264000
2020-11-09,21.542499542236328,21.577499389648438,20.40250015258789,20.467500686645508,19.852344512939453,28417600
2020-11-10,20.329999923706055,20.52750015258789,20.002500534057617,20.399999618530273,19.78687286376953,10491200
2020-11-11,20.674999237060547,20.80500030517578,20.520000457763672,20.700000762939453,20.077852249145508,5188000
2020-11-12,20.577499389648438,20.670000076293945,20.072500228881836,20.30500030517578,19.694730758666992,8625600
2020-11-13,20.53499984741211,20.952499389648438,20.469999313354492,20.864999771118164,20.237895965576172,6149200
2020-11-16,21.200000762939453,21.38249969482422,21.03499984741211,21.375,20.732572555541992,7123200
2020-11-17,21.077499389648438,21.3075008392334,20.889999389648438,21.157499313354492,20.521604537963867,6808800
2020-11-18,21.18000030517578,21.252500534057617,20.635000228881836,20.635000228881836,20.014806747436523,6958000
2020-11-19,20.5575008392334,20.860000610351562,20.392499923706055,20.802499771118164,20.177270889282227,6738800
2020-11-20,20.77750015258789,20.799999237060547,20.514999389648438,20.522499084472656,19.905691146850586,3707200
2020-11-23,20.752500534057617,20.917499542236328,20.469999313354492,20.774999618530273,20.150598526000977,5054400
2020-11-24,21.084999084472656,21.502500534057617,20.987499237060547,21.434999465942383,20.790761947631836,6769200
2020-11-25,21.427499771118164,21.427499771118164,21.229999542236328,21.372499465942383,20.73014259338379,4118000
2020-11-27,21.510000228881836,21.542499542236328,21.362499237060547,21.489999771118164,20.8441104888916,2332000
2020-11-30,21.389999389648438,21.420000076293945,20.959999084472656,21.292499542236328,20.65254783630371,7734800
2020-12-01,21.707500457763672,21.952499389648438,21.635000228881836,21.760000228881836,21.105998992919922,7810800
2020-12-02,21.6200008392334,21.86750030517578,21.542499542236328,21.84749984741211,21.190868377685547,7015600
2020-12-03,21.834999084472656,22.017499923706055,21.700000762939453,21.837499618530273,21.181167602539062,4099200
2020-12-04,21.90999984741211,22.212499618530273,21.90999984741211,22.209999084472656,21.542469024658203,3390800
2020-12-07,22.11750030517578,22.18000030517578,21.962499618530273,22.127500534057617,21.46245002746582,4973600
2020-12-08,21.952499389648438,22.325000762939453,21.947500228881836,22.2450008392334,21.5764217376709,3333600
2020-12-09,22.337499618530273,22.354999542236328,21.737499237060547,21.850000381469727,21.19329071044922,10551200
2020-12-10,21.665000915527344,21.959999084472656,21.5625,21.837499618530273,21.181167602539062,7682000
2020-12-11,21.612499237060547,21.809999465942383,21.420000076293945,21.772499084472656,21.118122100830078,6881600
2020-12-14,22.0625,22.19499969482422,21.5575008392334,21.582500457763672,20.9338321685791,9446400
2020-12-15,21.915000915527344,22.170000076293945,21.735000610351562,22.162500381469727,21.496400833129883,6826000
2020-12-16,22.202499389648438,22.354999542236328,22.084999084472656,22.235000610351562,21.566720962524414,6468800
2020-12-17,22.447500228881836,22.510000228881836,22.344999313354492,22.489999771118164,21.814058303833008,4880400
2020-12-18,22.52750015258789,22.542499542236328,22.045000076293945,22.332500457763672,21.661293029785156,15771600
2020-12-21,21.790000915527344,22.260000228881836,21.4424991607666,22.149999618530273,21.484275817871094,13902000
2020-12-22,22.18000030517578,22.200000762939453,21.927499771118164,22.06999969482422,21.406679153442383,7285600
2020-12-23,22.165000915527344,22.329999923706055,22.0625,22.079999923706055,21.4367733001709,6956000
2020-12-24,22.139999389648438,22.2549991607666,22.072500228881836,22.25,21.601825714111328,1938800
2020-12-28,22.59000015258789,22.6875,22.497499465942383,22.637500762939453,21.97803497314453,4328000
2020-12-29,22.827499389648438,22.854999542236328,22.47249984741211,22.5575008392334,21.900365829467773,11392800
2020-12-30,22.649999618530273,22.737499237060547,22.565000534057617,22.610000610351562,21.951337814331055,3710800
2020-12-31,22.592500686645508,22.927499771118164,22.517499923706055,22.837499618530273,22.172208786010742,7084000
2021-01-04,23.00749969482422,23.024999618530273,21.727500915527344,22.21500015258789,21.567838668823242,17792000
2021-01-05,22.1200008392334,22.655000686645508,22.1200008392334,22.514999389648438,21.859102249145508,8517600
2021-01-06,22.315000534057617,23.202499389648438,22.2450008392334,22.787500381469727,22.1236629486084,14572800
2021-01-07,23.100000381469727,23.55500030517578,23.075000762939453,23.457500457763672,22.77414894104004,8939200
2021-01-08,23.642499923706055,23.75,23.209999084472656,23.732500076293945,23.041133880615234,7393600
2021-01-11,23.30500030517578,23.637500762939453,23.28499984741211,23.407499313354492,22.725605010986328,8733600
2021-01-12,23.434999465942383,23.547500610351562,23.1200008392334,23.40999984741211,22.728029251098633,6423600
2021-01-13,23.40999984741211,23.670000076293945,23.299999237060547,23.542499542236328,22.856670379638672,4741200
2021-01-14,23.639999389648438,23.702499389648438,23.329999923706055,23.36750030517578,22.686771392822266,4511600
2021-01-15,23.155000686645508,23.252500534057617,22.790000915527344,23.02750015258789,22.356678009033203,6078800
2021-01-19,23.350000381469727,23.459999084472656,23.15999984741211,23.392499923706055,22.711040496826172,5157600
2021-01-20,23.690000534057617,24.145000457763672,23.645000457763672,24.032499313354492,23.3323917388916,5597200
2021-01-21,24.112499237060547,24.167499542236328,23.957500457763672,24.079999923706055,23.378511428833008,5290400
2021-01-22,23.81999969482422,24.05500030517578,23.787500381469727,23.905000686645508,23.208614349365234,5680800
2021-01-25,24.0049991607666,24.137500762939453,23.357500076293945,24.09000015258789,23.388227462768555,7730400
2021-01-26,24.21500015258789,24.267499923706055,23.989999771118164,24.017499923706055,23.31783676147461,4032800
2021-01-27,23.565000534057617,23.575000762939453,22.540000915527344,22.837499618530273,22.172208786010742,14197200
2021-01-28,23.077499389648438,23.75,23.030000686645508,23.21500015258789,22.538715362548828,8597200
2021-01-29,22.985000610351562,23.107500076293945,22.077499389648438,22.3125,21.66250228881836,13051200
2021-02-01,22.735000610351562,23.172500610351562,22.457500457763672,23.03499984741211,22.36395263671875,8448800
2021-02-02,23.457500457763672,23.897499084472656,23.450000762939453,23.690000534057617,22.9998722076416,6744400
2021-02-03,23.809999465942383,23.954999923706055,23.5575008392334,23.735000610351562,23.043561935424805,5496400
2021-02-04,23.872499465942383,24.270000457763672,23.84749984741211,24.270000457763672,23.562976837158203,4207600
2021-02-05,24.524999618530273,24.547500610351562,24.3075008392334,24.454999923706055,23.742589950561523,5580000
2021-02-08,24.657499313354492,24.8174991607666,24.540000915527344,24.8075008392334,24.084819793701172,4796800
2021-02-09,24.690000534057617,24.857500076293945,24.637500762939453,24.767499923706055,24.04598617553711,3990800
2021-02-10,25.0049991607666,25.032499313354492,24.4325008392334,24.760000228881836,24.03870391845703,6457200
2021-02-11,24.905000686645508,24.954999923706055,24.5,24.837499618530273,24.11394500732422,4356400
2021-02-12,24.712499618530273,25.107500076293945,24.712499618530273,25.084999084472656,24.354236602783203,4266000
2021-02-16,25.24250030517578,25.267499923706055,24.934999465942383,25.040000915527344,24.310544967651367,5452400
2021-02-17,24.782499313354492,25.072500228881836,24.649999618530273,25.05500030517578,24.32510757446289,5529600
2021-02-18,24.674999237060547,24.924999237060547,24.447500228881836,24.834999084472656,24.11151695251465,5792000
2021-02-19,24.989999771118164,25.030000686645508,24.674999237060547,24.725000381469727,24.00472640991211,6422400
2021-02-22,24.362499237060547,24.6825008392334,24.3174991607666,24.36750030517578,23.657634735107422,6933200
2021-02-23,24.042499542236328,24.594999313354492,23.49250030517578,24.420000076293945,23.70861053466797,15386800
2021-02-24,24.25749969482422,25.00749969482422,24.137500762939453,24.952499389648438,24.225595474243164,10410000
2021-02-25,24.774999618530273,24.957500457763672,23.542499542236328,23.7549991607666,23.06298065185547,15158800
2021-02-26,23.997499465942383,24.145000457763672,23.232500076293945,23.49250030517578,22.808128356933594,15949600
2021-03-01,24.142499923706055,24.802499771118164,24.142499923706055,24.635000228881836,23.917348861694336,8591200
2021-03-02,24.674999237060547,24.69499969482422,24.225000381469727,24.252500534057617,23.545991897583008,11107600
2021-03-03,24.157499313354492,24.287500381469727,23.59749984741211,23.612499237060547,22.924633026123047,11657200
2021-03-04,23.575000762939453,23.922500610351562,22.422500610351562,23.024999618530273,22.354248046875,19076800
2021-03-05,23.479999542236328,24.0049991607666,22.524999618530273,23.86750030517578,23.17220687866211,13710800
2021-03-08,23.9950008392334,24.3700008392334,23.59000015258789,23.63249969482422,22.94404411315918,13467600
2021-03-09,24.135000228881836,24.639999389648438,24.075000762939453,24.299999237060547,23.592103958129883,10841200
2021-03-10,24.6200008392334,24.829999923706055,24.427499771118164,24.602500915527344,23.885793685913086,9801200
2021-03-11,24.940000534057617,25.3700008392334,24.877500534057617,25.107500076293945,24.376081466674805,9720000
2021-03-12,24.93000030517578,25.1875,24.799999237060547,25.18000030517578,24.446470260620117,6969600
2021-03-15,25.200000762939453,25.502500534057617,24.912500381469727,25.482500076293945,24.74015998840332,5912800
2021-03-16,25.5575008392334,25.639999389648438,25.297500610351562,25.420000076293945,24.679473876953125,6792800
2021-03-17,25.217500686645508,25.684999465942383,25.065000534057617,25.565000534057617,24.820255279541016,7748000
2021-03-18,25.217500686645508,25.502500534057617,24.737499237060547,24.822500228881836,24.099380493164062,8959200
2021-03-19,24.787500381469727,24.9950008392334,24.4375,24.725000381469727,24.00472640991211,7883600
2021-03-22,24.80500030517578,25.3125,24.797500610351562,25.127500534057617,24.395498275756836,6100000
2021-03-23,25.022499084472656,25.217500686645508,24.604999542236328,24.717500686645508,24.01416778564453,7867600
2021-03-24,24.90250015258789,25.125,24.459999084472656,24.469999313354492,23.773706436157227,7664400
2021-03-25,24.2549991607666,24.84000015258789,24.002500534057617,24.735000610351562,24.03116798400879,11113600
2021-03-26,24.892499923706055,25.582500457763672,24.809999465942383,25.52750015258789,24.80112075805664,10181200
2021-03-29,25.322500228881836,25.627500534057617,25.125,25.502500534057617,24.776832580566406,10312000
2021-03-30,25.31999969482422,25.454999923706055,25.147499084472656,25.36750030517578,24.64566993713379,7113600
2021-03-31,25.434999465942383,25.78499984741211,25.434999465942383,25.577499389648438,24.84969711303711,7120000
2021-04-01,25.829999923706055,26.13249969482422,25.802499771118164,26.112499237060547,25.369470596313477,9206000
2021-04-05,26.497499465942383,26.94499969482422,26.482500076293945,26.862499237060547,26.098127365112305,8551600
2021-04-06,26.78499984741211,26.979999542236328,26.7450008392334,26.832500457763672,26.06898307800293,5787600
2021-04-07,26.8125,26.94499969482422,26.75,26.897499084472656,26.132129669189453,4468400
2021-04-08,27.06999969482422,27.157499313354492,26.9424991607666,27.147499084472656,26.375017166137695,4738000
2021-04-09,27.137500762939453,27.565000534057617,27.1200008392334,27.542499542236328,26.75878143310547,6024000
2021-04-12,27.454999923706055,27.602500915527344,27.3700008392334,27.5674991607666,26.783065795898438,5993200
2021-04-13,27.540000915527344,27.8125,27.489999771118164,27.719999313354492,26.931224822998047,4851600
2021-04-14,27.71500015258789,27.86750030517578,27.452499389648438,27.545000076293945,26.761205673217773,7879600
2021-04-15,27.834999084472656,28.15999984741211,27.834999084472656,28.125,27.324703216552734,5727200
2021-04-16,28.3125,28.397499084472656,28.107500076293945,28.322500228881836,27.51658821105957,5789600
2021-04-19,28.172500610351562,28.237499237060547,27.84000015258789,28.047500610351562,27.24941062927246,7867200
2021-04-20,27.844999313354492,27.952499389648438,27.412500381469727,27.627500534057617,26.84136390686035,8563600
2021-04-21,27.52750015258789,28.172500610351562,27.512500762939453,28.142499923706055,27.341705322265625,11540400
2021-04-22,28.112499237060547,28.229999542236328,27.469999313354492,27.635000228881836,26.848651885986328,9570000
2021-04-23,27.707500457763672,28.422500610351562,27.69499969482422,28.227500915527344,27.424285888671875,7693200
2021-04-26,28.3174991607666,28.420000076293945,28.25,28.34749984741211,27.54087257385254,4037600
2021-04-27,28.375,28.407499313354492,28.162500381469727,28.329999923706055,27.52387046813965,4674000
2021-04-28,28.364999771118164,28.517499923706055,28.239999771118164,28.295000076293945,27.4898681640625,5860800
2021-04-29,28.700000762939453,28.75,28.174999237060547,28.662500381469727,27.846912384033203,13111200
2021-04-30,28.325000762939453,28.457500457763672,28.15999984741211,28.290000915527344,27.485017776489258,7189600
2021-05-03,28.572500228881836,28.6299991607666,28.334999084472656,28.405000686645508,27.596736907958984,6923200
2021-05-04,28.112499237060547,28.1825008392334,27.520000457763672,28.05500030517578,27.256696701049805,14849200
2021-05-05,28.292499542236328,28.325000762939453,27.959999084472656,28.0674991607666,27.268836975097656,8499600
2021-05-06,28.075000762939453,28.540000915527344,27.790000915527344,28.524999618530273,27.713321685791016,12385200
2021-05-07,28.6299991607666,29.02750015258789,28.53499984741211,28.922500610351562,28.099512100219727,6983600
2021-05-10,28.977500915527344,29.012500762939453,28.342500686645508,28.3700008392334,27.562734603881836,9599600
2021-05-11,27.702499389648438,27.99250030517578,27.287500381469727,27.86750030517578,27.07453155517578,13697200
2021-05-12,27.44499969482422,27.63249969482422,26.582500457763672,26.672500610351562,25.91353416442871,16284800
2021-05-13,26.8799991607666,27.572500228881836,26.872499465942383,27.30500030517578,26.52803611755371,16456000
2021-05-14,27.684999465942383,28.260000228881836,27.684999465942383,28.137500762939453,27.336851119995117,13634400
2021-05-17,27.977500915527344,28.104999542236328,27.709999084472656,28.0049991607666,27.208120346069336,8976800
2021-05-18,28.017499923706055,28.0625,27.49250030517578,27.514999389648438,26.7320613861084,7960800
2021-05-19,26.834999084472656,27.387500762939453,26.627500534057617,27.377500534057617,26.59847640991211,12560000
2021-05-20,27.487499237060547,28.13249969482422,27.475000381469727,27.954999923706055,27.1595458984375,10020800
2021-05-21,28.172500610351562,28.34749984741211,27.842500686645508,27.920000076293945,27.125537872314453,8975200
2021-05-24,28.229999542236328,28.6299991607666,28.19499969482422,28.475000381469727,27.664745330810547,6609600
2021-05-25,28.63249969482422,28.6825008392334,28.267499923706055,28.357500076293945,27.550586700439453,8968800
2021-05-26,28.4325008392334,28.52750015258789,28.282499313354492,28.462499618530273,27.652603149414062,6134800
2021-05-27,28.600000381469727,28.68000030517578,28.46500015258789,28.479999542236328,27.669601440429688,3992000
2021-05-28,28.71500015258789,28.752500534057617,28.559999465942383,28.59749984741211,27.78376579284668,4609600
2021-06-01,28.93000030517578,28.947500228881836,28.47249984741211,28.540000915527344,27.727895736694336,5901200
2021-06-02,28.622499465942383,28.7450008392334,28.489999771118164,28.639999389648438,27.82505226135254,4670400
2021-06-03,28.274999618530273,28.575000762939453,28.072500228881836,28.424999237060547,27.616168975830078,7688000
2021-06-04,28.68000030517578,28.97249984741211,28.667499542236328,28.9325008392334,28.109228134155273,4660800
2021-06-07,28.924999237060547,28.952499389648438,28.735000610351562,28.887500762939453,28.065507888793945,3902800
2021-06-08,28.99250030517578,29.00749969482422,28.61750030517578,28.889999389648438,28.067935943603516,4282400
2021-06-09,29.0049991607666,29.012500762939453,28.764999389648438,28.795000076293945,27.97563934326172,3898800
2021-06-10,28.969999313354492,29.197500228881836,28.782499313354492,29.059999465942383,28.233102798461914,4528800
2021-06-11,29.145000457763672,29.172500610351562,28.957500457763672,29.15999984741211,28.33025550842285,2855200
2021-06-14,29.162500381469727,29.302499771118164,28.989999771118164,29.302499771118164,28.46870231628418,2412800
2021-06-15,29.30500030517578,29.309999465942383,29.045000076293945,29.1875,28.356971740722656,11724800
2021-06-16,29.204999923706055,29.22249984741211,28.540000915527344,28.854999542236328,28.033933639526367,9213200
2021-06-17,28.774999618530273,28.96500015258789,28.46500015258789,28.827499389648438,28.00721549987793,7510400
2021-06-18,28.34000015258789,28.44499969482422,28.020000457763672,28.0575008392334,27.25912857055664,9383600
2021-06-21,28.302499771118164,28.8799991607666,28.184999465942383,28.850000381469727,28.029075622558594,9243600
2021-06-22,28.84000015258789,29.267499923706055,28.735000610351562,29.142499923706055,28.324052810668945,4722400
2021-06-23,29.155000686645508,29.272499084472656,29.065000534057617,29.075000762939453,28.258447647094727,4903200
2021-06-24,29.389999389648438,29.479999542236328,29.352500915527344,29.415000915527344,28.588899612426758,3556000
2021-06-25,29.530000686645508,29.690000534057617,29.485000610351562,29.6200008392334,28.78814697265625,3942400
2021-06-28,29.697500228881836,29.764999389648438,29.522499084472656,29.74250030517578,28.90719985961914,3628000
2021-06-29,29.797500610351562,29.889999389648438,29.697500228881836,29.774999618530273,28.93878936767578,3490400
2021-06-30,29.702499389648438,29.917499542236328,29.702499389648438,29.834999084472656,28.997106552124023,4571200
2021-07-01,29.9375,30.174999237060547,29.922500610351562,30.15250015258789,29.305688858032227,4119600
2021-07-02,30.315000534057617,30.65999984741211,30.274999618530273,30.61750030517578,29.757627487182617,7111200
2021-07-06,30.607500076293945,30.645000457763672,30.084999084472656,30.497499465942383,29.6409969329834,6861200
2021-07-07,30.602500915527344,30.75,30.297500610351562,30.712499618530273,29.84996223449707,5688000
2021-07-08,29.897499084472656,30.31999969482422,29.725000381469727,30.21500015258789,29.366432189941406,11792800
2021-07-09,30.4375,30.895000457763672,30.40250015258789,30.837499618530273,29.97144889831543,6864800
2021-07-12,30.834999084472656,31.107500076293945,30.774999618530273,31.079999923706055,30.20713996887207,4605600
2021-07-13,30.954999923706055,31.174999237060547,30.81999969482422,30.864999771118164,29.9981746673584,6186000
2021-07-14,31.110000610351562,31.1825008392334,30.760000228881836,30.9424991607666,30.073497772216797,6391200
2021-07-15,30.7450008392334,30.844999313354492,30.447500228881836,30.735000610351562,29.871829986572266,9320400
2021-07-16,30.907499313354492,30.915000915527344,30.1924991607666,30.25,29.400449752807617,9612000
2021-07-19,29.520000457763672,29.600000381469727,28.934999465942383,29.34749984741211,28.523296356201172,22274400
2021-07-20,29.447500228881836,30.375,29.334999084472656,30.1924991607666,29.34456443786621,12377200
2021-07-21,30.375,30.700000762939453,30.34749984741211,30.684999465942383,29.82322883605957,9033200
2021-07-22,30.712499618530273,30.842500686645508,30.55500030517578,30.822500228881836,29.95686912536621,5915200
2021-07-23,31.100000381469727,31.487499237060547,31.0,31.43000030517578,30.547306060791016,6118400
2021-07-26,31.350000381469727,31.59000015258789,31.344999313354492,31.59000015258789,30.702816009521484,5708400
2021-07-27,31.4375,31.440000534057617,30.872499465942383,31.299999237060547,30.42095947265625,11188800
2021-07-28,31.395000457763672,31.482500076293945,31.0625,31.272499084472656,30.394229888916016,9858400
2021-07-29,31.422500610351562,31.6924991607666,31.422500610351562,31.530000686645508,30.64449691772461,4914800
2021-07-30,31.145000457763672,31.447500228881836,31.122499465942383,31.227500915527344,30.350496292114258,6282800
2021-08-02,31.475000381469727,31.56999969482422,31.052499771118164,31.09749984741211,30.224149703979492,7851200
2021-08-03,31.200000762939453,31.612499237060547,30.88249969482422,31.600000381469727,30.712533950805664,7096400
2021-08-04,31.405000686645508,31.489999771118164,31.252500534057617,31.287500381469727,30.408811569213867,4598400
2021-08-05,31.462499618530273,31.690000534057617,31.417499542236328,31.684999465942383,30.795146942138672,3396800
2021-08-06,31.735000610351562,31.84749984741211,31.6875,31.78499984741211,30.8923397064209,3820400
2021-08-09,31.782499313354492,31.822500228881836,31.612499237060547,31.737499237060547,30.846172332763672,3700000
2021-08-10,31.795000076293945,31.917499542236328,31.697500228881836,31.799999237060547,30.906917572021484,3946800
2021-08-11,31.975000381469727,31.982500076293945,31.799999237060547,31.962499618530273,31.064855575561523,5993600
2021-08-12,31.934999465942383,32.17250061035156,31.80500030517578,32.14250183105469,31.23980140686035,3240000
2021-08-13,32.227500915527344,32.275001525878906,32.150001525878906,32.26750183105469,31.361291885375977,6648400
2021-08-16,32.0625,32.4375,31.827499389648438,32.42250061035156,31.51193618774414,9453200
2021-08-17,32.025001525878906,32.122501373291016,31.530000686645508,32.005001068115234,31.106164932250977,9338000
2021-08-18,31.837499618530273,32.07500076293945,31.2549991607666,31.292499542236328,30.413671493530273,9959600
2021-08-19,30.877500534057617,31.565000534057617,30.852500915527344,31.3700008392334,30.48899269104004,13184800
2021-08-20,31.447500228881836,31.934999465942383,31.36750030517578,31.88249969482422,30.987098693847656,6744800
2021-08-23,32.13999938964844,32.58250045776367,32.13999938964844,32.44499969482422,31.533796310424805,5265200
2021-08-24,32.540000915527344,32.625,32.467498779296875,32.540000915527344,31.62613868713379,4304000
2021-08-25,32.58000183105469,32.7599983215332,32.52000045776367,32.685001373291016,31.767066955566406,2995600
2021-08-26,32.654998779296875,32.66999816894531,32.282501220703125,32.29750061035156,31.39044761657715,7281200
2021-08-27,32.42250061035156,32.92499923706055,32.40999984741211,32.8650016784668,31.9420108795166,7420800
2021-08-30,32.970001220703125,33.279998779296875,32.9375,33.154998779296875,32.2238655090332,5035600
2021-08-31,33.13750076293945,33.19499969482422,32.967498779296875,33.07749938964844,32.14854431152344,7054400
2021-09-01,33.20249938964844,33.28499984741211,33.057498931884766,33.095001220703125,32.16554260253906,5611600
2021-09-02,33.310001373291016,33.41749954223633,33.10749816894531,33.29249954223633,32.357505798339844,3719200
2021-09-03,33.125,33.35499954223633,33.0525016784668,33.279998779296875,32.34536361694336,5042000
2021-09-07,33.212501525878906,33.22999954223633,32.93000030517578,33.040000915527344,32.112098693847656,4952000
2021-09-08,32.95249938964844,33.064998626708984,32.654998779296875,32.962501525878906,32.03676986694336,6045600
2021-09-09,32.915000915527344,33.192501068115234,32.630001068115234,32.66749954223633,31.75005531311035,6470400
2021-09-10,32.97249984741211,33.029998779296875,32.13249969482422,32.165000915527344,31.261669158935547,9318000
2021-09-13,32.6150016784668,32.64250183105469,31.957500457763672,32.3025016784668,31.395309448242188,15240800
2021-09-14,32.529998779296875,32.5625,31.825000762939453,31.96500015258789,31.067283630371094,11233600
2021-09-15,32.01499938964844,32.56999969482422,31.854999542236328,32.48500061035156,31.572683334350586,9926800
2021-09-16,32.40999984741211,32.557498931884766,31.9325008392334,32.375,31.46577262878418,9875200
2021-09-17,32.255001068115234,32.33250045776367,31.697500228881836,31.760000228881836,30.8680419921875,15334400
2021-09-20,30.8125,31.049999237060547,29.950000762939453,30.69499969482422,29.832950592041016,24785200
2021-09-21,31.037500381469727,31.235000610351562,30.5575008392334,30.649999618530273,29.789215087890625,13826000
2021-09-22,30.962499618530273,31.530000686645508,30.829999923706055,31.21500015258789,30.347749710083008,14553600
2021-09-23,31.50749969482422,32.220001220703125,31.469999313354492,31.982500076293945,31.093929290771484,9560000
2021-09-24,31.729999542236328,32.189998626708984,31.6924991607666,32.084999084472656,31.193578720092773,7785200
2021-09-27,31.920000076293945,32.09749984741211,31.790000915527344,31.907499313354492,31.021015167236328,10027600
2021-09-28,31.462499618530273,31.520000457763672,30.5,30.607500076293945,29.757131576538086,23703200
2021-09-29,30.8174991607666,31.075000762939453,30.627500534057617,30.707500457763672,29.854354858398438,13817600
2021-09-30,30.9325008392334,31.03499984741211,29.93000030517578,29.954999923706055,29.122760772705078,22155600
2021-10-01,30.209999084472656,30.917499542236328,29.697500228881836,30.662500381469727,29.810604095458984,20682400
2021-10-04,30.4950008392334,30.627500534057617,29.55500030517578,29.885000228881836,29.05470848083496,23286000
2021-10-05,30.09749984741211,30.829999923706055,29.982500076293945,30.4950008392334,29.64775848388672,13209600
2021-10-06,29.957500457763672,30.780000686645508,29.712499618530273,30.75,29.895671844482422,18548000
2021-10-07,31.2450008392334,31.702499389648438,31.212499618530273,31.274999618530273,30.406085968017578,10979600
2021-10-08,31.392499923706055,31.450000762939453,31.065000534057617,31.155000686645508,30.2894229888916,9932400
2021-10-11,31.065000534057617,31.5,30.702499389648438,30.712499618530273,29.859216690063477,8168400
2021-10-12,30.850000381469727,30.905000686645508,30.440000534057617,30.5575008392334,29.708520889282227,10218400
2021-10-13,30.700000762939453,30.897499084472656,30.262500762939453,30.772499084472656,29.917543411254883,9806000
2021-10-14,31.327499389648438,31.832500457763672,31.2549991607666,31.799999237060547,30.916500091552734,8906800
2021-10-15,32.14250183105469,32.34749984741211,32.037498474121094,32.290000915527344,31.39288902282715,8079600
2021-10-18,32.01499938964844,32.532501220703125,31.915000915527344,32.494998931884766,31.592193603515625,7330000
2021-10-19,32.73249816894531,32.9900016784668,32.63750076293945,32.977500915527344,32.061279296875,6001200
2021-10-20,33.04249954223633,33.28499984741211,33.03499984741211,33.23249816894531,32.309200286865234,9308400
2021-10-21,33.14500045776367,33.442501068115234,33.07749938964844,33.41749954223633,32.48905944824219,5668800
2021-10-22,33.334999084472656,33.564998626708984,33.040000915527344,33.342498779296875,32.4161376953125,7822800
2021-10-25,33.502498626708984,33.744998931884766,33.22999954223633,33.682498931884766,32.746700286865234,4198000
2021-10-26,33.92499923706055,34.125,33.6974983215332,33.7599983215332,32.822044372558594,5773600
2021-10-27,33.82500076293945,33.93000030517578,33.442501068115234,33.44499969482422,32.51578903198242,5713200
2021-10-28,33.67250061035156,34.10499954223633,33.67250061035156,34.095001220703125,33.147743225097656,5890000
2021-10-29,33.73249816894531,34.275001525878906,33.6875,34.23249816894531,33.28141403198242,7220400
2021-11-01,34.39250183105469,34.4474983215332,34.0724983215332,34.35499954223633,33.40052032470703,6745200
2021-11-02,34.377498626708984,34.67250061035156,34.35499954223633,34.627498626708984,33.66544723510742,6419600
2021-11-03,34.537498474121094,35.11000061035156,34.46500015258789,35.060001373291016,34.0859260559082,7802800
2021-11-04,35.14250183105469,35.38750076293945,35.09000015258789,35.369998931884766,34.38731384277344,10000000
2021-11-05,35.7400016784668,35.939998626708984,35.377498626708984,35.61750030517578,34.62794494628906,9061600
2021-11-08,35.79249954223633,35.869998931884766,35.56999969482422,35.685001373291016,34.69355773925781,5759200
2021-11-09,35.73249816894531,35.772499084472656,35.209999084472656,35.45249938964844,34.46751403808594,10216000
2021-11-10,35.157501220703125,35.4375,34.625,34.872501373291016,33.90364456176758,10791200
2021-11-11,35.099998474121094,35.1150016784668,34.88750076293945,34.897499084472656,33.927940368652344,4883200
2021-11-12,35.09000015258789,35.5,34.9375,35.41749954223633,34.433494567871094,6622000
2021-11-15,35.6150016784668,35.63999938964844,35.255001068115234,35.4275016784668,34.443214416503906,7012800
2021-11-16,35.39250183105469,35.89500045776367,35.380001068115234,35.70000076293945,34.70814895629883,5653600
2021-11-17,35.66999816894531,35.6974983215332,35.439998626708984,35.532501220703125,34.545310974121094,6251200
2021-11-18,35.70500183105469,35.8224983215332,35.26499938964844,35.77000045776367,34.77619934082031,7078400
2021-11-19,35.77000045776367,35.95750045776367,35.59000015258789,35.64250183105469,34.65224838256836,5173600
2021-11-22,35.92499923706055,36.349998474121094,35.412498474121094,35.439998626708984,34.45536804199219,11969200
2021-11-23,35.3849983215332,35.66999816894531,34.97249984741211,35.55500030517578,34.567169189453125,13133200
2021-11-24,35.220001220703125,35.7400016784668,35.07749938964844,35.70249938964844,34.710575103759766,11372400
2021-11-26,34.65250015258789,34.872501373291016,33.94499969482422,34.157501220703125,33.208499908447266,16210800
2021-11-29,34.880001068115234,35.25,34.53499984741211,34.967498779296875,33.995994567871094,12191600
2021-11-30,34.567501068115234,34.869998931884766,33.560001373291016,33.64500045776367,32.71023941040039,24633200
2021-12-01,34.49250030517578,34.939998626708984,32.8125,32.852500915527344,31.93976402282715,21236800
2021-12-02,32.86249923706055,34.087501525878906,32.814998626708984,33.83250045776367,32.89253616333008,26122400
2021-12-03,34.11000061035156,34.27750015258789,32.592498779296875,33.272499084472656,32.34809875488281,34248400
2021-12-06,33.657501220703125,34.337501525878906,33.275001525878906,34.04750061035156,33.1015625,16867600
2021-12-07,34.877498626708984,35.54249954223633,34.869998931884766,35.45249938964844,34.46751403808594,13842800
2021-12-08,35.529998779296875,35.70750045776367,35.2400016784668,35.6349983215332,34.64495849609375,9857600
2021-12-09,35.4275016784668,35.58250045776367,35.13249969482422,35.15250015258789,34.17586135864258,7860800
2021-12-10,35.59749984741211,35.84000015258789,35.18000030517578,35.810001373291016,34.81508255004883,7332400
2021-12-13,35.73500061035156,35.779998779296875,35.13999938964844,35.192501068115234,34.21474838256836,10077600
2021-12-14,34.64500045776367,35.0525016784668,34.212501525878906,34.689998626708984,33.726200103759766,14526000
2021-12-15,34.70249938964844,35.814998626708984,34.307498931884766,35.779998779296875,34.78592300415039,14868400
2021-12-16,36.0724983215332,36.11750030517578,34.88999938964844,35.14500045776367,34.16857147216797,21803200
2021-12-17,34.63249969482422,35.125,34.119998931884766,34.39500045776367,33.43939971923828,23133600
2021-12-20,33.58000183105469,33.72249984741211,33.084999084472656,33.65250015258789,32.717529296875,21446000
2021-12-21,34.192501068115234,34.875,33.85499954223633,34.85749816894531,33.88905334472656,12248000
2021-12-22,34.810001373291016,35.5625,34.779998779296875,35.54750061035156,34.559879302978516,9386400
2021-12-23,35.689998626708984,36.20000076293945,35.665000915527344,35.962501525878906,34.98895263671875,8054800
2021-12-27,36.189998626708984,36.98249816894531,36.18000030517578,36.97999954223633,35.9788932800293,7790800
2021-12-28,37.057498931884766,37.209999084472656,36.787498474121094,36.92250061035156,35.92295455932617,7495600
2021-12-29,36.939998626708984,37.17250061035156,36.76250076293945,37.01250076293945,36.010520935058594,5320000
2021-12-30,37.0625,37.23500061035156,36.724998474121094,36.807498931884766,35.81107711791992,6634400
2021-12-31,36.70750045776367,36.904998779296875,36.56999969482422,36.592498779296875,35.60188674926758,7302400
2022-01-03,36.8224983215332,37.04750061035156,36.4375,37.025001525878906,36.02268981933594,12192400
2022-01-04,37.26750183105469,37.380001068115234,36.70000076293945,37.005001068115234,36.003231048583984,12522800
2022-01-05,36.9474983215332,37.0724983215332,35.56999969482422,35.59749984741211,34.633827209472656,19431600
2022-01-06,35.5,35.94499969482422,35.130001068115234,35.51250076293945,34.55113220214844,18511200
2022-01-07,35.5,35.70000076293945,35.0099983215332,35.244998931884766,34.290870666503906,14526000
2022-01-10,34.709999084472656,35.17499923706055,33.79249954223633,35.147499084472656,34.19600296020508,19777200
2022-01-11,35.09749984741211,35.79249954223633,34.6150016784668,35.76750183105469,34.79922103881836,14002400
2022-01-12,36.060001373291016,36.29999923706055,35.657501220703125,35.97249984741211,34.99867248535156,11756000
2022-01-13,36.14500045776367,36.244998931884766,34.814998626708984,34.974998474121094,34.02817916870117,7847800
2022-01-14,34.45000076293945,35.04999923706055,34.275001525878906,34.994998931884766,34.04764175415039,8342400
2022-01-18,34.22999954223633,34.275001525878906,33.584999084472656,33.775001525878906,32.86067199707031,8974600
2022-01-19,33.9900016784668,34.209999084472656,33.0099983215332,33.05500030517578,32.16015625,8198800
2022-01-20,33.34000015258789,34.07500076293945,32.25,32.33000183105469,31.454784393310547,12442400
2022-01-21,32.154998779296875,32.505001068115234,31.040000915527344,31.040000915527344,30.19970703125,18819000
2022-01-24,30.190000534057617,31.389999389648438,28.604999542236328,31.30500030517578,30.45752716064453,32643400
2022-01-25,30.350000381469727,31.28499984741211,29.510000228881836,30.53499984741211,29.708375930786133,30677000
2022-01-26,31.424999237060547,31.885000228881836,29.7549991607666,30.40999984741211,29.58675765991211,23318800
2022-01-27,31.075000762939453,31.53499984741211,29.834999084472656,30.084999084472656,29.27055549621582,15421000
2022-01-28,30.280000686645508,31.579999923706055,29.610000610351562,31.575000762939453,30.7202205657959,13776000
2022-01-31,31.469999313354492,32.76499938964844,31.270000457763672,32.71500015258789,31.829355239868164,11480000
2022-02-01,32.834999084472656,33.255001068115234,32.279998779296875,33.165000915527344,32.26717758178711,8326400
2022-02-02,33.529998779296875,33.915000915527344,33.16999816894531,33.80500030517578,32.88985061645508,7257400
2022-02-03,32.85499954223633,33.14500045776367,32.08000183105469,32.21500015258789,31.3428955078125,11295200
2022-02-04,32.189998626708984,33.095001220703125,31.815000534057617,32.529998779296875,31.64936637878418,10662200
2022-02-07,32.625,32.834999084472656,32.095001220703125,32.30500030517578,31.430456161499023,8258800
2022-02-08,32.220001220703125,32.96500015258789,32.0,32.83000183105469,31.94124412536621,6697400
2022-02-09,33.459999084472656,33.81999969482422,33.41999816894531,33.77000045776367,32.85580062866211,6309400
2022-02-10,32.85499954223633,33.810001373291016,32.255001068115234,32.58000183105469,31.698015213012695,15692800
2022-02-11,32.584999084472656,32.900001525878906,31.065000534057617,31.274999618530273,30.428342819213867,14044600
2022-02-14,31.200000762939453,31.440000534057617,30.559999465942383,31.084999084472656,30.243480682373047,11685200
2022-02-15,31.7450008392334,32.099998474121094,31.665000915527344,32.07500076293945,31.206689834594727,6359800
2022-02-16,31.760000228881836,32.35499954223633,31.469999313354492,32.154998779296875,31.284521102905273,5888600
2022-02-17,31.649999618530273,31.735000610351562,30.68000030517578,30.78499984741211,29.95160675048828,6695000
2022-02-18,30.809999465942383,30.9950008392334,30.03499984741211,30.3700008392334,29.5478458404541,8798400
2022-02-22,30.03499984741211,30.540000915527344,29.190000534057617,29.729999542236328,28.925168991088867,11808200
2022-02-23,30.1299991607666,30.219999313354492,28.56999969482422,28.65999984741211,27.884132385253906,12881200
2022-02-24,27.155000686645508,29.575000762939453,27.114999771118164,29.510000228881836,28.711124420166016,23458200
2022-02-25,29.684999465942383,30.829999923706055,29.459999084472656,30.815000534057617,29.980798721313477,14790200
2022-02-28,30.020000457763672,30.875,29.825000762939453,30.65999984741211,29.829992294311523,17989600
2022-03-01,30.459999084472656,30.735000610351562,29.34000015258789,29.729999542236328,28.925168991088867,17063400
2022-03-02,30.065000534057617,31.045000076293945,29.94499969482422,30.799999237060547,29.966201782226562,17382000
2022-03-03,31.190000534057617,31.264999389648438,30.2450008392334,30.510000228881836,29.684053421020508,14459000
2022-03-04,29.950000762939453,30.18000030517578,29.405000686645508,30.010000228881836,29.197587966918945,14339000
2022-03-07,29.920000076293945,29.954999923706055,28.229999542236328,28.2450008392334,27.48036766052246,16817200
2022-03-08,28.2549991607666,29.274999618530273,27.645000457763672,27.809999465942383,27.057144165039062,23793800
2022-03-09,28.9950008392334,29.56999969482422,28.684999465942383,29.290000915527344,28.49707794189453,14237000
2022-03-10,28.6200008392334,29.155000686645508,28.334999084472656,29.03499984741211,28.248985290527344,10917200
2022-03-11,29.389999389648438,29.475000381469727,28.21500015258789,28.295000076293945,27.52901268005371,12249800
2022-03-14,28.389999389648438,28.885000228881836,27.709999084472656,27.875,27.120386123657227,12240200
2022-03-15,28.25,29.18000030517578,28.05500030517578,29.084999084472656,28.297626495361328,9657600
2022-03-16,29.604999542236328,30.395000457763672,28.90999984741211,30.389999389648438,29.56730079650879,15275000
2022-03-17,30.100000381469727,31.149999618530273,30.049999237060547,31.145000457763672,30.301864624023438,10391400
2022-03-18,30.90999984741211,31.875,30.80500030517578,31.809999465942383,30.94886589050293,9804000
2022-03-21,31.825000762939453,32.10499954223633,31.280000686645508,31.825000762939453,30.96345329284668,11370600
2022-03-22,32.02000045776367,32.685001373291016,32.02000045776367,32.54499816894531,31.66396141052246,7972200
2022-03-23,32.150001525878906,32.3650016784668,31.690000534057617,31.690000534057617,30.851062774658203,8081600
2022-03-24,32.0,32.64500045776367,31.829999923706055,32.63999938964844,31.775915145874023,7094400
2022-03-25,32.75,33.005001068115234,32.345001220703125,32.95500183105469,32.082576751708984,8127800
2022-03-28,32.86000061035156,33.42499923706055,32.57500076293945,33.415000915527344,32.530399322509766,6381200
2022-03-29,34.01499938964844,34.33000183105469,33.6150016784668,34.27000045776367,33.36276626586914,9472400
2022-03-30,34.07500076293945,34.20000076293945,33.494998931884766,33.849998474121094,32.953880310058594,6084400
2022-03-31,33.709999084472656,33.834999084472656,32.77000045776367,32.80500030517578,31.936548233032227,11865400
2022-04-01,33.029998779296875,33.04499816894531,32.41999816894531,32.959999084472656,32.08744812011719,7886800
2022-04-04,32.994998931884766,33.540000915527344,32.875,33.525001525878906,32.63748550415039,6279600
2022-04-05,33.29499816894531,33.68000030517578,32.5099983215332,32.69499969482422,31.8294620513916,8899200
2022-04-06,32.09000015258789,32.375,31.584999084472656,32.025001525878906,31.17719841003418,12619400
2022-04-07,31.895000457763672,32.625,31.594999313354492,32.345001220703125,31.488731384277344,10742200
2022-04-08,32.2400016784668,32.6150016784668,31.94499969482422,32.18000030517578,31.32809829711914,8004400
2022-04-11,31.670000076293945,31.799999237060547,31.0,31.075000762939453,30.252347946166992,10137400
2022-04-12,31.510000228881836,31.899999618530273,30.610000610351562,30.834999084472656,30.018699645996094,10638000
2022-04-13,30.790000915527344,31.649999618530273,30.764999389648438,31.549999237060547,30.714773178100586,7713400
2022-04-14,31.575000762939453,31.739999771118164,30.735000610351562,30.770000457763672,29.955421447753906,8162600
2022-04-18,30.614999771118164,31.024999618530273,30.450000762939453,30.780000686645508,29.965160369873047,7941000
2022-04-19,30.7549991607666,31.875,30.735000610351562,31.7549991607666,30.914342880249023,7065800
2022-04-20,32.029998779296875,32.125,31.545000076293945,31.709999084472656,30.87053680419922,8205400
2022-04-21,32.27000045776367,32.470001220703125,30.635000228881836,30.764999389648438,29.95055389404297,10303600
2022-04-22,30.600000381469727,30.645000457763672,28.9950008392334,29.075000762939453,28.305294036865234,15042000
2022-04-25,28.7450008392334,29.43000030517578,28.084999084472656,29.399999618530273,28.621688842773438,23352000
2022-04-26,29.040000915527344,29.06999969482422,27.700000762939453,27.704999923706055,26.971561431884766,24766000
2022-04-27,27.854999542236328,28.610000610351562,27.565000534057617,27.860000610351562,27.122459411621094,19542000
2022-04-28,28.530000686645508,29.5049991607666,27.905000686645508,29.270000457763672,28.495128631591797,14701800
2022-04-29,28.690000534057617,28.9950008392334,26.9950008392334,27.100000381469727,26.382579803466797,16386000
2022-05-02,27.100000381469727,27.610000610351562,26.184999465942383,27.424999237060547,26.698972702026367,22453600
2022-05-03,27.489999771118164,28.010000228881836,27.28499984741211,27.684999465942383,26.95209312438965,13651600
2022-05-04,27.770000457763672,29.440000534057617,27.31999969482422,29.360000610351562,28.582752227783203,20668800
2022-05-05,28.7450008392334,28.75,26.674999237060547,27.290000915527344,26.567546844482422,24262800
2022-05-06,26.90999984741211,27.395000457763672,26.204999923706055,26.94499969482422,26.23168182373047,18009200
2022-05-09,26.114999771118164,26.28499984741211,25.0,25.229999542236328,24.562082290649414,17386400
2022-05-10,26.010000228881836,26.204999923706055,24.795000076293945,25.329999923706055,24.65943145751953,18834200
2022-05-11,25.184999465942383,25.950000762939453,24.424999237060547,24.520000457763672,23.870880126953125,21524200
2022-05-12,24.094999313354492,24.895000457763672,23.56999969482422,24.475000381469727,23.827068328857422,22651800
2022-05-13,25.010000228881836,25.815000534057617,24.875,25.635000228881836,24.956361770629883,14613000
2022-05-16,25.40999984741211,25.920000076293945,25.110000610351562,25.44499969482422,24.771390914916992,15493200
2022-05-17,26.239999771118164,26.5,25.7450008392334,26.459999084472656,25.759519577026367,14415000
2022-05-18,25.844999313354492,25.8799991607666,24.15999984741211,24.34000015258789,23.695640563964844,18674800
2022-05-19,23.90999984741211,24.604999542236328,23.739999771118164,24.020000457763672,23.38411521911621,24339800
2022-05-20,24.4950008392334,24.565000534057617,22.924999237060547,24.040000915527344,23.403587341308594,23473800
2022-05-23,24.459999084472656,25.045000076293945,24.145000457763672,24.950000762939453,24.28949737548828,14423800
2022-05-24,24.395000457763672,24.725000381469727,23.69499969482422,24.575000762939453,23.924423217773438,16472800
2022-05-25,24.364999771118164,25.260000228881836,24.31999969482422,25.020000457763672,24.357643127441406,13877400
2022-05-26,25.15999984741211,26.209999084472656,25.135000228881836,25.9950008392334,25.306835174560547,10796800
2022-05-27,26.329999923706055,27.28499984741211,26.299999237060547,27.274999618530273,26.552946090698242,10631200
2022-05-31,27.049999237060547,27.420000076293945,26.575000762939453,26.959999084472656,26.246288299560547,13650800
2022-06-01,27.2450008392334,27.389999389648438,26.170000076293945,26.530000686645508,25.827667236328125,16242200
2022-06-02,26.5,27.53499984741211,26.190000534057617,27.520000457763672,26.791460037231445,9011200
2022-06-03,26.864999771118164,27.084999084472656,26.485000610351562,26.6299991607666,25.925020217895508,7796400
2022-06-06,27.18000030517578,27.405000686645508,26.6200008392334,26.780000686645508,26.0710506439209,7151200
2022-06-07,26.295000076293945,27.354999542236328,26.239999771118164,27.28499984741211,26.562681198120117,7434400
2022-06-08,27.059999465942383,27.299999237060547,26.59000015258789,26.700000762939453,25.993165969848633,6744800
2022-06-09,26.450000762939453,26.7549991607666,25.420000076293945,25.424999237060547,24.751922607421875,10098000
2022-06-10,24.584999084472656,24.690000534057617,23.93000030517578,23.940000534057617,23.306232452392578,14187000
2022-06-13,22.690000534057617,22.94499969482422,21.905000686645508,22.114999771118164,21.5295467376709,19121000
2022-06-14,22.334999084472656,22.44499969482422,21.59000015258789,21.975000381469727,21.39325523376465,11468600
2022-06-15,22.385000228881836,23.155000686645508,21.770000457763672,22.594999313354492,21.996835708618164,18717000
2022-06-16,21.559999465942383,21.604999542236328,20.790000915527344,21.139999389648438,20.58035659790039,19460800
2022-06-17,21.149999618530273,21.584999084472656,20.760000228881836,21.174999237060547,20.61442756652832,14405400
2022-06-21,21.875,22.420000076293945,21.875,22.25,21.660974502563477,8824200
2022-06-22,21.719999313354492,22.684999465942383,21.670000076293945,22.165000915527344,21.57822608947754,10338800
2022-06-23,22.43000030517578,22.690000534057617,21.989999771118164,22.610000610351562,22.011442184448242,10428000
2022-06-24,23.0,24.03499984741211,22.9950008392334,24.03499984741211,23.398719787597656,11837600
2022-06-27,24.15999984741211,24.18000030517578,23.709999084472656,23.864999771118164,23.233217239379883,7569200
2022-06-28,24.03499984741211,24.405000686645508,22.860000610351562,22.885000228881836,22.279163360595703,10103600
2022-06-29,22.93000030517578,23.059999465942383,22.600000381469727,22.829999923706055,22.22562026977539,8442000
2022-06-30,22.34000015258789,22.860000610351562,21.885000228881836,22.450000762939453,21.85567855834961,11711000
2022-07-01,22.3700008392334,22.979999542236328,22.045000076293945,22.920000076293945,22.313232421875,10271000
2022-07-05,22.28499984741211,23.014999389648438,21.920000076293945,23.010000228881836,22.400856018066406,9357400
2022-07-06,23.03499984741211,23.479999542236328,22.725000381469727,23.174999237060547,22.561487197875977,9256000
2022-07-07,23.385000228881836,23.950000762939453,23.385000228881836,23.844999313354492,23.213748931884766,7275800
2022-07-08,23.635000228881836,24.049999237060547,23.44499969482422,23.809999465942383,23.17967414855957,7265600
2022-07-11,23.469999313354492,23.584999084472656,23.174999237060547,23.274999618530273,22.658838272094727,6317600
2022-07-12,23.184999465942383,23.489999771118164,22.6299991607666,22.854999542236328,22.249954223632812,8111000
2022-07-13,22.15999984741211,22.975000381469727,22.104999542236328,22.610000610351562,22.011442184448242,10986000
2022-07-14,21.989999771118164,22.565000534057617,21.670000076293945,22.485000610351562,21.889751434326172,8930000
2022-07-15,23.049999237060547,23.354999542236328,22.80500030517578,23.344999313354492,22.726985931396484,8004400
2022-07-18,23.729999542236328,23.815000534057617,22.80500030517578,22.959999084472656,22.352176666259766,7124400
2022-07-19,23.454999923706055,24.264999389648438,23.364999771118164,24.200000762939453,23.55934715270996,8896000
2022-07-20,24.219999313354492,24.690000534057617,24.045000076293945,24.514999389648438,23.866012573242188,9300200
2022-07-21,24.43000030517578,25.0049991607666,24.114999771118164,25.0049991607666,24.343040466308594,7985200
2022-07-22,25.0049991607666,25.170000076293945,24.239999771118164,24.545000076293945,23.895217895507812,8588800
2022-07-25,24.600000381469727,24.700000762939453,24.299999237060547,24.59000015258789,23.93902587890625,8169800
2022-07-26,24.3700008392334,24.399999618530273,23.885000228881836,24.0,23.364643096923828,5755200
2022-07-27,24.434999465942383,25.475000381469727,24.395000457763672,25.2549991607666,24.586421966552734,10685800
2022-07-28,25.350000381469727,25.969999313354492,24.885000228881836,25.8799991607666,25.194875717163086,12716800
2022-07-29,26.079999923706055,26.7549991607666,25.969999313354492,26.645000457763672,25.939624786376953,7272600
2022-08-01,26.260000228881836,26.809999465942383,26.170000076293945,26.475000381469727,25.774124145507812,7032400
2022-08-02,26.2549991607666,26.75,25.959999084472656,26.1299991607666,25.438257217407227,7327400
2022-08-03,26.405000686645508,27.09000015258789,26.3700008392334,26.934999465942383,26.221946716308594,6228600
2022-08-04,26.920000076293945,27.0049991607666,26.665000915527344,26.895000457763672,26.183006286621094,3744000
2022-08-05,26.299999237060547,26.8799991607666,26.295000076293945,26.780000686645508,26.0710506439209,8205400
2022-08-08,27.024999618530273,27.329999923706055,26.579999923706055,26.739999771118164,26.032108306884766,6873600
2022-08-09,26.635000228881836,26.69499969482422,26.3700008392334,26.514999389648438,25.813064575195312,3822600
2022-08-10,27.46500015258789,27.649999618530273,27.204999923706055,27.625,26.893678665161133,7769600
2022-08-11,28.014999389648438,28.270000457763672,27.524999618530273,27.6299991607666,26.89854621887207,6290400
2022-08-12,27.885000228881836,28.559999465942383,27.7549991607666,28.545000076293945,27.789323806762695,5257400
2022-08-15,28.229999542236328,28.854999542236328,28.229999542236328,28.790000915527344,28.0278377532959,5217000
2022-08-16,28.6299991607666,29.165000915527344,28.514999389648438,28.895000457763672,28.13005828857422,4700600
2022-08-17,28.3799991607666,28.860000610351562,28.19499969482422,28.489999771118164,27.73577880859375,7937600
2022-08-18,28.489999771118164,28.729999542236328,28.31999969482422,28.635000228881836,27.876941680908203,4973800
2022-08-19,28.260000228881836,28.280000686645508,27.739999771118164,27.864999771118164,27.127323150634766,7305400
2022-08-22,27.190000534057617,27.204999923706055,26.56999969482422,26.704999923706055,25.99803352355957,8060200
2022-08-23,26.625,26.959999084472656,26.485000610351562,26.559999465942383,25.856874465942383,7190400
2022-08-24,26.53499984741211,26.915000915527344,26.440000534057617,26.729999542236328,26.022369384765625,6200800
2022-08-25,26.915000915527344,27.485000610351562,26.78499984741211,27.479999542236328,26.752519607543945,7487400
2022-08-26,27.46500015258789,27.530000686645508,25.604999542236328,25.614999771118164,24.936887741088867,13691600
2022-08-29,25.209999084472656,25.670000076293945,25.09000015258789,25.264999389648438,24.59615707397461,9761000
2022-08-30,25.43000030517578,25.454999923706055,24.43000030517578,24.704999923706055,24.050981521606445,11550200
2022-08-31,24.915000915527344,25.084999084472656,24.315000534057617,24.329999923706055,23.6859073638916,8479800
2022-09-01,24.040000915527344,24.514999389648438,23.690000534057617,24.469999313354492,23.82219696044922,14305600
2022-09-02,24.950000762939453,25.110000610351562,23.719999313354492,23.954999923706055,23.320837020874023,13628800
2022-09-06,24.065000534057617,24.18000030517578,23.485000610351562,23.774999618530273,23.145597457885742,9524200
2022-09-07,23.735000610351562,24.719999313354492,23.71500015258789,24.6299991607666,23.97796630859375,9179600
2022-09-08,24.30500030517578,25.0,24.15999984741211,24.940000534057617,24.27975845336914,10035400
2022-09-09,25.219999313354492,25.825000762939453,25.200000762939453,25.71500015258789,25.034244537353516,8994000
2022-09-12,25.9950008392334,26.360000610351562,25.94499969482422,26.260000228881836,25.564815521240234,8305800
2022-09-13,25.09000015258789,25.25,23.815000534057617,23.985000610351562,23.35004425048828,14947000
2022-09-14,24.125,24.344999313354492,23.719999313354492,24.145000457763672,23.50580596923828,8350800
2022-09-15,23.934999465942383,24.30500030517578,23.434999465942383,23.600000381469727,22.975234985351562,10183600
2022-09-16,23.049999237060547,23.309999465942383,22.809999465942383,23.2450008392334,22.6296329498291,20368000
2022-09-19,22.815000534057617,23.59000015258789,22.815000534057617,23.59000015258789,22.965496063232422,12038400
2022-09-20,23.165000915527344,23.280000686645508,22.69499969482422,23.049999237060547,22.43979263305664,13921200
2022-09-21,23.290000915527344,23.665000915527344,22.235000610351562,22.239999771118164,21.651235580444336,20981600
2022-09-22,22.139999389648438,22.2549991607666,21.760000228881836,21.850000381469727,21.271562576293945,13905400
2022-09-23,21.424999237060547,21.43000030517578,20.575000762939453,21.114999771118164,20.55601692199707,16896600
2022-09-26,20.94499969482422,21.375,20.549999237060547,20.709999084472656,20.161739349365234,13150200
2022-09-27,21.125,21.389999389648438,20.30500030517578,20.59000015258789,20.0449161529541,17760200
2022-09-28,20.700000762939453,21.600000381469727,20.5,21.395000457763672,20.828609466552734,19222000
2022-09-29,20.96500015258789,20.9950008392334,20.139999389648438,20.510000228881836,19.9670352935791,17129200
2022-09-30,20.399999618530273,20.844999313354492,19.850000381469727,19.860000610351562,19.334247589111328,18307600
2022-10-03,20.30500030517578,21.125,20.084999084472656,20.915000915527344,20.36131477355957,14154800
2022-10-04,21.559999465942383,22.200000762939453,21.559999465942383,22.190000534057617,21.602558135986328,16947800
2022-10-05,21.65999984741211,22.375,21.3700008392334,22.100000381469727,21.514944076538086,12285600
2022-10-06,21.895000457763672,22.270000457763672,21.559999465942383,21.625,21.05251693725586,12796400
2022-10-07,21.135000228881836,21.170000076293945,20.19499969482422,20.420000076293945,19.879419326782227,19452800
2022-10-10,20.540000915527344,20.56999969482422,19.84000015258789,20.100000381469727,19.56789207458496,11022400
2022-10-11,19.905000686645508,20.434999465942383,19.6200008392334,19.834999084472656,19.309900283813477,11795000
2022-10-12,19.889999389648438,20.06999969482422,19.684999465942383,19.709999084472656,19.188213348388672,11263000
2022-10-13,18.895000457763672,20.90999984741211,18.764999389648438,20.7450008392334,20.195817947387695,24841800
2022-10-14,21.020000457763672,21.225000381469727,19.719999313354492,19.799999237060547,19.27583122253418,18909000
2022-10-17,20.5,20.934999465942383,20.4950008392334,20.80500030517578,20.25422477722168,8556600
2022-10-18,21.75,21.780000686645508,20.885000228881836,21.28499984741211,20.721519470214844,13360800
2022-10-19,21.049999237060547,21.364999771118164,20.649999618530273,21.0,20.444063186645508,8030200
2022-10-20,20.93000030517578,21.450000762939453,20.530000686645508,20.6299991607666,20.083860397338867,10439000
2022-10-21,20.584999084472656,21.684999465942383,20.40999984741211,21.6299991607666,21.057384490966797,16862600
2022-10-24,21.809999465942383,22.290000915527344,21.489999771118164,22.155000686645508,21.568490982055664,15791200
2022-10-25,22.135000228881836,22.899999618530273,22.135000228881836,22.854999542236328,22.249954223632812,11834200
2022-10-26,22.475000381469727,23.170000076293945,22.43000030517578,22.514999389648438,21.91895866394043,12346400
2022-10-27,22.6299991607666,22.854999542236328,22.184999465942383,22.2549991607666,21.66584014892578,11360200
2022-10-28,22.239999771118164,23.3799991607666,22.225000381469727,23.315000534057617,22.697778701782227,13055800
2022-10-31,23.0,23.239999771118164,22.864999771118164,22.985000610351562,22.376514434814453,16312400
2022-11-01,23.440000534057617,23.469999313354492,22.625,22.774999618530273,22.172075271606445,11170000
2022-11-02,22.700000762939453,23.260000228881836,21.614999771118164,21.6200008392334,21.047653198242188,23370400
2022-11-03,21.21500015258789,21.53499984741211,20.915000915527344,21.165000915527344,20.604694366455078,13899200
2022-11-04,21.850000381469727,22.065000534057617,21.05500030517578,21.774999618530273,21.19854736328125,17922800
2022-11-07,21.934999465942383,22.260000228881836,21.674999237060547,22.19499969482422,21.607425689697266,7564800
2022-11-08,22.329999923706055,22.790000915527344,21.924999237060547,22.43000030517578,21.836212158203125,9554800
2022-11-09,22.155000686645508,22.309999465942383,21.43000030517578,21.4950008392334,20.92595863342285,11361000
2022-11-10,23.084999084472656,23.895000457763672,22.809999465942383,23.850000381469727,23.218616485595703,14572200
2022-11-11,23.96500015258789,24.415000915527344,23.719999313354492,24.325000762939453,23.68104362487793,13169000
2022-11-14,24.09000015258789,24.514999389648438,23.864999771118164,23.90999984741211,23.27702522277832,17694200
2022-11-15,24.625,24.764999389648438,23.81999969482422,24.31999969482422,23.676176071166992,15723000
2022-11-16,24.104999542236328,24.204999923706055,23.850000381469727,23.940000534057617,23.306232452392578,6717000
2022-11-17,23.315000534057617,23.850000381469727,23.270000457763672,23.774999618530273,23.145597457885742,14591400
2022-11-18,24.184999465942383,24.190000534057617,23.6200008392334,23.979999542236328,23.345176696777344,8805800
2022-11-21,23.795000076293945,23.94499969482422,23.565000534057617,23.790000915527344,23.160207748413086,5447600
2022-11-22,24.024999618530273,24.454999923706055,23.864999771118164,24.424999237060547,23.778390884399414,8235400
2022-11-23,24.3799991607666,24.799999237060547,24.360000610351562,24.735000610351562,24.08018684387207,8466400
2022-11-25,24.665000915527344,24.790000915527344,24.6299991607666,24.71500015258789,24.06071662902832,2282800
2022-11-28,24.31999969482422,24.524999618530273,23.829999923706055,23.924999237060547,23.2916316986084,5759800
2022-11-29,23.93000030517578,24.084999084472656,23.610000610351562,23.844999313354492,23.213748931884766,8200200
2022-11-30,23.860000610351562,25.31999969482422,23.625,25.309999465942383,24.63996124267578,18836600
2022-12-01,25.479999542236328,25.6299991607666,24.969999313354492,25.299999237060547,24.630229949951172,9849000
2022-12-02,24.645000457763672,25.344999313354492,24.635000228881836,25.225000381469727,24.557214736938477,7580600
2022-12-05,24.854999542236328,24.979999542236328,24.149999618530273,24.315000534057617,23.671306610107422,9877000
2022-12-06,24.290000915527344,24.360000610351562,23.344999313354492,23.614999771118164,22.989837646484375,11626400
2022-12-07,23.5,23.81999969482422,23.385000228881836,23.520000457763672,22.89735221862793,11474200
2022-12-08,23.7450008392334,24.020000457763672,23.549999237060547,23.875,23.242952346801758,7632000
2022-12-09,23.71500015258789,24.049999237060547,23.510000228881836,23.524999618530273,22.902217864990234,7451200
2022-12-12,23.614999771118164,24.19499969482422,23.540000915527344,24.190000534057617,23.549617767333984,5601400
2022-12-13,25.579999923706055,25.59000015258789,24.21500015258789,24.56999969482422,23.919553756713867,17887400
2022-12-14,24.510000228881836,25.010000228881836,23.864999771118164,24.2549991607666,23.61289405822754,16961200
2022-12-15,23.604999542236328,23.729999542236328,22.834999084472656,23.049999237060547,22.43979263305664,15139400
2022-12-16,22.725000381469727,22.889999389648438,22.235000610351562,22.5,21.904354095458984,24762200
2022-12-19,22.514999389648438,22.559999465942383,21.90999984741211,22.100000381469727,21.514944076538086,10270400
2022-12-20,22.010000228881836,22.364999771118164,21.864999771118164,22.165000915527344,21.57822608947754,8246400
2022-12-21,22.479999542236328,22.969999313354492,22.420000076293945,22.834999084472656,22.23048973083496,8236200
2022-12-22,22.350000381469727,22.3799991607666,21.375,22.079999923706055,21.581003189086914,17033600
2022-12-23,21.954999923706055,22.34000015258789,21.764999389648438,22.325000762939453,21.820466995239258,10139200
2022-12-27,22.309999465942383,22.350000381469727,21.94499969482422,22.139999389648438,21.639646530151367,5032600
2022-12-28,22.135000228881836,22.364999771118164,21.565000534057617,21.59000015258789,21.102081298828125,9571800
2022-12-29,21.90999984741211,22.454999923706055,21.8700008392334,22.344999313354492,21.84001350402832,7533800
2022-12-30,22.024999618530273,22.239999771118164,21.770000457763672,22.225000381469727,21.722728729248047,13442000
2023-01-03,22.450000762939453,22.690000534057617,21.69499969482422,22.024999618530273,21.527246475219727,13152600
2023-01-04,22.315000534057617,22.6200008392334,21.94499969482422,22.375,21.869335174560547,10603400
2023-01-05,22.125,22.135000228881836,21.78499984741211,21.850000381469727,21.356201171875,9562400
2023-01-06,22.219999313354492,22.985000610351562,21.860000610351562,22.844999313354492,22.328712463378906,12110600
2023-01-09,23.114999771118164,23.5049991607666,22.795000076293945,22.825000762939453,22.30916976928711,8303600
2023-01-10,22.7450008392334,23.145000457763672,22.6299991607666,23.145000457763672,22.621936798095703,8364000
2023-01-11,23.325000762939453,23.725000381469727,23.229999542236328,23.709999084472656,23.174169540405273,6890400
2023-01-12,23.834999084472656,24.05500030517578,23.325000762939453,23.875,23.335437774658203,12891400
2023-01-13,23.475000381469727,24.1299991607666,23.440000534057617,24.065000534057617,23.521142959594727,8587200
2023-01-17,24.06999969482422,24.260000228881836,23.8799991607666,23.969999313354492,23.42828941345215,5987000
2023-01-18,24.114999771118164,24.239999771118164,23.18000030517578,23.219999313354492,22.695240020751953,9986600
2023-01-19,22.934999465942383,23.139999389648438,22.690000534057617,22.860000610351562,22.34337615966797,12513600
2023-01-20,23.024999618530273,23.719999313354492,22.825000762939453,23.704999923706055,23.16927719116211,7264000
2023-01-23,23.799999237060547,24.510000228881836,23.684999465942383,24.2549991607666,23.70684814453125,9677600
2023-01-24,24.059999465942383,24.329999923706055,23.905000686645508,24.200000762939453,23.65308952331543,9505200
2023-01-25,23.690000534057617,24.264999389648438,23.40999984741211,24.235000610351562,23.68730354309082,13811200
2023-01-26,24.549999237060547,24.764999389648438,24.174999237060547,24.75,24.190662384033203,8924400
2023-01-27,24.614999771118164,25.155000686645508,24.584999084472656,24.860000610351562,24.298179626464844,10705800
2023-01-30,24.489999771118164,24.78499984741211,24.190000534057617,24.229999542236328,23.682415008544922,6964000
2023-01-31,24.280000686645508,24.940000534057617,24.25,24.940000534057617,24.376367568969727,10704800
2023-02-01,24.774999618530273,25.815000534057617,24.424999237060547,25.469999313354492,24.894393920898438,12228600
2023-02-02,25.950000762939453,26.375,25.709999084472656,26.19499969482422,25.603010177612305,13680000
2023-02-03,25.540000915527344,26.21500015258789,25.475000381469727,25.639999389648438,25.060550689697266,11331800
2023-02-06,25.315000534057617,25.489999771118164,25.100000381469727,25.315000534057617,24.742895126342773,7576200
2023-02-07,25.190000534057617,26.135000228881836,25.030000686645508,25.985000610351562,25.397750854492188,12453800
2023-02-08,25.709999084472656,25.885000228881836,25.309999465942383,25.40999984741211,24.83574867248535,6820000
2023-02-09,25.850000381469727,25.8700008392334,24.78499984741211,24.950000762939453,24.386144638061523,7370200
2023-02-10,24.780000686645508,25.104999542236328,24.690000534057617,25.05500030517578,24.48876953125,7170800
2023-02-13,25.145000457763672,25.655000686645508,25.084999084472656,25.645000457763672,25.06543731689453,4514000
2023-02-14,25.44499969482422,25.90999984741211,25.100000381469727,25.6200008392334,25.041000366210938,10009800
2023-02-15,25.329999923706055,25.78499984741211,25.219999313354492,25.78499984741211,25.202274322509766,5261800
2023-02-16,25.100000381469727,25.6200008392334,25.03499984741211,25.05500030517578,24.48876953125,9653800
2023-02-17,24.764999389648438,24.94499969482422,24.520000457763672,24.920000076293945,24.356821060180664,7974600
2023-02-21,24.395000457763672,24.530000686645508,23.875,23.915000915527344,23.374534606933594,8590400
2023-02-22,23.950000762939453,24.155000686645508,23.65999984741211,23.860000610351562,23.32077980041504,10366400
2023-02-23,24.184999465942383,24.260000228881836,23.55500030517578,24.09000015258789,23.545576095581055,11942600
2023-02-24,23.440000534057617,23.665000915527344,23.239999771118164,23.559999465942383,23.027555465698242,12376400
2023-02-27,23.969999313354492,24.145000457763672,23.600000381469727,23.709999084472656,23.174169540405273,9896200
2023-02-28,23.655000686645508,23.895000457763672,23.524999618530273,23.53499984741211,23.003122329711914,11001200
2023-03-01,23.434999465942383,23.584999084472656,23.190000534057617,23.364999771118164,22.83696174621582,12166800
2023-03-02,23.094999313354492,23.809999465942383,23.05500030517578,23.709999084472656,23.174169540405273,12225000
2023-03-03,23.93000030517578,24.5,23.850000381469727,24.46500015258789,23.91210174560547,9783000
2023-03-06,24.565000534057617,24.854999542236328,24.44499969482422,24.489999771118164,23.936538696289062,9199200
2023-03-07,24.479999542236328,24.510000228881836,23.65999984741211,23.739999771118164,23.203489303588867,11009200
2023-03-08,23.75,23.905000686645508,23.53499984741211,23.809999465942383,23.271907806396484,8080800
2023-03-09,23.895000457763672,24.104999542236328,22.795000076293945,22.920000076293945,22.402019500732422,12540000
2023-03-10,22.829999923706055,23.100000381469727,22.06999969482422,22.25,21.747161865234375,35520600
2023-03-13,21.760000228881836,22.764999389648438,21.645000457763672,22.165000915527344,21.664085388183594,22782200
2023-03-14,22.774999618530273,23.110000610351562,22.3700008392334,22.915000915527344,22.397132873535156,18630800
2023-03-15,22.21500015258789,22.645000457763672,21.975000381469727,22.635000228881836,22.123462677001953,25959800
2023-03-16,22.329999923706055,23.440000534057617,22.264999389648438,23.389999389648438,22.861398696899414,17199400
2023-03-17,23.235000610351562,23.375,22.684999465942383,22.8700008392334,22.3531494140625,17275200
2023-03-20,22.934999465942383,23.34000015258789,22.864999771118164,23.28499984741211,22.758773803710938,12134400
2023-03-21,23.704999923706055,23.985000610351562,23.5049991607666,23.895000457763672,23.354984283447266,29115400
2023-03-22,23.875,24.31999969482422,23.075000762939453,23.084999084472656,22.56329345703125,17102000
2023-03-23,23.420000076293945,23.90999984741211,22.864999771118164,23.190000534057617,22.665918350219727,12219200
2023-03-24,23.030000686645508,23.5,22.75,23.489999771118164,22.959138870239258,9641800
2023-03-27,23.780000686645508,23.860000610351562,23.469999313354492,23.584999084472656,23.051992416381836,7629000
2023-03-28,23.475000381469727,23.56999969482422,23.239999771118164,23.479999542236328,22.949365615844727,6542000
2023-03-29,23.969999313354492,24.18000030517578,23.834999084472656,24.149999618530273,23.604219436645508,6846600
2023-03-30,24.46500015258789,24.4950008392334,24.184999465942383,24.415000915527344,23.863235473632812,6346800
2023-03-31,24.53499984741211,25.135000228881836,24.520000457763672,25.100000381469727,24.532752990722656,8750200
2023-04-03,25.030000686645508,25.334999084472656,24.979999542236328,25.28499984741211,24.71356964111328,7276600
2023-04-04,25.364999771118164,25.399999618530273,24.829999923706055,25.014999389648438,24.44967269897461,9019200
2023-04-05,24.899999618530273,24.989999771118164,24.645000457763672,24.860000610351562,24.298179626464844,8551200
2023-04-06,24.75,25.079999923706055,24.6200008392334,25.040000915527344,24.474109649658203,6690800
2023-04-10,24.709999084472656,25.100000381469727,24.645000457763672,25.094999313354492,24.527864456176758,5272600
2023-04-11,25.15999984741211,25.274999618530273,25.0049991607666,25.104999542236328,24.53763771057129,3812200
2023-04-12,25.354999542236328,25.389999389648438,24.81999969482422,24.905000686645508,24.3421630859375,8509600
2023-04-13,25.030000686645508,25.584999084472656,24.959999084472656,25.540000915527344,24.96281623840332,6488600
2023-04-14,25.46500015258789,25.735000610351562,25.110000610351562,25.420000076293945,24.84552001953125,7891800
2023-04-17,25.399999618530273,25.604999542236328,25.239999771118164,25.600000381469727,25.02145767211914,7290200
2023-04-18,25.799999237060547,25.80500030517578,25.440000534057617,25.625,25.04588508605957,6449200
2023-04-19,25.3700008392334,25.719999313354492,25.364999771118164,25.614999771118164,25.036113739013672,4693400
2023-04-20,25.229999542236328,25.53499984741211,25.114999771118164,25.31999969482422,24.747779846191406,12528200
2023-04-21,25.350000381469727,25.405000686645508,25.094999313354492,25.34000015258789,24.767332077026367,6475400
2023-04-24,25.309999465942383,25.44499969482422,25.145000457763672,25.395000457763672,24.821086883544922,8035800
2023-04-25,25.135000228881836,25.204999923706055,24.579999923706055,24.579999923706055,24.02450942993164,21168600
2023-04-26,24.65999984741211,24.790000915527344,24.299999237060547,24.375,23.824138641357422,7839000
2023-04-27,24.68000030517578,25.354999542236328,24.649999618530273,25.329999923706055,24.757553100585938,17527600
2023-04-28,25.21500015258789,25.7549991607666,25.204999923706055,25.7450008392334,25.163179397583008,7038200
2023-05-01,25.684999465942383,25.959999084472656,25.665000915527344,25.700000762939453,25.119197845458984,14043400
2023-05-02,25.600000381469727,25.604999542236328,24.739999771118164,25.114999771118164,24.54741096496582,10801600
2023-05-03,25.184999465942383,25.485000610351562,24.739999771118164,24.764999389648438,24.205322265625,9211000
2023-05-04,24.610000610351562,24.655000686645508,24.235000610351562,24.405000686645508,23.85346031188965,10475800
2023-05-05,24.854999542236328,25.434999465942383,24.825000762939453,25.299999237060547,24.72823143005371,8319800
2023-05-08,25.334999084472656,25.3700008392334,25.1299991607666,25.315000534057617,24.742895126342773,4537000
2023-05-09,25.100000381469727,25.225000381469727,25.05500030517578,25.094999313354492,24.527864456176758,3214600
2023-05-10,25.450000762939453,25.520000457763672,24.825000762939453,25.31999969482422,24.747779846191406,8303800
2023-05-11,25.190000534057617,25.2450008392334,24.950000762939453,25.219999313354492,24.650041580200195,6571800
2023-05-12,25.375,25.389999389648438,24.834999084472656,25.139999389648438,24.571849822998047,6566200
2023-05-15,25.219999313354492,25.360000610351562,24.969999313354492,25.30500030517578,24.733118057250977,4953600
2023-05-16,25.165000915527344,25.280000686645508,24.96500015258789,24.975000381469727,24.410579681396484,5053200
2023-05-17,25.21500015258789,25.649999618530273,25.014999389648438,25.56999969482422,24.99213218688965,9786200
2023-05-18,25.520000457763672,26.104999542236328,25.489999771118164,26.05500030517578,25.46617317199707,11668600
2023-05-19,26.170000076293945,26.229999542236328,25.815000534057617,25.969999313354492,25.383089065551758,8804600
2023-05-22,25.979999542236328,26.190000534057617,25.809999465942383,25.975000381469727,25.387977600097656,7552400
2023-05-23,25.760000228881836,25.895000457763672,25.344999313354492,25.405000686645508,24.830862045288086,9012400
2023-05-24,25.184999465942383,25.235000610351562,24.875,25.020000457763672,24.454561233520508,14357800
2023-05-25,25.44499969482422,25.625,25.170000076293945,25.44499969482422,24.869956970214844,6616200
2023-05-26,25.5049991607666,26.190000534057617,25.5049991607666,26.094999313354492,25.505266189575195,10186800
2023-05-30,26.34000015258789,26.40999984741211,25.934999465942383,26.100000381469727,25.510156631469727,8434800
2023-05-31,25.854999542236328,25.979999542236328,25.614999771118164,25.81999969482422,25.236480712890625,7974400
2023-06-01,25.829999923706055,26.43000030517578,25.674999237060547,26.290000915527344,25.69586181640625,6691800
2023-06-02,26.625,27.149999618530273,26.55500030517578,27.065000534057617,26.453344345092773,9907400
2023-06-05,27.09000015258789,27.2549991607666,26.844999313354492,26.934999465942383,26.326282501220703,5571200
2023-06-06,26.875,27.125,26.799999237060547,27.059999465942383,26.448455810546875,6481800
2023-06-07,27.104999542236328,27.2549991607666,26.809999465942383,26.875,26.267637252807617,7815800
2023-06-08,26.860000610351562,27.235000610351562,26.7549991607666,27.184999465942383,26.570632934570312,9072800
2023-06-09,27.270000457763672,27.530000686645508,27.135000228881836,27.264999389648438,26.648822784423828,5341400
2023-06-12,27.399999618530273,27.764999389648438,27.299999237060547,27.764999389648438,27.137523651123047,4389800
2023-06-13,27.94499969482422,28.204999923706055,27.864999771118164,28.114999771118164,27.479616165161133,6269200
2023-06-14,28.165000915527344,28.420000076293945,27.725000381469727,28.184999465942383,27.548032760620117,6619000
2023-06-15,28.059999465942383,29.030000686645508,28.045000076293945,28.860000610351562,28.207780838012695,11772600
2023-06-16,29.1299991607666,29.145000457763672,28.600000381469727,28.649999618530273,28.00252342224121,7186200
2023-06-20,28.395000457763672,28.510000228881836,28.079999923706055,28.3700008392334,27.728853225708008,4726600
2023-06-21,28.21500015258789,28.325000762939453,27.989999771118164,28.05500030517578,27.420970916748047,5634000
2023-06-22,27.920000076293945,28.260000228881836,27.875,28.2549991607666,27.616451263427734,4571800
2023-06-23,27.780000686645508,28.05500030517578,27.719999313354492,27.809999465942383,27.181507110595703,4735200
2023-06-26,27.739999771118164,27.989999771118164,27.549999237060547,27.584999084472656,26.961593627929688,7110200
2023-06-27,27.700000762939453,28.264999389648438,27.635000228881836,28.190000534057617,27.552921295166016,6321000
2023-06-28,28.040000915527344,28.34000015258789,27.950000762939453,28.219999313354492,27.582244873046875,6097000
2023-06-29,28.139999389648438,28.434999465942383,28.09000015258789,28.415000915527344,27.77283477783203,6580400
2023-06-30,28.834999084472656,29.204999923706055,28.80500030517578,29.075000762939453,28.41792106628418,17573000
2023-07-03,29.020000457763672,29.174999237060547,28.985000610351562,29.149999618530273,28.491228103637695,3150000
2023-07-05,28.885000228881836,29.145000457763672,28.875,29.040000915527344,28.383712768554688,4527000
2023-07-06,28.53499984741211,28.6299991607666,28.229999542236328,28.575000762939453,27.92922019958496,8904600
2023-07-07,28.43000030517578,28.959999084472656,28.395000457763672,28.43000030517578,27.78749656677246,8394000
2023-07-10,28.3700008392334,28.59000015258789,28.295000076293945,28.565000534057617,27.91944694519043,5461800
2023-07-11,28.65999984741211,28.989999771118164,28.530000686645508,28.93000030517578,28.27619743347168,4547000
2023-07-12,29.44499969482422,29.56999969482422,29.239999771118164,29.389999389648438,28.725801467895508,10043800
2023-07-13,29.600000381469727,29.940000534057617,29.559999465942383,29.81999969482422,29.14608383178711,4676600
2023-07-14,29.954999923706055,30.06999969482422,29.684999465942383,29.78499984741211,29.11187171936035,5877800
2023-07-17,29.75,30.135000228881836,29.75,29.985000610351562,29.307353973388672,4825600
2023-07-18,29.940000534057617,30.514999389648438,29.885000228881836,30.420000076293945,29.73252296447754,5497800
2023-07-19,30.540000915527344,30.725000381469727,30.454999923706055,30.545000076293945,29.854700088500977,4493200
2023-07-20,30.399999618530273,30.530000686645508,30.045000076293945,30.135000228881836,29.453964233398438,11144200
2023-07-21,30.364999771118164,30.395000457763672,30.135000228881836,30.139999389648438,29.45885467529297,3942400
2023-07-24,30.280000686645508,30.5049991607666,30.209999084472656,30.395000457763672,29.708091735839844,4163000
2023-07-25,30.350000381469727,30.729999542236328,30.350000381469727,30.565000534057617,29.874248504638672,3685200
2023-07-26,30.434999465942383,30.7549991607666,30.280000686645508,30.565000534057617,29.874248504638672,5538800
2023-07-27,31.030000686645508,31.06999969482422,30.020000457763672,30.145000457763672,29.4637393951416,6142600
2023-07-28,30.594999313354492,30.834999084472656,30.479999542236328,30.71500015258789,30.020854949951172,4511400
2023-07-31,30.78499984741211,30.885000228881836,30.610000610351562,30.844999313354492,30.147918701171875,4756200
2023-08-01,30.6200008392334,30.7549991607666,30.524999618530273,30.645000457763672,29.952438354492188,3402000
2023-08-02,30.204999923706055,30.25,29.690000534057617,29.809999465942383,29.136310577392578,5658200
2023-08-03,29.5,29.864999771118164,29.415000915527344,29.604999542236328,28.935941696166992,5778200
2023-08-04,29.844999313354492,30.139999389648438,29.264999389648438,29.344999313354492,28.68181610107422,7570000
2023-08-07,29.575000762939453,29.860000610351562,29.485000610351562,29.84000015258789,29.165632247924805,4616400
2023-08-08,29.479999542236328,29.635000228881836,29.114999771118164,29.579999923706055,28.911508560180664,6364600
2023-08-09,29.610000610351562,29.625,29.06999969482422,29.174999237060547,28.51565933227539,3918000
2023-08-10,29.469999313354492,29.940000534057617,29.020000457763672,29.184999465942383,28.525434494018555,8348800
2023-08-11,28.924999237060547,29.274999618530273,28.84000015258789,29.139999389648438,28.481449127197266,7892000
2023-08-14,29.0049991607666,29.459999084472656,28.96500015258789,29.459999084472656,28.794218063354492,4356800
2023-08-15,29.19499969482422,29.2549991607666,28.690000534057617,28.774999618530273,28.12470245361328,10453000
2023-08-16,28.69499969482422,28.924999237060547,28.31999969482422,28.31999969482422,27.679983139038086,6144400
2023-08-17,28.5049991607666,28.545000076293945,27.815000534057617,27.875,27.245040893554688,10323400
2023-08-18,27.5049991607666,28.045000076293945,27.459999084472656,27.895000457763672,27.26458740234375,6841200
2023-08-21,28.040000915527344,28.360000610351562,27.75,28.270000457763672,27.631114959716797,4459200
2023-08-22,28.5,28.5,28.03499984741211,28.104999542236328,27.46984100341797,5518400
2023-08-23,28.235000610351562,28.80500030517578,28.225000381469727,28.719999313354492,28.070941925048828,7544600
2023-08-24,28.924999237060547,28.9950008392334,27.90999984741211,27.924999237060547,27.293907165527344,9399000
2023-08-25,28.1299991607666,28.469999313354492,27.670000076293945,28.299999237060547,27.660432815551758,13202400
2023-08-28,28.59000015258789,28.739999771118164,28.40999984741211,28.65999984741211,28.012296676635742,5464200
2023-08-29,28.635000228881836,29.514999389648438,28.614999771118164,29.485000610351562,28.81865882873535,5808000
2023-08-30,29.514999389648438,29.80500030517578,29.424999237060547,29.71500015258789,29.043458938598633,4901400
2023-08-31,29.790000915527344,29.934999465942383,29.59000015258789,29.604999542236328,28.935941696166992,6823000
2023-09-01,29.969999313354492,30.045000076293945,29.524999618530273,29.719999313354492,29.048341751098633,3207200
2023-09-05,29.65999984741211,29.690000534057617,29.44499969482422,29.454999923706055,28.78933334350586,2532000
2023-09-06,29.34000015258789,29.350000381469727,28.735000610351562,29.045000076293945,28.38859748840332,9121400
2023-09-07,28.635000228881836,28.94499969482422,28.584999084472656,28.860000610351562,28.207780838012695,4535000
2023-09-08,28.860000610351562,29.139999389648438,28.809999465942383,28.94499969482422,28.290857315063477,4373000
2023-09-11,29.280000686645508,29.354999542236328,29.065000534057617,29.315000534057617,28.652496337890625,3627000
2023-09-12,29.104999542236328,29.315000534057617,28.90999984741211,28.985000610351562,28.329954147338867,3241600
2023-09-13,29.0049991607666,29.200000762939453,28.864999771118164,29.05500030517578,28.398372650146484,3122800
2023-09-14,29.375,29.6299991607666,29.19499969482422,29.53499984741211,28.867525100708008,4267200
2023-09-15,29.315000534057617,29.354999542236328,28.760000228881836,28.815000534057617,28.16379737854004,6693400
2023-09-18,28.770000457763672,29.020000457763672,28.709999084472656,28.850000381469727,28.1980037689209,3887400
2023-09-19,28.719999313354492,28.795000076293945,28.364999771118164,28.729999542236328,28.080717086791992,4477400
2023-09-20,28.885000228881836,28.934999465942383,28.15999984741211,28.170000076293945,27.53337287902832,5232600
2023-09-21,27.795000076293945,27.825000762939453,27.219999313354492,27.2549991607666,26.639049530029297,7340600
2023-09-22,27.354999542236328,27.565000534057617,27.05500030517578,27.110000610351562,26.497325897216797,5436600
2023-09-25,26.940000534057617,27.34000015258789,26.895000457763672,27.329999923706055,26.712356567382812,10953400
2023-09-26,26.93000030517578,27.024999618530273,26.415000915527344,26.524999618530273,25.925546646118164,7357600
2023-09-27,26.665000915527344,26.7450008392334,26.075000762939453,26.545000076293945,25.94509506225586,10283200
2023-09-28,26.459999084472656,27.045000076293945,26.3799991607666,26.84000015258789,26.233430862426758,8849600
2023-09-29,27.225000381469727,27.2450008392334,26.5049991607666,26.690000534057617,26.086822509765625,9313800
2023-10-02,26.575000762939453,26.829999923706055,26.31999969482422,26.674999237060547,26.072158813476562,7896800
2023-10-03,26.3799991607666,26.579999923706055,25.774999618530273,25.96500015258789,25.378204345703125,8336600
2023-10-04,26.0,26.415000915527344,25.81999969482422,26.329999923706055,25.73495864868164,41179200
2023-10-05,26.270000457763672,26.389999389648438,25.875,26.290000915527344,25.69586181640625,6131000
2023-10-06,25.969999313354492,27.100000381469727,25.799999237060547,26.899999618530273,26.292076110839844,10589800
2023-10-09,26.65999984741211,27.325000762939453,26.59000015258789,27.239999771118164,26.624387741088867,14943000
2023-10-10,27.329999923706055,27.860000610351562,27.274999618530273,27.510000228881836,26.888288497924805,14622000
2023-10-11,27.670000076293945,27.780000686645508,27.344999313354492,27.7450008392334,27.117977142333984,5409200
2023-10-12,27.815000534057617,27.860000610351562,27.084999084472656,27.405000686645508,26.785661697387695,7390000
2023-10-13,27.59000015258789,27.739999771118164,26.90999984741211,27.125,26.511991500854492,6122600
2023-10-16,27.389999389648438,27.815000534057617,27.3700008392334,27.684999465942383,27.05933380126953,6716200
2023-10-17,27.260000228881836,27.940000534057617,27.219999313354492,27.674999237060547,27.049558639526367,6864000
2023-10-18,27.43000030517578,27.559999465942383,26.790000915527344,26.940000534057617,26.3311710357666,8168400
2023-10-19,27.0,27.235000610351562,26.350000381469727,26.43000030517578,25.83269500732422,14957400
2023-10-20,26.360000610351562,26.44499969482422,25.770000457763672,25.78499984741211,25.202274322509766,11397800
2023-10-23,25.575000762939453,26.18000030517578,25.364999771118164,25.690000534057617,25.109418869018555,17433800
2023-10-24,25.950000762939453,26.21500015258789,25.71500015258789,26.06999969482422,25.480833053588867,7195800
2023-10-25,25.854999542236328,25.854999542236328,25.2549991607666,25.325000762939453,24.75267219543457,8221200
2023-10-26,25.18000030517578,25.270000457763672,24.575000762939453,24.704999923706055,24.14668083190918,10979400
2023-10-27,24.875,24.93000030517578,24.295000076293945,24.46500015258789,23.91210174560547,11951800
2023-10-30,24.795000076293945,25.18000030517578,24.645000457763672,25.05500030517578,24.48876953125,8019600
2023-10-31,25.110000610351562,25.395000457763672,24.8799991607666,25.354999542236328,24.78199005126953,5413200
2023-11-01,25.459999084472656,25.989999771118164,25.405000686645508,25.885000228881836,25.300010681152344,11358400
2023-11-02,26.3700008392334,26.889999389648438,26.364999771118164,26.8799991607666,26.27252769470215,13213600
2023-11-03,27.165000915527344,27.55500030517578,27.149999618530273,27.354999542236328,26.736791610717773,7868000
2023-11-06,27.450000762939453,27.53499984741211,27.225000381469727,27.475000381469727,26.854082107543945,5512600
2023-11-07,27.469999313354492,27.71500015258789,27.334999084472656,27.6200008392334,26.995803833007812,5258200
2023-11-08,27.700000762939453,27.774999618530273,27.364999771118164,27.65999984741211,27.03489875793457,3794400
2023-11-09,27.80500030517578,27.80500030517578,27.165000915527344,27.21500015258789,26.599956512451172,5715200
2023-11-10,27.475000381469727,28.100000381469727,27.290000915527344,28.06999969482422,27.435632705688477,9242600
2023-11-13,27.885000228881836,28.149999618530273,27.78499984741211,28.010000228881836,27.37698745727539,5122800
2023-11-14,28.790000915527344,29.2549991607666,28.7549991607666,29.079999923706055,28.422809600830078,6990800
2023-11-15,29.260000228881836,29.424999237060547,29.094999313354492,29.209999084472656,28.54987144470215,5426800
2023-11-16,29.139999389648438,29.295000076293945,28.985000610351562,29.260000228881836,28.598739624023438,4323000
2023-11-17,29.260000228881836,29.40999984741211,29.139999389648438,29.329999923706055,28.667156219482422,2609600
2023-11-20,29.295000076293945,29.885000228881836,29.290000915527344,29.774999618530273,29.102102279663086,3355200
2023-11-21,29.6200008392334,29.674999237060547,29.46500015258789,29.6299991607666,28.96037483215332,2867800
2023-11-22,29.84000015258789,30.024999618530273,29.69499969482422,29.844999313354492,29.17051887512207,3396600
2023-11-24,29.84000015258789,29.899999618530273,29.799999237060547,29.8700008392334,29.1949520111084,1709400
2023-11-27,29.78499984741211,29.889999389648438,29.709999084472656,29.764999389648438,29.092329025268555,3638400
2023-11-28,29.700000762939453,29.989999771118164,29.625,29.809999465942383,29.136310577392578,3186800
2023-11-29,30.100000381469727,30.25,29.719999313354492,29.780000686645508,29.10698890686035,21396400
2023-11-30,29.875,30.030000686645508,29.584999084472656,29.985000610351562,29.307353973388672,5214600
2023-12-01,29.899999618530273,30.405000686645508,29.81999969482422,30.329999923706055,29.644561767578125,11189800
2023-12-04,29.864999771118164,30.040000915527344,29.700000762939453,30.0049991607666,29.326902389526367,5375400
2023-12-05,29.809999465942383,30.114999771118164,29.764999389648438,29.9950008392334,29.317129135131836,4670000
2023-12-06,30.270000457763672,30.280000686645508,29.684999465942383,29.7450008392334,29.072782516479492,5286800
2023-12-07,30.0,30.264999389648438,29.934999465942383,30.18000030517578,29.497947692871094,3926600
2023-12-08,30.084999084472656,30.5049991607666,30.045000076293945,30.43000030517578,29.742298126220703,6300600
2023-12-11,30.364999771118164,30.69499969482422,30.31999969482422,30.670000076293945,29.97687339782715,5828400
2023-12-12,30.614999771118164,30.954999923706055,30.479999542236328,30.950000762939453,30.250545501708984,3551800
2023-12-13,30.9950008392334,31.825000762939453,30.934999465942383,31.780000686645508,31.061786651611328,5526400
2023-12-14,32.05500030517578,32.209999084472656,31.610000610351562,31.989999771118164,31.26704216003418,6905000
2023-12-15,31.885000228881836,32.040000915527344,31.75,31.864999771118164,31.144865036010742,5266400
2023-12-18,32.08000183105469,32.349998474121094,32.060001373291016,32.22999954223633,31.501619338989258,3927800
2023-12-19,32.290000915527344,32.6150016784668,32.290000915527344,32.61000061035156,31.873031616210938,3969000
2023-12-20,32.42499923706055,32.68000030517578,31.575000762939453,31.584999084472656,30.927146911621094,9008400
2023-12-21,32.025001525878906,32.25,31.69499969482422,32.20500183105469,31.53424072265625,6200600
2023-12-22,32.369998931884766,32.57500076293945,32.07500076293945,32.334999084472656,31.661531448364258,6087200
2023-12-26,32.39500045776367,32.724998474121094,32.380001068115234,32.584999084472656,31.90631866455078,3475600
2023-12-27,32.56999969482422,32.73500061035156,32.5,32.70500183105469,32.02382278442383,4238000
2023-12-28,32.7400016784668,32.83000183105469,32.665000915527344,32.709999084472656,32.02872085571289,3133600
2023-12-29,32.685001373291016,32.755001068115234,32.244998931884766,32.53499984741211,31.85736083984375,4730400
2024-01-02,32.084999084472656,32.28499984741211,31.854999542236328,32.150001525878906,31.480382919311523,6798800
2024-01-03,31.844999313354492,31.94499969482422,31.53499984741211,31.614999771118164,30.956525802612305,8747200
2024-01-04,31.53499984741211,31.885000228881836,31.364999771118164,31.395000457763672,30.741107940673828,5561600
2024-01-05,31.40999984741211,31.809999465942383,31.270000457763672,31.475000381469727,30.819440841674805,17652600
2024-01-08,31.530000686645508,32.38999938964844,31.524999618530273,32.369998931884766,31.695802688598633,6585200
2024-01-09,31.9950008392334,32.404998779296875,31.920000076293945,32.255001068115234,31.58319664001465,13003400
2024-01-10,32.29999923706055,32.7400016784668,32.2599983215332,32.619998931884766,31.94059181213379,4516000
2024-01-11,32.744998931884766,32.810001373291016,32.01499938964844,32.57500076293945,31.896530151367188,6901800
2024-01-12,32.7599983215332,32.875,32.415000915527344,32.599998474121094,31.92100715637207,7079400
2024-01-16,32.404998779296875,32.59000015258789,32.10499954223633,32.35499954223633,31.681116104125977,15274400
2024-01-17,31.934999465942383,32.060001373291016,31.665000915527344,31.9950008392334,31.328611373901367,7157400
2024-01-18,32.20500183105469,32.619998931884766,32.0,32.54499816894531,31.867156982421875,6173000
2024-01-19,32.70500183105469,33.38999938964844,32.60499954223633,33.345001220703125,32.65049743652344,13635400
2024-01-22,33.55500030517578,33.72999954223633,33.39500045776367,33.48500061035156,32.78757858276367,6771600
2024-01-23,33.564998626708984,33.709999084472656,33.400001525878906,33.689998626708984,32.988304138183594,3602200
2024-01-24,34.06999969482422,34.209999084472656,33.69499969482422,33.73500061035156,33.03237533569336,12191600
2024-01-25,34.025001525878906,34.130001068115234,33.73500061035156,34.099998474121094,33.389766693115234,4718400
2024-01-26,34.03499984741211,34.23500061035156,33.880001068115234,34.0099983215332,33.30164337158203,4670400
2024-01-29,34.040000915527344,34.54499816894531,33.959999084472656,34.529998779296875,33.81081008911133,5524600
2024-01-30,34.42499923706055,34.56999969482422,34.36000061035156,34.459999084472656,33.742271423339844,9505200
2024-01-31,34.150001525878906,34.20500183105469,33.34000015258789,33.345001220703125,32.65049743652344,10327000
2024-02-01,33.55500030517578,34.19499969482422,33.44499969482422,34.19499969482422,33.4827880859375,7959800
2024-02-02,34.25,35.13999938964844,34.20500183105469,34.900001525878906,34.1731071472168,8411200
2024-02-05,34.80500030517578,34.8650016784668,34.31999969482422,34.64500045776367,33.923423767089844,16593600
2024-02-06,34.775001525878906,34.880001068115234,34.564998626708984,34.83000183105469,34.10456085205078,4287000
2024-02-07,35.15999984741211,35.470001220703125,35.029998779296875,35.400001525878906,34.662696838378906,5001400
2024-02-08,35.38999938964844,35.47999954223633,35.28499984741211,35.43000030517578,34.69207000732422,3607800
2024-02-09,35.505001068115234,35.88999938964844,35.44499969482422,35.834999084472656,35.08863067626953,4590000
2024-02-12,35.82500076293945,36.14500045776367,35.689998626708984,35.779998779296875,35.03477478027344,4206800
2024-02-13,34.8650016784668,35.04999923706055,34.314998626708984,34.79999923706055,34.075191497802734,13042800
2024-02-14,35.16999816894531,35.4900016784668,34.834999084472656,35.41999816894531,34.682273864746094,6200000
2024-02-15,35.5,35.904998779296875,35.43000030517578,35.8849983215332,35.13758850097656,5811400
2024-02-16,35.845001220703125,35.994998931884766,35.41999816894531,35.52000045776367,34.78019714355469,10679200
2024-02-20,35.26499938964844,35.35499954223633,34.79499816894531,35.130001068115234,34.398319244384766,6075400
2024-02-21,34.92499923706055,35.20000076293945,34.65999984741211,35.17499923706055,34.442378997802734,4900000
2024-02-22,36.119998931884766,36.75,35.98500061035156,36.619998931884766,35.85728073120117,6803400
2024-02-23,36.86000061035156,36.9900016784668,36.55500030517578,36.665000915527344,35.901344299316406,4832400
2024-02-26,36.71500015258789,36.779998779296875,36.3650016784668,36.38999938964844,35.632076263427734,11585600
2024-02-27,36.474998474121094,36.540000915527344,36.20000076293945,36.505001068115234,35.74467849731445,3226000
2024-02-28,36.275001525878906,36.494998931884766,36.220001220703125,36.39500045776367,35.63697052001953,2801200
2024-02-29,36.65999984741211,36.8849983215332,36.2599983215332,36.64500045776367,35.88175582885742,5872800
2024-03-01,36.76499938964844,37.38999938964844,36.71500015258789,37.33000183105469,36.55249786376953,4968400
2024-03-04,37.209999084472656,37.51499938964844,37.20500183105469,37.22999954223633,36.4545783996582,7078000
2024-03-05,36.935001373291016,37.0,36.15999984741211,36.4900016784668,35.7299919128418,5765600
2024-03-06,36.970001220703125,37.185001373291016,36.665000915527344,36.85499954223633,36.087379455566406,5005000
2024-03-07,37.31999969482422,37.724998474121094,37.189998626708984,37.58000183105469,36.79729080200195,4511000
2024-03-08,37.65999984741211,38.060001373291016,37.025001525878906,37.125,36.35176467895508,9179600
2024-03-11,36.915000915527344,37.119998931884766,36.6349983215332,37.040000915527344,36.268531799316406,5286400
2024-03-12,37.334999084472656,37.90999984741211,36.970001220703125,37.83000183105469,37.042083740234375,5351600
2024-03-13,37.86000061035156,37.88999938964844,37.494998931884766,37.71500015258789,36.92947769165039,3832400
2024-03-14,37.81999969482422,37.849998474121094,37.07500076293945,37.525001525878906,36.743438720703125,6653800
2024-03-15,37.060001373291016,37.279998779296875,36.79499816894531,37.005001068115234,36.234256744384766,6918000
2024-03-18,37.599998474121094,37.81999969482422,37.3849983215332,37.45500183105469,36.674888610839844,4954200
2024-03-19,37.32500076293945,37.88999938964844,37.189998626708984,37.869998931884766,37.08124542236328,4193800
2024-03-20,37.77000045776367,38.470001220703125,37.65999984741211,38.44499969482422,37.73295211791992,5864000
2024-03-21,38.869998931884766,38.970001220703125,38.64500045776367,38.66999816894531,37.95377731323242,4521600
2024-03-22,38.665000915527344,38.7400016784668,38.494998931884766,38.55500030517578,37.840911865234375,8444400
2024-03-25,38.314998626708984,38.48500061035156,38.290000915527344,38.32500076293945,37.61517333984375,2787200
2024-03-26,38.52000045776367,38.56999969482422,38.11000061035156,38.150001525878906,37.443416595458984,3704200
2024-03-27,38.564998626708984,38.790000915527344,38.23500061035156,38.790000915527344,38.071556091308594,5337600
2024-03-28,38.78499984741211,38.97999954223633,38.720001220703125,38.7599983215332,38.0421142578125,3953200
2024-04-01,38.8650016784668,38.94499969482422,38.439998626708984,38.625,37.90961837768555,5077000
2024-04-02,38.02000045776367,38.1349983215332,37.76499938964844,38.11000061035156,37.404151916503906,12428800
2024-04-03,37.939998626708984,38.415000915527344,37.935001373291016,38.19499969482422,37.48757553100586,4633000
2024-04-04,38.775001525878906,38.82500076293945,37.19499969482422,37.224998474121094,36.535545349121094,10313400
2024-04-05,37.435001373291016,38.29999923706055,37.369998931884766,38.0099983215332,37.30600357055664,7935000
2024-04-08,38.099998474121094,38.255001068115234,37.92499923706055,38.03499984741211,37.330543518066406,4520200
2024-04-09,38.310001373291016,38.334999084472656,37.400001525878906,38.1150016784668,37.40906524658203,7440600
2024-04-10,37.2599983215332,37.650001525878906,37.060001373291016,37.35499954223633,36.66313552856445,11411600
2024-04-11,37.55500030517578,38.11000061035156,37.03499984741211,37.900001525878906,37.19804763793945,13145400
2024-04-12,37.35499954223633,37.56999969482422,36.59000015258789,36.83000183105469,36.147865295410156,9455800
2024-04-15,37.459999084472656,37.474998474121094,35.790000915527344,35.904998779296875,35.239986419677734,12670000
2024-04-16,35.959999084472656,36.19499969482422,35.584999084472656,35.775001525878906,35.112403869628906,20225800
2024-04-17,36.125,36.14500045776367,35.13999938964844,35.33000183105469,34.67564010620117,10216800
2024-04-18,35.51499938964844,35.82500076293945,35.040000915527344,35.165000915527344,34.513702392578125,8174200
2024-04-19,35.15999984741211,35.30500030517578,34.375,34.55500030517578,33.91499710083008,9296800
2024-04-22,34.91999816894531,35.564998626708984,34.59000015258789,35.165000915527344,34.513702392578125,7083600
2024-04-23,35.474998474121094,36.07500076293945,35.400001525878906,36.02000045776367,35.35286331176758,14201400
2024-04-24,36.1349983215332,36.25,35.654998779296875,35.974998474121094,35.308692932128906,6206000
2024-04-25,35.060001373291016,35.790000915527344,34.83000183105469,35.65999984741211,34.999534606933594,9008600
2024-04-26,36.08000183105469,36.58000183105469,35.994998931884766,36.35499954223633,35.681663513183594,12429400
2024-04-29,36.595001220703125,36.70000076293945,36.20500183105469,36.595001220703125,35.91722106933594,4769400
2024-04-30,36.380001068115234,36.525001525878906,35.435001373291016,35.435001373291016,34.77870559692383,6417200
2024-05-01,35.34000015258789,36.30500030517578,35.1349983215332,35.19499969482422,34.54315185546875,8753400
2024-05-02,35.720001220703125,35.95500183105469,35.064998626708984,35.83000183105469,35.1663818359375,8904800
2024-05-03,36.689998626708984,36.89500045776367,36.34000015258789,36.72999954223633,36.049713134765625,6367200
2024-05-06,37.08000183105469,37.474998474121094,37.0099983215332,37.474998474121094,36.78091049194336,4082200
2024-05-07,37.61000061035156,37.755001068115234,37.45500183105469,37.54999923706055,36.85452651977539,5665400
2024-05-08,37.27000045776367,37.625,37.255001068115234,37.55500030517578,36.85943603515625,3651800
2024-05-09,37.564998626708984,37.970001220703125,37.459999084472656,37.95500183105469,37.25202941894531,3503800
2024-05-10,38.20500183105469,38.314998626708984,37.875,38.064998626708984,37.3599853515625,4993200
2024-05-13,38.30500030517578,38.310001373291016,37.89500045776367,38.064998626708984,37.3599853515625,3402000
2024-05-14,38.07500076293945,38.470001220703125,38.0,38.38999938964844,37.67897033691406,3321400
2024-05-15,38.77000045776367,39.3849983215332,38.66999816894531,39.334999084472656,38.60646057128906,4573400
2024-05-16,39.34000015258789,39.58000183105469,39.13999938964844,39.150001525878906,38.424896240234375,4376400
2024-05-17,39.16999816894531,39.275001525878906,38.959999084472656,39.275001525878906,38.547576904296875,10337800
2024-05-20,39.275001525878906,39.56999969482422,39.224998474121094,39.349998474121094,38.621185302734375,3549200
2024-05-21,39.22999954223633,39.560001373291016,39.20000076293945,39.529998779296875,38.797847747802734,3001400
2024-05-22,39.42499923706055,39.525001525878906,38.970001220703125,39.28499984741211,38.55738830566406,4341800
2024-05-23,39.7400016784668,39.75,38.51499938964844,38.70000076293945,37.98322677612305,7803200
2024-05-24,38.974998474121094,39.32500076293945,38.83000183105469,39.21500015258789,38.48868179321289,4472000
2024-05-28,39.31999969482422,39.349998474121094,38.849998474121094,39.25,38.523040771484375,17183000
2024-05-29,38.625,38.875,38.584999084472656,38.689998626708984,37.97340774536133,6088800
2024-05-30,38.45500183105469,38.54999923706055,37.98500061035156,38.165000915527344,37.458133697509766,4909800
2024-05-31,38.29999923706055,38.880001068115234,37.53499984741211,38.834999084472656,38.115726470947266,7123800
2024-06-03,39.084999084472656,39.10499954223633,38.13999938964844,38.89500045776367,38.17461395263672,7263200
2024-06-04,38.70500183105469,39.095001220703125,38.474998474121094,38.970001220703125,38.248226165771484,4278600
2024-06-05,39.314998626708984,39.90999984741211,39.03499984741211,39.90999984741211,39.170814514160156,5337200
2024-06-06,39.95000076293945,40.0099983215332,39.595001220703125,39.88999938964844,39.15118408203125,2979800
2024-06-07,39.72999954223633,40.20500183105469,39.55500030517578,39.76499938964844,39.02850341796875,4381600
2024-06-10,39.63999938964844,40.064998626708984,39.55500030517578,40.005001068115234,39.26405715942383,2863000
2024-06-11,39.775001525878906,40.209999084472656,39.46500015258789,40.185001373291016,39.44072723388672,2989200
2024-06-12,40.900001525878906,41.2599983215332,40.70000076293945,40.85499954223633,40.09831619262695,6151000
2024-06-13,41.1150016784668,41.1349983215332,40.584999084472656,40.994998931884766,40.2357177734375,4458400
2024-06-14,40.755001068115234,41.040000915527344,40.599998474121094,41.025001525878906,40.265167236328125,3521400
2024-06-17,40.92499923706055,41.8849983215332,40.85499954223633,41.66999816894531,40.89821243286133,3729400
2024-06-18,41.67499923706055,41.900001525878906,41.619998931884766,41.875,41.099422454833984,3234200
2024-06-20,42.02000045776367,42.119998931884766,41.369998931884766,41.630001068115234,40.85895919799805,5518800
2024-06-21,41.5,41.689998626708984,41.290000915527344,41.45000076293945,40.682289123535156,3923200
2024-06-24,41.474998474121094,41.875,41.209999084472656,41.209999084472656,40.44673156738281,4758000
2024-06-25,41.415000915527344,41.599998474121094,41.19499969482422,41.54999923706055,40.78044509887695,3938000
2024-06-26,41.26499938964844,41.654998779296875,41.165000915527344,41.54999923706055,40.874385833740234,3074000
2024-06-27,41.51499938964844,41.755001068115234,41.404998779296875,41.65999984741211,40.98259353637695,3221200
2024-06-28,41.7599983215332,42.2400016784668,41.130001068115234,41.29999923706055,40.62845230102539,5871600
2024-07-01,41.525001525878906,41.560001373291016,41.05500030517578,41.47999954223633,40.80552673339844,5280400
2024-07-02,41.224998474121094,42.025001525878906,41.21500015258789,42.02000045776367,41.33674621582031,3340800
2024-07-03,41.970001220703125,42.44499969482422,41.959999084472656,42.375,41.685970306396484,2671400
2024-07-05,42.415000915527344,42.91999816894531,42.31999969482422,42.869998931884766,42.17292022705078,3016000
2024-07-08,42.970001220703125,43.099998474121094,42.779998779296875,42.94499969482422,42.246707916259766,3397000
2024-07-09,43.08000183105469,43.224998474121094,42.97999954223633,43.02000045776367,42.32048416137695,3037600
2024-07-10,43.209999084472656,43.91999816894531,43.165000915527344,43.8650016784668,43.1517448425293,3320200
2024-07-11,43.880001068115234,44.0099983215332,43.0,43.084999084472656,42.384429931640625,5847800
2024-07-12,43.2599983215332,44.19499969482422,43.20500183105469,43.61000061035156,42.9008903503418,4651600
2024-07-15,43.935001373291016,44.3650016784668,43.560001373291016,43.845001220703125,43.13206481933594,6924000
2024-07-16,44.060001373291016,44.40999984741211,43.935001373291016,44.369998931884766,43.64853286743164,4272200
2024-07-17,43.40999984741211,43.665000915527344,43.060001373291016,43.10499954223633,42.40410614013672,5298200
2024-07-18,43.349998474121094,43.5,42.099998474121094,42.435001373291016,41.744998931884766,6713000
2024-07-19,42.375,42.6349983215332,41.689998626708984,41.85499954223633,41.17442321777344,5996000
2024-07-22,42.459999084472656,42.80500030517578,42.15999984741211,42.71500015258789,42.020442962646484,5703400
2024-07-23,42.685001373291016,43.02000045776367,42.4900016784668,42.564998626708984,41.87287902832031,4657200
2024-07-24,41.79999923706055,41.845001220703125,40.48500061035156,40.6150016784668,39.95458984375,9923400
2024-07-25,40.6349983215332,41.560001373291016,40.05500030517578,40.18000030517578,39.52666091918945,9078800
2024-07-26,40.755001068115234,41.48500061035156,40.63999938964844,41.04999923706055,40.38251876831055,18313600
2024-07-29,41.30500030517578,41.45500183105469,40.810001373291016,41.125,40.456298828125,3129600
2024-07-30,41.334999084472656,41.4900016784668,40.15999984741211,40.685001373291016,40.02345275878906,5617200
2024-07-31,41.720001220703125,42.40999984741211,41.51499938964844,41.939998626708984,41.25804901123047,6669000
2024-08-01,42.2599983215332,42.61000061035156,40.26499938964844,40.80500030517578,40.14149475097656,10633600
2024-08-02,39.70000076293945,39.880001068115234,38.619998931884766,39.27000045776367,38.6314582824707,12113400
2024-08-05,36.125,37.880001068115234,35.915000915527344,36.959999084472656,36.35902404785156,22889400
2024-08-06,37.220001220703125,38.724998474121094,37.040000915527344,37.650001525878906,37.03780746459961,9921600
2024-08-07,38.560001373291016,38.994998931884766,37.04499816894531,37.119998931884766,36.516414642333984,5993000
2024-08-08,37.8849983215332,38.935001373291016,37.595001220703125,38.83000183105469,38.1986198425293,4703000
2024-08-09,38.70000076293945,39.3849983215332,38.525001525878906,39.15999984741211,38.523250579833984,3958200
2024-08-12,39.334999084472656,39.55500030517578,38.86000061035156,39.185001373291016,38.54784393310547,3453400
2024-08-13,39.67499923706055,40.5099983215332,39.63999938964844,40.48500061035156,39.82670211791992,3965000
2024-08-14,40.599998474121094,40.90999984741211,40.189998626708984,40.73500061035156,40.0726432800293,3374200
2024-08-15,41.595001220703125,42.15999984741211,41.494998931884766,42.125,41.44003677368164,4559800
2024-08-16,41.845001220703125,42.3849983215332,41.81999969482422,42.27000045776367,41.58267593383789,4740800
2024-08-19,42.334999084472656,43.08000183105469,42.20500183105469,43.07500076293945,42.374595642089844,3348800
2024-08-20,43.0,43.27000045776367,42.724998474121094,42.93000030517578,42.2319450378418,3345200
2024-08-21,43.095001220703125,43.45500183105469,42.84000015258789,43.23500061035156,42.531986236572266,2714000
2024-08-22,43.52000045776367,43.6150016784668,42.345001220703125,42.53499984741211,41.8433723449707,4427400
2024-08-23,43.029998779296875,43.564998626708984,42.68000030517578,43.404998779296875,42.699222564697266,4017000
2024-08-26,43.56999969482422,43.685001373291016,42.94499969482422,43.189998626708984,42.48771667480469,4035000
2024-08-27,42.9900016784668,43.38999938964844,42.810001373291016,43.310001373291016,42.605770111083984,5737400
2024-08-28,43.25,43.31999969482422,42.29499816894531,42.80500030517578,42.10898208618164,3594200
2024-08-29,43.099998474121094,43.60499954223633,42.619998931884766,42.78499984741211,42.089298248291016,4767400
2024-08-30,43.13999938964844,43.665000915527344,42.584999084472656,43.57500076293945,42.866458892822266,4112600
2024-09-03,43.07500076293945,43.130001068115234,41.3849983215332,41.78499984741211,41.10556411743164,11234200
2024-09-04,41.47999954223633,42.119998931884766,41.380001068115234,41.584999084472656,40.908817291259766,6098400
2024-09-05,41.57500076293945,42.01499938964844,41.0099983215332,41.3849983215332,40.712066650390625,5145200
2024-09-06,41.41999816894531,41.66999816894531,39.834999084472656,39.9900016784668,39.339759826660156,8532400
2024-09-09,40.59000015258789,41.04999923706055,40.314998626708984,40.85499954223633,40.19068908691406,4658600
2024-09-10,41.150001525878906,41.26499938964844,40.40999984741211,41.209999084472656,40.53990936279297,3921800
2024-09-11,41.189998626708984,42.189998626708984,39.875,42.029998779296875,41.34657669067383,6438800
2024-09-12,42.1349983215332,42.79499816894531,41.790000915527344,42.75,42.05487823486328,4945000
2024-09-13,42.82500076293945,43.33000183105469,42.78499984741211,43.165000915527344,42.46312713623047,4616000
2024-09-16,43.125,43.34000015258789,42.845001220703125,43.29999923706055,42.595924377441406,2466000
2024-09-17,43.63999938964844,43.86000061035156,42.97999954223633,43.33000183105469,42.62544250488281,4926000
2024-09-18,43.41999816894531,44.18000030517578,42.974998474121094,43.04499816894531,42.345069885253906,7338400
2024-09-19,44.529998779296875,44.810001373291016,44.084999084472656,44.51499938964844,43.791175842285156,5450200
2024-09-20,44.28499984741211,44.5099983215332,43.869998931884766,44.314998626708984,43.594425201416016,4138800
2024-09-23,44.5099983215332,44.665000915527344,44.314998626708984,44.54499816894531,43.82068634033203,4071000
2024-09-24,44.68000030517578,44.814998626708984,44.22999954223633,44.79999923706055,44.07154083251953,3563200
2024-09-25,44.689998626708984,44.80500030517578,44.345001220703125,44.5099983215332,43.87194061279297,2599000
2024-09-26,45.189998626708984,45.23500061035156,44.48500061035156,44.85499954223633,44.21200180053711,3992600
2024-09-27,45.01499938964844,45.130001068115234,44.54999923706055,44.70000076293945,44.05922317504883,3907200
2024-09-30,44.540000915527344,45.14500045776367,44.18000030517578,45.084999084472656,44.43869400024414,5564200
2024-10-01,44.9900016784668,45.0,43.83000183105469,44.244998931884766,43.610740661621094,8203600
2024-10-02,44.09000015258789,44.435001373291016,43.709999084472656,44.26499938964844,43.63045120239258,4015000
2024-10-03,44.040000915527344,44.40999984741211,43.744998931884766,44.099998474121094,43.46781539916992,4366600
2024-10-04,44.78499984741211,44.94499969482422,44.14500045776367,44.869998931884766,44.22677993774414,4628600
2024-10-07,44.6150016784668,44.70500183105469,43.880001068115234,44.07500076293945,43.44317626953125,5161800
2024-10-08,44.45500183105469,44.97999954223633,44.32500076293945,44.8849983215332,44.2415657043457,3536000
2024-10-09,44.8849983215332,45.59000015258789,44.790000915527344,45.4900016784668,44.837894439697266,3457600
2024-10-10,45.279998779296875,45.560001373291016,45.08000183105469,45.34000015258789,44.69004821777344,3696800
2024-10-11,45.29499816894531,45.96500015258789,45.279998779296875,45.834999084472656,45.177947998046875,4588000
2024-10-14,46.099998474121094,46.744998931884766,46.05500030517578,46.59000015258789,45.9221305847168,3564800
2024-10-15,46.6349983215332,46.68000030517578,45.68000030517578,45.86000061035156,45.20259094238281,4199600
2024-10-16,45.86000061035156,46.334999084472656,45.72999954223633,46.244998931884766,45.58207321166992,2584200
2024-10-17,46.83000183105469,46.849998474121094,46.22999954223633,46.2400016784668,45.5771484375,4090800
2024-10-18,46.51499938964844,46.71500015258789,46.279998779296875,46.58000183105469,45.91227722167969,2812800
2024-10-21,46.46500015258789,46.619998931884766,45.939998626708984,46.435001373291016,45.76934814453125,3795800
2024-10-22,46.0099983215332,46.54999923706055,45.904998779296875,46.3650016784668,45.700355529785156,3114200
2024-10-23,46.025001525878906,46.095001220703125,44.94499969482422,45.5,44.847747802734375,5148200
2024-10-24,45.81999969482422,45.82500076293945,45.290000915527344,45.689998626708984,45.0350227355957,3457600
2024-10-25,46.04499816894531,46.505001068115234,45.4900016784668,45.654998779296875,45.00053024291992,4431000
2024-10-28,46.20000076293945,46.20500183105469,45.875,45.915000915527344,45.25680160522461,2587200
2024-10-29,45.7599983215332,46.2400016784668,45.53499984741211,46.05500030517578,45.39479446411133,2648000
2024-10-30,45.98500061035156,46.29999923706055,45.665000915527344,45.76499938964844,45.10895538330078,2683600
2024-10-31,45.064998626708984,45.08000183105469,43.939998626708984,43.959999084472656,43.329830169677734,6533400
2024-11-01,44.3650016784668,45.02000045776367,44.2599983215332,44.314998626708984,43.67973327636719,5421800
2024-11-04,44.33000183105469,44.540000915527344,43.81999969482422,44.125,43.492469787597656,4335200
2024-11-05,44.27000045776367,45.18000030517578,44.22999954223633,45.18000030517578,44.532344818115234,4392200
2024-11-06,47.14500045776367,47.560001373291016,46.540000915527344,47.41999816894531,46.740230560302734,8275600
2024-11-07,47.744998931884766,48.310001373291016,47.7400016784668,48.14500045776367,47.454837799072266,4230000
2024-11-08,48.209999084472656,48.76499938964844,48.209999084472656,48.54499816894531,47.84910202026367,2462200
2024-11-11,48.80500030517578,48.849998474121094,48.34000015258789,48.6150016784668,47.9181022644043,5364000
2024-11-12,48.599998474121094,48.70000076293945,47.904998779296875,48.30500030517578,47.612545013427734,4007400
2024-11-13,48.3849983215332,48.685001373291016,48.0,48.35499954223633,47.661827087402344,3186200
2024-11-14,48.3650016784668,48.439998626708984,47.61000061035156,47.71500015258789,47.03099822998047,4680000
2024-11-15,47.119998931884766,47.189998626708984,46.17499923706055,46.46500015258789,45.79891586303711,5830000
2024-11-18,46.54999923706055,47.064998626708984,46.404998779296875,46.85499954223633,46.183326721191406,3872600
2024-11-19,46.290000915527344,47.29999923706055,46.185001373291016,47.16999816894531,46.493812561035156,3959200
2024-11-20,47.189998626708984,47.25,46.26499938964844,47.20500183105469,46.5283088684082,4514800
2024-11-21,47.65999984741211,47.935001373291016,46.71500015258789,47.689998626708984,47.006351470947266,4790000
2024-11-22,47.67499923706055,48.06999969482422,47.60499954223633,47.959999084472656,47.272483825683594,3575000
2024-11-25,48.619998931884766,48.82500076293945,47.92499923706055,48.275001525878906,47.58297348022461,4073200
2024-11-26,48.4900016784668,48.89500045776367,48.3849983215332,48.79999923706055,48.10043716430664,2794800
2024-11-27,48.75,48.79999923706055,48.22999954223633,48.46500015258789,47.77024841308594,3924200
2024-11-29,48.58000183105469,49.18000030517578,48.54999923706055,49.03499984741211,48.33208084106445,1410600
2024-12-02,49.1150016784668,49.33000183105469,49.03499984741211,49.220001220703125,48.514427185058594,2993400
2024-12-03,49.17499923706055,49.29999923706055,49.005001068115234,49.244998931884766,48.539066314697266,2455400
2024-12-04,49.529998779296875,49.89500045776367,49.42499923706055,49.849998474121094,49.13539123535156,3304000
2024-12-05,49.849998474121094,49.9900016784668,49.63999938964844,49.685001373291016,48.97275924682617,2465000
2024-12-06,49.790000915527344,50.060001373291016,49.72999954223633,49.8650016784668,49.15018081665039,3296000
2024-12-09,49.82500076293945,49.85499954223633,49.23500061035156,49.33000183105469,48.62284851074219,4204800
2024-12-10,49.43000030517578,49.48500061035156,48.915000915527344,49.03499984741211,48.33208084106445,2352200
2024-12-11,49.5,49.92499923706055,49.45000076293945,49.77000045776367,49.056541442871094,2177600
2024-12-12,49.6150016784668,49.709999084472656,49.244998931884766,49.244998931884766,48.539066314697266,2461000
2024-12-13,49.55500030517578,49.68000030517578,48.97999954223633,49.209999084472656,48.504573822021484,2557200
2024-12-16,49.48500061035156,49.775001525878906,49.36000061035156,49.61000061035156,48.898841857910156,2967400
2024-12-17,49.18000030517578,49.34000015258789,48.970001220703125,49.18000030517578,48.47500228881836,3015200
2024-12-18,49.13999938964844,49.53499984741211,46.17499923706055,46.345001220703125,45.68063735961914,8320800
2024-12-19,47.04999923706055,47.30500030517578,46.17499923706055,46.21500015258789,45.55250549316406,7121800
2024-12-20,45.81999969482422,48.02000045776367,45.685001373291016,47.26499938964844,46.58744430541992,8556400
2024-12-23,47.119998931884766,47.83000183105469,46.6150016784668,47.7400016784668,47.17791748046875,3973600
2024-12-24,47.93000030517578,48.77000045776367,47.84000015258789,48.75,48.176025390625,2264200
2024-12-26,48.470001220703125,48.959999084472656,48.244998931884766,48.7599983215332,48.185909271240234,3175800
2024-12-27,48.11000061035156,48.15999984741211,47.03499984741211,47.720001220703125,47.15815353393555,5103600
2024-12-30,46.57500076293945,47.18000030517578,46.02000045776367,46.619998931884766,46.071102142333984,4737800
2024-12-31,46.875,46.97999954223633,46.0099983215332,46.255001068115234,45.71040344238281,4029000
2025-01-02,46.779998779296875,47.04999923706055,45.369998931884766,46.0099983215332,45.468284606933594,6692000
2025-01-03,46.46500015258789,47.255001068115234,46.29499816894531,47.13999938964844,46.584983825683594,4027800
2025-01-06,47.81999969482422,48.3849983215332,47.415000915527344,47.70000076293945,47.138389587402344,4083000
2025-01-07,48.02000045776367,48.05500030517578,46.310001373291016,46.625,46.0760498046875,4533000
2025-01-08,46.6150016784668,46.89500045776367,46.040000915527344,46.709999084472656,46.16004180908203,4622600
2025-01-10,46.130001068115234,46.14500045776367,44.970001220703125,45.279998779296875,44.74687576293945,9081800
2025-01-13,44.529998779296875,45.46500015258789,44.470001220703125,45.41999816894531,44.88523483276367,3920800
2025-01-14,45.869998931884766,45.959999084472656,44.935001373291016,45.529998779296875,44.99393081665039,5705400
2025-01-15,46.79999923706055,47.36000061035156,46.6150016784668,47.17499923706055,46.61956787109375,4624600
2025-01-16,47.38999938964844,47.41999816894531,46.875,46.994998931884766,46.441688537597656,2693800
2025-01-17,47.810001373291016,48.185001373291016,47.59000015258789,47.88999938964844,47.32615280151367,3728400
2025-01-21,48.38999938964844,48.76499938964844,48.06999969482422,48.7599983215332,48.185909271240234,7236400
2025-01-22,49.224998474121094,49.529998779296875,49.150001525878906,49.290000915527344,48.70967102050781,3153800
2025-01-23,49.185001373291016,49.834999084472656,49.150001525878906,49.834999084472656,49.24824905395508,2630400
2025-01-24,49.83000183105469,49.98500061035156,49.345001220703125,49.525001525878906,48.941898345947266,4584400
2025-01-27,47.369998931884766,48.154998779296875,47.349998474121094,48.119998931884766,47.553443908691406,7305600
2025-01-28,48.30500030517578,49.064998626708984,47.775001525878906,48.93000030517578,48.353904724121094,4713000
2025-01-29,48.79999923706055,48.86000061035156,48.06999969482422,48.4900016784668,47.91908645629883,4072800
2025-01-30,48.83000183105469,49.244998931884766,48.310001373291016,48.9900016784668,48.41320037841797,6317200
2025-01-31,49.375,49.77000045776367,48.32500076293945,48.44499969482422,47.874610900878906,4699200
2025-02-03,46.96500015258789,48.189998626708984,46.625,47.78499984741211,47.222381591796875,7280000
2025-02-04,47.79499816894531,48.5,47.71500015258789,48.42499923706055,47.8548469543457,3254400
2025-02-05,48.23500061035156,48.834999084472656,47.90999984741211,48.80500030517578,48.230377197265625,2604000
2025-02-06,49.084999084472656,49.15999984741211,48.54499816894531,49.13999938964844,48.56142807006836,3444600
2025-02-07,49.209999084472656,49.415000915527344,48.11000061035156,48.220001220703125,47.65226745605469,4510600
2025-02-10,48.73500061035156,48.970001220703125,48.525001525878906,48.86000061035156,48.28472900390625,2016800
2025-02-11,48.48500061035156,49.02000045776367,48.470001220703125,48.915000915527344,48.33908462524414,1837400
2025-02-12,47.935001373291016,48.80500030517578,47.834999084472656,48.6150016784668,48.04261016845703,4392600
2025-02-13,48.78499984741211,49.665000915527344,48.58000183105469,49.630001068115234,49.04566192626953,7450600
2025-02-14,49.6349983215332,49.79999923706055,49.4900016784668,49.599998474121094,49.01601791381836,3615600
2025-02-18,49.775001525878906,49.8650016784668,49.3650016784668,49.86000061035156,49.27295684814453,3293600
2025-02-19,49.63999938964844,50.14500045776367,49.55500030517578,50.10499954223633,49.51506805419922,8643800
2025-02-20,49.869998931884766,49.880001068115234,49.130001068115234,49.68000030517578,49.09507751464844,3851000
2025-02-21,49.619998931884766,49.625,47.869998931884766,47.959999084472656,47.39533233642578,5301800
2025-02-24,48.26499938964844,48.43000030517578,47.38999938964844,47.505001068115234,46.945682525634766,11625000
2025-02-25,47.48500061035156,47.599998474121094,46.28499984741211,47.025001525878906,46.47134017944336,5163000
2025-02-26,47.29499816894531,47.86000061035156,46.64500045776367,47.04499816894531,46.491092681884766,4521400
2025-02-27,47.42499923706055,47.60499954223633,45.4900016784668,45.55500030517578,45.018646240234375,5008000
2025-02-28,45.61000061035156,47.03499984741211,45.125,46.935001373291016,46.38239669799805,4871600
2025-03-03,47.2599983215332,47.435001373291016,44.685001373291016,45.32500076293945,44.791351318359375,10618400
2025-03-04,44.665000915527344,45.525001525878906,43.494998931884766,44.21500015258789,43.69442367553711,6871200
2025-03-05,44.17499923706055,45.43000030517578,43.625,45.165000915527344,44.633235931396484,19684600
2025-03-06,43.974998474121094,44.70500183105469,43.13999938964844,43.56999969482422,43.057010650634766,6614000
2025-03-07,43.255001068115234,44.224998474121094,42.45000076293945,43.994998931884766,43.477012634277344,7943200
2025-03-10,42.72999954223633,43.02000045776367,40.88999938964844,41.66999816894531,41.179378509521484,7437200
2025-03-11,41.459999084472656,41.97999954223633,40.369998931884766,40.97999954223633,40.49750518798828,8951600
2025-03-12,41.869998931884766,42.0099983215332,40.619998931884766,41.38999938964844,40.902679443359375,6622400
2025-03-13,41.31999969482422,41.39500045776367,40.0099983215332,40.28499984741211,39.81068801879883,5627400
2025-03-14,40.93000030517578,42.060001373291016,40.86000061035156,41.90999984741211,41.41655731201172,5987200
2025-03-17,41.88999938964844,42.939998626708984,41.845001220703125,42.540000915527344,42.039146423339844,12023800
2025-03-18,42.20000076293945,42.22999954223633,41.34000015258789,41.63999938964844,41.14973449707031,4037400
2025-03-19,41.88999938964844,43.09000015258789,41.720001220703125,42.51499938964844,42.01443862915039,4943000
2025-03-20,41.939998626708984,43.025001525878906,41.84000015258789,42.30500030517578,41.80690383911133,5075600
2025-03-21,41.56999969482422,42.404998779296875,41.38999938964844,42.29499816894531,41.79702377319336,5570200
2025-03-24,43.30500030517578,43.94499969482422,43.209999084472656,43.78499984741211,43.26948165893555,5829400
2025-03-25,43.96500015258789,44.1349983215332,43.724998474121094,43.974998474121094,43.457244873046875,3258400
2025-03-26,43.869998931884766,44.01499938964844,42.64500045776367,42.875,42.450321197509766,4626600
2025-03-27,42.6349983215332,43.189998626708984,42.29999923706055,42.61000061035156,42.18794631958008,5754400
2025-03-28,42.35499954223633,42.470001220703125,40.79499816894531,40.900001525878906,40.4948844909668,5756200
2025-03-31,40.005001068115234,41.61000061035156,39.57500076293945,41.38999938964844,40.98002624511719,10132600
2025-04-01,41.119998931884766,41.935001373291016,40.56999969482422,41.654998779296875,41.242401123046875,6908800
2025-04-02,40.755001068115234,42.595001220703125,40.72999954223633,42.16999816894531,41.75230026245117,9364000
2025-04-03,39.27000045776367,39.689998626708984,38.040000915527344,38.150001525878906,37.772117614746094,10010600
2025-04-04,36.1349983215332,36.439998626708984,33.505001068115234,33.584999084472656,33.25233459472656,16705800
2025-04-07,31.389999389648438,35.89500045776367,30.420000076293945,33.45000076293945,33.118675231933594,23717400
2025-04-08,35.724998474121094,36.125,31.389999389648438,32.400001525878906,32.07908248901367,16782800
2025-04-09,31.950000762939453,38.834999084472656,31.899999618530273,38.474998474121094,38.09389877319336,32769200
2025-04-10,36.834999084472656,37.02000045776367,33.650001525878906,35.779998779296875,35.42559051513672,16187400
2025-04-11,35.53499984741211,37.36000061035156,35.130001068115234,37.005001068115234,36.63846206665039,8526800
2025-04-14,38.41999816894531,38.45000076293945,37.005001068115234,37.724998474121094,37.3513298034668,6363200
2025-04-15,37.80500030517578,38.290000915527344,37.415000915527344,37.53499984741211,37.163211822509766,5567200
2025-04-16,36.685001373291016,37.150001525878906,35.099998474121094,35.85499954223633,35.49985122680664,6858200
2025-04-17,36.08000183105469,36.57500076293945,35.58000183105469,35.92499923706055,35.56916046142578,5706200
2025-04-21,35.189998626708984,35.2599983215332,33.470001220703125,34.220001220703125,33.88105010986328,7094800
2025-04-22,35.03499984741211,36.25,34.904998779296875,35.95000076293945,35.59391403198242,8033600
2025-04-23,37.76499938964844,38.44499969482422,36.880001068115234,37.084999084472656,36.71766662597656,7827400
2025-04-24,37.25,38.7400016784668,37.084999084472656,38.625,38.24241638183594,5204600
2025-04-25,38.6349983215332,39.2400016784668,38.209999084472656,39.165000915527344,38.777069091796875,5776800
2025-04-28,39.290000915527344,39.584999084472656,38.380001068115234,39.21500015258789,38.826576232910156,4271200
2025-04-29,38.935001373291016,39.849998474121094,38.8849983215332,39.67499923706055,39.28201675415039,3080800
2025-04-30,38.71500015258789,39.994998931884766,37.849998474121094,39.685001373291016,39.29191970825195,5554000
2025-05-01,40.54999923706055,41.084999084472656,40.189998626708984,40.27000045776367,39.87112045288086,6503000
2025-05-02,41.16999816894531,41.685001373291016,40.814998626708984,41.42499923706055,41.014678955078125,4206400
2025-05-05,40.834999084472656,41.43000030517578,40.709999084472656,40.974998474121094,40.56913375854492,3008200
2025-05-06,40.15999984741211,40.939998626708984,40.01499938964844,40.28499984741211,39.88597106933594,3120400
2025-05-07,40.470001220703125,41.0,39.88999938964844,40.630001068115234,40.22755813598633,9438200
2025-05-08,41.20500183105469,41.93000030517578,40.70000076293945,41.15999984741211,40.75230407714844,4994800
2025-05-09,41.3650016784668,41.51499938964844,40.82500076293945,41.04499816894531,40.63844299316406,3393000
2025-05-12,43.540000915527344,43.75,42.89500045776367,43.73500061035156,43.30179977416992,5250600
2025-05-13,43.82500076293945,44.665000915527344,43.72999954223633,44.33000183105469,43.89091110229492,4961600
2025-05-14,44.474998474121094,44.64500045776367,44.125,44.41999816894531,43.98001480102539,4606400
2025-05-15,44.1150016784668,44.935001373291016,44.04999923706055,44.849998474121094,44.405757904052734,3401400
2025-05-16,44.959999084472656,45.45000076293945,44.66999816894531,45.404998779296875,44.95525360107422,3484600
2025-05-19,44.474998474121094,45.60499954223633,44.470001220703125,45.51499938964844,45.064170837402344,4438200
2025-05-20,45.224998474121094,45.369998931884766,44.69499969482422,45.17499923706055,44.727535247802734,3760600
2025-05-21,44.5,45.130001068115234,43.494998931884766,43.665000915527344,43.23249053955078,7427400
2025-05-22,43.61000061035156,44.20500183105469,43.42499923706055,43.66999816894531,43.23744201660156,5442400
2025-05-23,42.584999084472656,43.45500183105469,42.529998779296875,43.064998626708984,42.638431549072266,6035600
2025-05-27,44.084999084472656,44.86000061035156,43.83000183105469,44.834999084472656,44.39090347290039,4917200
2025-05-28,44.900001525878906,45.08000183105469,44.209999084472656,44.314998626708984,43.87605285644531,4353800
2025-05-29,45.11000061035156,45.130001068115234,44.05500030517578,44.64500045776367,44.20278549194336,4123800
2025-05-30,44.46500015258789,44.78499984741211,43.599998474121094,44.53499984741211,44.09387969970703,5676200
2025-06-02,44.279998779296875,45.040000915527344,43.880001068115234,45.02000045776367,44.57406997680664,3426200
2025-06-03,44.970001220703125,45.685001373291016,44.88999938964844,45.54499816894531,45.0938720703125,4417400
2025-06-04,45.665000915527344,45.810001373291016,45.44499969482422,45.5,45.049320220947266,2083600
2025-06-05,45.76499938964844,45.96500015258789,44.744998931884766,45.029998779296875,44.58396911621094,4536400
2025-06-06,45.880001068115234,46.220001220703125,45.625,45.95000076293945,45.4948616027832,3101400
2025-06-09,46.040000915527344,46.275001525878906,45.8650016784668,46.02000045776367,45.564170837402344,3535000
2025-06-10,46.1150016784668,46.60499954223633,45.95000076293945,46.54999923706055,46.08891677856445,3618600
2025-06-11,46.709999084472656,46.849998474121094,45.96500015258789,46.28499984741211,45.826541900634766,4546800
2025-06-12,46.060001373291016,46.630001068115234,45.9900016784668,46.625,46.16317367553711,3678000
2025-06-13,45.80500030517578,46.31999969482422,45.345001220703125,45.56999969482422,45.118621826171875,7470800
2025-06-16,46.099998474121094,46.70500183105469,46.07500076293945,46.439998626708984,45.98000717163086,4284800
2025-06-17,46.04999923706055,46.279998779296875,45.52000045776367,45.63999938964844,45.18793487548828,3511000
2025-06-18,45.755001068115234,46.185001373291016,45.46500015258789,45.61000061035156,45.15822982788086,4436200
2025-06-20,45.994998931884766,46.165000915527344,45.154998779296875,45.36000061035156,44.910701751708984,4256200
2025-06-23,45.47999954223633,46.310001373291016,44.98500061035156,46.25,45.79188919067383,5676000
2025-06-24,46.89500045776367,47.435001373291016,46.755001068115234,47.27000045776367,46.80178451538086,4383800
2025-06-25,47.334999084472656,47.41999816894531,46.97999954223633,47.220001220703125,46.853878021240234,3109200
2025-06-26,47.5,48.0099983215332,47.40999984741211,47.959999084472656,47.58814239501953,2845000
2025-06-27,48.084999084472656,48.630001068115234,47.76499938964844,48.369998931884766,47.99496078491211,3852400
2025-06-30,48.779998779296875,49.064998626708984,48.41999816894531,48.86000061035156,48.481163024902344,4607800
2025-07-01,48.61000061035156,49.0,48.474998474121094,48.79499816894531,48.416664123535156,4896200
2025-07-02,48.7400016784668,49.244998931884766,48.650001525878906,49.23500061035156,48.85325622558594,2923000
2025-07-03,49.540000915527344,50.130001068115234,49.540000915527344,49.970001220703125,49.582557678222656,3015400
2025-07-07,49.665000915527344,49.76499938964844,48.790000915527344,49.255001068115234,48.873104095458984,3941200
2025-07-08,49.345001220703125,49.45500183105469,49.04999923706055,49.16999816894531,48.788761138916016,2868400
2025-07-09,49.54999923706055,49.8650016784668,49.2599983215332,49.75,49.364261627197266,3723800
2025-07-10,49.775001525878906,50.20000076293945,49.584999084472656,50.03499984741211,49.647056579589844,2116200
2025-07-11,49.52000045776367,49.849998474121094,49.33000183105469,49.64500045776367,49.26007843017578,2447600
2025-07-14,49.564998626708984,49.88999938964844,49.35499954223633,49.81999969482422,49.433719635009766,3272600
2025-07-15,50.2599983215332,50.30500030517578,49.380001068115234,49.380001068115234,48.99713897705078,5094800
2025-07-16,49.654998779296875,49.80500030517578,48.7400016784668,49.71500015258789,49.329532623291016,4619800
2025-07-17,49.7400016784668,50.380001068115234,49.724998474121094,50.33000183105469,49.93976593017578,2258200
2025-07-18,50.5,50.5099983215332,50.04999923706055,50.22999954223633,49.84054183959961,2863200
2025-07-21,50.40999984741211,50.85499954223633,50.334999084472656,50.40999984741211,50.01914596557617,2505400
2025-07-22,50.45000076293945,50.540000915527344,49.98500061035156,50.41999816894531,50.02906799316406,5568200
2025-07-23,50.845001220703125,51.26499938964844,50.54999923706055,51.26499938964844,50.86751937866211,3374000
2025-07-24,51.31999969482422,51.564998626708984,51.220001220703125,51.310001373291016,50.91217041015625,2293400
2025-07-25,51.3849983215332,51.78499984741211,51.34000015258789,51.69499969482422,51.29418182373047,8142600
2025-07-28,51.7599983215332,51.845001220703125,51.45000076293945,51.665000915527344,51.26441192626953,3046600
2025-07-29,51.89500045776367,51.935001373291016,51.2400016784668,51.380001068115234,50.98162841796875,3526000
2025-07-30,51.494998931884766,51.76499938964844,50.779998779296875,51.26499938964844,50.86751937866211,8596000
2025-07-31,52.04499816894531,52.11000061035156,50.64500045776367,50.84000015258789,50.4458122253418,4233000
2025-08-01,49.900001525878906,49.904998779296875,48.78499984741211,49.154998779296875,48.77387237548828,8160000
2025-08-04,49.78499984741211,50.650001525878906,49.775001525878906,50.6349983215332,50.24239730834961,5055200
2025-08-05,50.75,50.875,49.98500061035156,50.13999938964844,49.751243591308594,3340600
2025-08-06,50.290000915527344,51.0,50.154998779296875,50.875,50.48054504394531,3231200
2025-08-07,51.435001373291016,51.54999923706055,50.29499816894531,50.80500030517578,50.41108703613281,10660800
2025-08-08,51.07500076293945,51.63999938964844,51.029998779296875,51.54999923706055,51.150306701660156,2667400
2025-08-11,51.61000061035156,51.84000015258789,51.14500045776367,51.34000015258789,50.94193649291992,2599400
2025-08-12,51.724998474121094,52.459999084472656,51.4900016784668,52.43000030517578,52.02348327636719,2954400
2025-08-13,52.79499816894531,52.994998931884766,52.435001373291016,52.790000915527344,52.38069534301758,3049800
2025-08-14,52.439998626708984,52.89500045776367,52.369998931884766,52.790000915527344,52.38069534301758,5431000
2025-08-15,52.94499969482422,52.95000076293945,52.3650016784668,52.529998779296875,52.122711181640625,2626000
2025-08-18,52.41999816894531,52.584999084472656,52.30500030517578,52.48500061035156,52.078060150146484,3574400
2025-08-19,52.45000076293945,52.60499954223633,51.70000076293945,51.89500045776367,51.49263000488281,4963800
2025-08-20,51.82500076293945,51.8650016784668,50.78499984741211,51.6150016784668,51.214805603027344,10906400
2025-08-21,51.30500030517578,51.59000015258789,50.91999816894531,51.20000076293945,50.80302429199219,3669200
2025-08-22,51.529998779296875,52.939998626708984,51.45000076293945,52.73500061035156,52.32612228393555,6818200
2025-08-25,52.525001525878906,52.73500061035156,52.26499938964844,52.275001525878906,51.86968994140625,3091200
2025-08-26,52.220001220703125,52.7599983215332,52.125,52.69499969482422,52.28642654418945,2851600
2025-08-27,52.595001220703125,53.05500030517578,52.58000183105469,52.935001373291016,52.52457046508789,2783000
2025-08-28,53.03499984741211,53.38999938964844,52.720001220703125,53.290000915527344,52.8768196105957,2971400
2025-08-29,53.040000915527344,53.084999084472656,52.33000183105469,52.63999938964844,52.23185729980469,3477000
2025-09-02,51.38999938964844,51.869998931884766,50.970001220703125,51.845001220703125,51.443023681640625,5790800
2025-09-03,52.224998474121094,52.474998474121094,51.869998931884766,52.375,51.968910217285156,3694200
2025-09-04,52.505001068115234,53.26499938964844,52.34000015258789,53.2400016784668,52.82720184326172,2940000
2025-09-05,53.625,53.75,52.29999923706055,52.93000030517578,52.51960754394531,4443200
2025-09-08,53.15999984741211,53.349998474121094,52.939998626708984,53.18000030517578,52.76766586303711,3581000
2025-09-09,53.20000076293945,53.505001068115234,52.90999984741211,53.42499923706055,53.01076889038086,3173600
2025-09-10,53.96500015258789,54.099998474121094,53.459999084472656,53.72999954223633,53.31340789794922,3313200
2025-09-11,54.04499816894531,54.70500183105469,53.95000076293945,54.599998474121094,54.176658630371094,2927400
2025-09-12,54.584999084472656,54.83000183105469,54.470001220703125,54.53499984741211,54.11216354370117,5111200
2025-09-15,54.90999984741211,55.14500045776367,54.86000061035156,55.1150016784668,54.68767166137695,2478600
2025-09-16,55.19499969482422,55.255001068115234,54.83000183105469,54.95000076293945,54.52394485473633,2096600
2025-09-17,54.95500183105469,55.244998931884766,53.9900016784668,54.810001373291016,54.38502883911133,4051200
2025-09-18,55.25,55.755001068115234,54.994998931884766,55.33000183105469,54.9010009765625,2653600
2025-09-19,55.6150016784668,55.98500061035156,55.29499816894531,55.82500076293945,55.39216232299805,2456800
2025-09-22,55.564998626708984,56.43000030517578,55.564998626708984,56.35499954223633,55.918052673339844,2185800
2025-09-23,56.32500076293945,56.439998626708984,55.540000915527344,55.7599983215332,55.327667236328125,3591600
2025-09-24,55.84000015258789,55.85499954223633,55.04499816894531,55.27000045776367,54.93407440185547,3244200
2025-09-25,54.744998931884766,54.9900016784668,54.15999984741211,54.755001068115234,54.42219924926758,5159400
2025-09-26,54.98500061035156,55.45500183105469,54.72999954223633,55.35499954223633,55.0185546875,3839200
2025-09-29,55.790000915527344,55.91999816894531,55.3650016784668,55.65999984741211,55.32170104980469,3190600
2025-09-30,55.529998779296875,56.154998779296875,55.314998626708984,56.064998626708984,55.724239349365234,3556600
2025-10-01,55.564998626708984,56.6150016784668,55.54999923706055,56.459999084472656,56.11684036254883,4304800
2025-10-02,56.779998779296875,56.79499816894531,56.165000915527344,56.560001373291016,56.21623229980469,2896400
2025-10-03,56.68000030517578,57.130001068115234,56.380001068115234,56.54499816894531,56.20132064819336,3601000
2025-10-06,56.939998626708984,57.084999084472656,56.584999084472656,56.935001373291016,56.588951110839844,2823600
2025-10-07,57.099998474121094,57.16999816894531,56.27000045776367,56.51499938964844,56.17150115966797,3913600
2025-10-08,56.689998626708984,57.189998626708984,56.564998626708984,57.16999816894531,56.82251739501953,2768400
2025-10-09,57.2400016784668,57.30500030517578,56.5099983215332,56.834999084472656,56.489559173583984,4103200
2025-10-10,56.97999954223633,57.275001525878906,53.70000076293945,53.744998931884766,53.418338775634766,9195200
2025-10-13,54.97999954223633,55.6349983215332,54.845001220703125,55.375,55.03843307495117,5010400
2025-10-14,54.38999938964844,55.83000183105469,53.72999954223633,55.23500061035156,54.899288177490234,5524600
2025-10-15,55.97999954223633,56.55500030517578,54.67499923706055,55.70000076293945,55.36145782470703,12724600
2025-10-16,55.98500061035156,56.29499816894531,54.3650016784668,54.95500183105469,54.62099075317383,8218800
2025-10-17,54.72999954223633,55.76499938964844,54.5099983215332,55.53499984741211,55.19746017456055,7309600
2025-10-20,56.029998779296875,56.845001220703125,56.025001525878906,56.69499969482422,56.35041046142578,9536200
2025-10-21,56.71500015258789,56.970001220703125,56.48500061035156,56.66999816894531,56.3255615234375,3892600
2025-10-22,56.79499816894531,56.79499816894531,55.334999084472656,56.095001220703125,55.754058837890625,6843400
2025-10-23,56.125,56.900001525878906,56.08000183105469,56.709999084472656,56.365318298339844,3618600
2025-10-24,57.51499938964844,57.849998474121094,57.3849983215332,57.619998931884766,57.26979064941406,4459600
2025-10-27,58.584999084472656,59.04499816894531,58.470001220703125,58.98500061035156,58.62649154663086,4691800
2025-10-28,59.29499816894531,59.619998931884766,58.91999816894531,59.290000915527344,58.92963790893555,4437800
2025-10-29,59.56999969482422,59.744998931884766,58.564998626708984,59.32500076293945,58.96442794799805,8832400
2025-10-30,58.7400016784668,59.09000015258789,58.040000915527344,58.04999923706055,57.697174072265625,6866200
2025-10-31,58.900001525878906,58.904998779296875,57.915000915527344,58.380001068115234,58.02517318725586,9027200
2025-11-03,59.005001068115234,59.02000045776367,58.029998779296875,58.6150016784668,58.25874328613281,4125200
2025-11-04,57.345001220703125,58.0,57.084999084472656,57.22999954223633,56.88216018676758,5679800
2025-11-05,57.150001525878906,58.14500045776367,57.005001068115234,57.564998626708984,57.21512222290039,4305400
2025-11-06,57.38999938964844,57.54499816894531,56.06999969482422,56.31999969482422,55.977691650390625,7609600
2025-11-07,55.91999816894531,56.44499969482422,54.790000915527344,56.415000915527344,56.07211685180664,10488000
2025-11-10,57.474998474121094,58.29499816894531,57.095001220703125,58.15999984741211,57.80650329589844,5290600
2025-11-11,57.90999984741211,58.53499984741211,57.720001220703125,58.42499923706055,58.06989669799805,3299400
2025-11-12,58.75,58.7599983215332,58.08000183105469,58.48500061035156,58.12953186035156,3320200
2025-11-13,57.9900016784668,58.04999923706055,56.28499984741211,56.54499816894531,56.20132064819336,6733200
2025-11-14,55.39500045776367,57.125,55.040000915527344,56.494998931884766,56.15163040161133,9934000
2025-11-17,56.1150016784668,56.790000915527344,54.849998474121094,55.435001373291016,55.09807205200195,14279000
2025-11-18,54.810001373291016,55.33000183105469,53.79999923706055,54.505001068115234,54.17372512817383,15860000
2025-11-19,54.599998474121094,55.689998626708984,54.26499938964844,54.89500045776367,54.56134796142578,7387800
2025-11-20,56.599998474121094,57.040000915527344,53.119998931884766,53.209999084472656,52.886592864990234,5442400
2025-11-21,53.58000183105469,55.15999984741211,52.91999816894531,54.2599983215332,53.93021011352539,6211600
2025-11-24,54.86000061035156,56.08000183105469,54.68000030517578,55.86000061035156,55.520484924316406,3680000
2025-11-25,55.83000183105469,57.099998474121094,55.130001068115234,56.900001525878906,56.55416488647461,6729500
2025-11-26,57.33000183105469,58.0,57.16999816894531,57.650001525878906,57.29961013793945,3081300
2025-11-28,57.849998474121094,58.310001373291016,57.790000915527344,58.2599983215332,57.9058952331543,1850700
2025-12-01,57.47999954223633,58.189998626708984,57.470001220703125,57.72999954223633,57.37911605834961,3077500
2025-12-02,57.9900016784668,58.31999969482422,57.560001373291016,57.93000030517578,57.577903747558594,2328000
2025-12-03,57.77000045776367,58.4900016784668,57.61000061035156,58.310001373291016,57.955596923828125,2359000
2025-12-04,58.54999923706055,58.58000183105469,57.88999938964844,58.40999984741211,58.054988861083984,2570100
2025-12-05,58.560001373291016,59.060001373291016,58.400001525878906,58.58000183105469,58.22395324707031,2342300
2025-12-08,58.7400016784668,58.75,57.880001068115234,58.22999954223633,57.87607955932617,2219700
2025-12-09,58.150001525878906,58.52000045776367,58.04999923706055,58.13999938964844,57.78662872314453,2390100
2025-12-10,58.029998779296875,59.119998931884766,57.83000183105469,58.869998931884766,58.51218795776367,2710400
2025-12-11,58.459999084472656,59.15999984741211,57.959999084472656,59.150001525878906,58.79049301147461,2818400
2025-12-12,58.97999954223633,59.08000183105469,57.40999984741211,57.84000015258789,57.48845291137695,3545300
2025-12-15,58.52000045776367,58.52000045776367,57.41999816894531,57.66999816894531,57.319480895996094,3109300
2025-12-16,57.40999984741211,57.720001220703125,56.689998626708984,57.34000015258789,56.99148941040039,3512700
2025-12-17,57.5,57.59000015258789,56.040000915527344,56.060001373291016,55.71927261352539,3976300
2025-12-18,57.08000183105469,57.61000061035156,56.63999938964844,56.900001525878906,56.55416488647461,3251300
2025-12-19,57.2599983215332,57.9900016784668,57.22999954223633,57.90999984741211,57.55802917480469,2546400
2025-12-22,58.47999954223633,58.72999954223633,58.27000045776367,58.630001068115234,58.273651123046875,5741200
2025-12-23,58.459999084472656,59.189998626708984,58.45000076293945,59.130001068115234,58.77061080932617,2262600
2025-12-24,59.02000045776367,59.5099983215332,59.0,59.41999816894531,59.17493438720703,1460800
2025-12-26,59.45000076293945,59.619998931884766,59.209999084472656,59.380001068115234,59.135101318359375,1758800
2025-12-29,58.900001525878906,59.20000076293945,58.650001525878906,58.959999084472656,58.716835021972656,3097700
2025-12-30,58.88999938964844,59.08000183105469,58.7400016784668,58.79999923706055,58.557491302490234,1709700
2025-12-31,58.83000183105469,58.849998474121094,57.880001068115234,57.91999816894531,57.68111801147461,2623000
2026-01-02,58.540000915527344,58.7400016784668,57.540000915527344,58.099998474121094,57.86037826538086,5051200
2026-01-05,58.66999816894531,59.16999816894531,58.650001525878906,58.880001068115234,58.63716506958008,3408800
2026-01-06,58.88999938964844,59.650001525878906,58.869998931884766,59.56999969482422,59.324317932128906,7080800
2026-01-07,59.619998931884766,59.93000030517578,59.119998931884766,59.18000030517578,58.93592834472656,2058800
2026-01-08,59.040000915527344,59.33000183105469,58.79999923706055,59.130001068115234,58.886131286621094,2593900
2026-01-09,59.310001373291016,60.119998931884766,59.08000183105469,59.900001525878906,59.652957916259766,7065700
2026-01-12,59.310001373291016,60.2400016784668,59.310001373291016,60.08000183105469,59.83221435546875,2469300
2026-01-13,60.15999984741211,60.22999954223633,59.41999816894531,59.81999969482422,59.57328796386719,2606800
2026-01-14,59.349998474121094,59.470001220703125,58.52000045776367,59.2599983215332,59.015594482421875,4292500
2026-01-15,59.959999084472656,60.099998474121094,59.380001068115234,59.540000915527344,59.2944450378418,3008100
2026-01-16,59.779998779296875,59.869998931884766,59.15999984741211,59.41999816894531,59.17493438720703,2437000
2026-01-20,57.66999816894531,58.220001220703125,56.81999969482422,56.9900016784668,56.75495910644531,7592200
2026-01-21,57.31999969482422,58.86000061035156,57.08000183105469,58.279998779296875,58.039634704589844,5194800
2026-01-22,59.040000915527344,59.2599983215332,58.560001373291016,58.880001068115234,58.63716506958008,3088800
2026-01-23,58.7400016784668,59.209999084472656,58.560001373291016,58.900001525878906,58.657081604003906,3182700
2026-01-26,59.119998931884766,59.7400016784668,59.040000915527344,59.5099983215332,59.264564514160156,2695600
2026-01-27,59.75,60.150001525878906,59.650001525878906,59.9900016784668,59.74258804321289,1899500
2026-01-28,60.2400016784668,60.369998931884766,59.70000076293945,59.95000076293945,59.70275115966797,2895500
2026-01-29,60.099998474121094,60.209999084472656,58.119998931884766,59.68000030517578,59.43386459350586,3578200
2026-01-30,59.290000915527344,59.709999084472656,58.4900016784668,59.290000915527344,59.045475006103516,9207800
2026-02-02,58.900001525878906,60.15999984741211,58.869998931884766,59.90999984741211,59.66291427612305,4491100
2026-02-03,60.04999923706055,60.16999816894531,57.939998626708984,58.869998931884766,58.62720489501953,4662200
2026-02-04,58.9900016784668,59.20000076293945,57.540000915527344,58.279998779296875,58.039634704589844,6937100
2026-02-05,57.380001068115234,57.84000015258789,56.529998779296875,56.810001373291016,56.57570266723633,6982300
2026-02-06,57.439998626708984,59.279998779296875,57.36000061035156,59.0099983215332,58.766624450683594,6016000
2026-02-09,58.779998779296875,59.880001068115234,58.59000015258789,59.529998779296875,59.284481048583984,7456300
2026-02-10,59.720001220703125,59.97999954223633,59.119998931884766,59.220001220703125,58.97576141357422,3159900
2026-02-11,59.95000076293945,60.06999969482422,58.709999084472656,59.189998626708984,58.94588088989258,3942500
2026-02-12,59.58000183105469,59.7599983215332,57.20000076293945,57.36000061035156,57.12343215942383,5226700
2026-02-13,57.38999938964844,58.15999984741211,56.689998626708984,57.369998931884766,57.13338851928711,5821200
2026-02-17,57.099998474121094,57.90999984741211,56.380001068115234,57.54999923706055,57.312644958496094,11188600
2026-02-18,57.77000045776367,58.630001068115234,57.56999969482422,58.130001068115234,57.890254974365234,2884700
2026-02-19,57.720001220703125,58.11000061035156,57.34000015258789,57.81999969482422,57.58153533935547,2769200
2026-02-20,57.41999816894531,58.72999954223633,57.349998474121094,58.63999938964844,58.39815139770508,4356100
2026-02-23,58.349998474121094,58.70000076293945,57.09000015258789,57.43000030517578,57.19314193725586,5528600
2026-02-24,57.33000183105469,58.40999984741211,57.02000045776367,58.27000045776367,58.02967834472656,2422800
2026-02-25,58.720001220703125,59.31999969482422,58.720001220703125,59.220001220703125,58.97576141357422,2257500
2026-02-26,59.27000045776367,59.27000045776367,57.72999954223633,58.560001373291016,58.318485260009766,3623000
2026-02-27,57.47999954223633,58.11000061035156,57.2400016784668,58.0099983215332,57.770748138427734,3764600
2026-03-02,56.720001220703125,58.40999984741211,56.619998931884766,58.029998779296875,57.79066848754883,4687600
2026-03-03,56.119998931884766,57.38999938964844,55.20000076293945,57.0,56.764915466308594,6507400
2026-03-04,57.220001220703125,58.130001068115234,56.880001068115234,57.810001373291016,57.57157897949219,4768300
2026-03-05,57.2599983215332,57.86000061035156,56.189998626708984,57.15999984741211,56.924259185791016,6349000
2026-03-06,55.79999923706055,56.25,55.18000030517578,55.619998931884766,55.39060592651367,5087200
2026-03-09,54.619998931884766,56.86000061035156,53.959999084472656,56.599998474121094,56.3665657043457,7107200
2026-03-10,56.4900016784668,57.43000030517578,56.0,56.369998931884766,56.137516021728516,5858900
2026-03-11,56.470001220703125,56.869998931884766,55.75,56.25,56.01801300048828,3132800
2026-03-12,55.36000061035156,55.459999084472656,54.5,54.5099983215332,54.28518295288086,4561100
2026-03-13,55.029998779296875,55.529998779296875,53.7400016784668,53.880001068115234,53.65778732299805,3980000
2026-03-16,54.849998474121094,55.459999084472656,54.66999816894531,54.95000076293945,54.72337341308594,3009600
2026-03-17,55.5099983215332,55.849998474121094,55.130001068115234,55.25,55.02213668823242,1877000
2026-03-18,54.849998474121094,55.060001373291016,53.68000030517578,53.72999954223633,53.50840377807617,4096800
2026-03-19,52.959999084472656,53.91999816894531,52.68000030517578,53.41999816894531,53.19968032836914,4910400
2026-03-20,53.16999816894531,53.189998626708984,51.2599983215332,51.86000061035156,51.646114349365234,5682000
2026-03-23,53.36000061035156,54.11000061035156,52.72999954223633,52.959999084472656,52.7415771484375,20106000
2026-03-24,52.310001373291016,53.209999084472656,52.060001373291016,52.59000015258789,52.373104095458984,4952300
2026-03-25,53.34000015258789,53.70000076293945,52.63999938964844,53.040000915527344,52.93600082397461,3281900
2026-03-26,52.2599983215332,52.720001220703125,51.11000061035156,51.15999984741211,51.05968475341797,4281200
2026-03-27,50.72999954223633,50.75,49.2400016784668,49.380001068115234,49.28317642211914,5417800
2026-03-30,50.29999923706055,50.349998474121094,48.630001068115234,49.060001373291016,48.963802337646484,6903900
2026-03-31,50.119998931884766,52.06999969482422,49.97999954223633,51.880001068115234,51.77827453613281,8139500
2026-04-01,52.45000076293945,53.189998626708984,52.310001373291016,52.650001525878906,52.5467643737793,5837500
2026-04-02,51.220001220703125,53.060001373291016,51.0099983215332,52.7400016784668,52.63658905029297,4570400
2026-04-06,52.720001220703125,53.34000015258789,52.66999816894531,53.220001220703125,53.11564636230469,3188100
2026-04-07,52.849998474121094,53.310001373291016,51.939998626708984,53.25,53.14558792114258,5841400
2026-04-08,56.02000045776367,56.13999938964844,55.22999954223633,55.939998626708984,55.8303108215332,4265200
2026-04-09,55.779998779296875,56.810001373291016,55.59000015258789,56.59000015258789,56.47903823852539,3048700
2026-04-10,56.79999923706055,56.93000030517578,56.34000015258789,56.47999954223633,56.3692512512207,2051400
2026-04-13,56.13999938964844,57.630001068115234,56.02000045776367,57.58000183105469,57.467098236083984,2733900
2026-04-14,57.869998931884766,59.02000045776367,57.849998474121094,58.9900016784668,58.874332427978516,15381500
2026-04-15,59.130001068115234,59.970001220703125,58.959999084472656,59.900001525878906,59.78254699707031,3194100
2026-04-16,60.09000015258789,60.38999938964844,59.66999816894531,60.18000030517578,60.0620002746582,4842700
2026-04-17,60.939998626708984,62.02000045776367,60.900001525878906,61.619998931884766,61.49917221069336,5341500
2026-04-20,61.380001068115234,61.58000183105469,60.93000030517578,61.369998931884766,61.249664306640625,4298000
2026-04-21,61.630001068115234,61.810001373291016,60.31999969482422,60.58000183105469,60.46121597290039,4388900
2026-04-22,61.45000076293945,61.83000183105469,61.279998779296875,61.779998779296875,61.65885925292969,2761900
2026-04-23,61.4900016784668,61.970001220703125,60.22999954223633,61.310001373291016,61.18978500366211,4884300
2026-04-24,61.66999816894531,62.310001373291016,61.369998931884766,62.209999084472656,62.088016510009766,3979900
2026-04-27,62.06999969482422,62.4900016784668,61.91999816894531,62.41999816894531,62.297603607177734,2426200
2026-04-28,61.83000183105469,62.0099983215332,61.380001068115234,61.79999923706055,61.6788215637207,2326700
2026-04-29,61.66999816894531,61.869998931884766,61.220001220703125,61.790000915527344,61.66884231567383,5380500
2026-04-30,62.310001373291016,63.20000076293945,61.56999969482422,62.959999084472656,62.8365478515625,5831500
2026-05-01,63.43000030517578,64.05999755859375,63.290000915527344,63.310001373291016,63.18586349487305,3178400
2026-05-04,63.209999084472656,63.560001373291016,62.31999969482422,62.86000061035156,62.73674392700195,4701000
2026-05-05,63.5,64.06999969482422,63.459999084472656,63.83000183105469,63.70484161376953,2732900
2026-05-06,64.5999984741211,65.73999786376953,64.55000305175781,65.61000061035156,65.48135375976562,4508200
2026-05-07,65.83000183105469,66.0,64.87999725341797,65.18000030517578,65.05219268798828,4662400
2026-05-08,65.7699966430664,66.33000183105469,65.72000122070312,66.22000122070312,66.09015655517578,2245100
2026-05-11,66.04000091552734,66.80000305175781,66.0199966430664,66.51000213623047,66.37958526611328,2521600
2026-05-12,66.11000061035156,66.44000244140625,65.18000030517578,66.33000183105469,66.19994354248047,4867200
2026-05-13,66.37000274658203,67.33999633789062,65.83999633789062,67.05999755859375,66.92850494384766,2142700
2026-05-14,67.30000305175781,68.3499984741211,67.29000091552734,68.0999984741211,67.96646881103516,2854700
2026-05-15,66.94000244140625,67.20999908447266,66.2300033569336,66.43000030517578,66.29974365234375,3008600
2026-05-18,66.55000305175781,66.83000183105469,65.4000015258789,66.30999755859375,66.17997741699219,4181600
2026-05-19,65.63999938964844,66.13999938964844,65.04000091552734,65.44999694824219,65.32166290283203,2844800
2026-05-20,65.7699966430664,66.87999725341797,65.47000122070312,66.79000091552734,66.6590347290039,3452500
2026-05-21,66.27999877929688,67.41000366210938,66.01000213623047,67.02999877929688,66.89856719970703,3046000
2026-05-22,67.62000274658203,68.12000274658203,67.31999969482422,67.51000213623047,67.37762451171875,3476100
2026-05-26,68.30999755859375,68.68000030517578,68.01000213623047,68.38999938964844,68.25589752197266,2294500
2026-05-27,68.44999694824219,68.54000091552734,67.95999908447266,68.37999725341797,68.24591827392578,2077500
2026-05-28,68.33000183105469,69.22000122070312,68.13999938964844,69.12000274658203,68.9844741821289,2336600
2026-05-29,69.31999969482422,69.72000122070312,69.11000061035156,69.44000244140625,69.30384063720703,2882800
2026-06-01,69.25,70.12000274658203,69.0999984741211,69.77999877929688,69.64317321777344,3188300
2026-06-02,69.51000213623047,70.12999725341797,69.45999908447266,69.97000122070312,69.83280181884766,4278600
2026-06-03,69.70999908447266,69.81999969482422,68.87000274658203,68.98999786376953,68.85472106933594,2628600
2026-06-04,68.56999969482422,69.72000122070312,68.47000122070312,69.47000122070312,69.33378601074219,2448200
2026-06-05,68.58999633789062,68.66999816894531,65.5,65.86000061035156,65.7308578491211,5947000
2026-06-08,66.88999938964844,67.26000213623047,66.0,66.16999816894531,66.04025268554688,3807400
2026-06-09,66.94000244140625,67.52999877929688,63.16999816894531,65.79000091552734,65.66099548339844,5918000
2026-06-10,65.08999633789062,65.98999786376953,63.66999816894531,63.66999816894531,63.5451545715332,3505100
2026-06-11,64.23999786376953,66.2300033569336,63.5,65.83000183105469,65.70092010498047,11030800
2026-06-12,66.31999969482422,66.98999786376953,65.31999969482422,66.51000213623047,66.37958526611328,5867600
2026-06-15,68.31999969482422,69.19000244140625,68.30999755859375,68.81999969482422,68.68505859375,3292600
2026-06-16,68.80000305175781,68.94999694824219,67.94999694824219,68.04000091552734,67.90658569335938,3397700
2026-06-17,68.19000244140625,68.3499984741211,66.01000213623047,66.3499984741211,66.21990203857422,3511500
2026-06-18,67.83999633789062,67.91999816894531,67.13999938964844,67.61000061035156,67.47743225097656,2254700
2026-06-22,67.81999969482422,68.26000213623047,66.98999786376953,67.19999694824219,67.06822967529297,2684500
2026-06-23,65.27999877929688,66.3499984741211,65.02999877929688,65.27999877929688,65.1520004272461,2902800
2026-06-24,65.4000015258789,66.26000213623047,64.6500015258789,65.05999755859375,65.05999755859375,3018700
2026-06-25,66.05000305175781,66.12999725341797,64.41999816894531,65.05000305175781,65.05000305175781,3154300
2026-06-26,64.26000213623047,65.61000061035156,63.900001525878906,64.41999816894531,64.41999816894531,2752600
2026-06-29,65.58000183105469,66.47000122070312,64.81999969482422,66.3499984741211,66.3499984741211,5573000
2026-06-30,66.43000030517578,67.62999725341797,66.37000274658203,67.37999725341797,67.37999725341797,2605300
2026-07-01,67.08999633789062,67.87999725341797,66.5999984741211,67.20999908447266,67.20999908447266,2885300
2026-07-02,67.44999694824219,68.16999816894531,66.13999938964844,67.0,67.0,3202600
2026-07-06,67.66999816894531,68.3499984741211,67.45999908447266,68.16000366210938,68.16000366210938,2622200
2026-07-07,67.94999694824219,68.08999633789062,67.05000305175781,67.48999786376953,67.48999786376953,2923700
2026-07-08,66.66999816894531,67.19000244140625,66.0,67.02999877929688,67.02999877929688,4333800
2026-07-09,67.38999938964844,68.2300033569336,67.0999984741211,68.16999816894531,68.16999816894531,1879000
2026-07-10,68.2300033569336,68.83000183105469,67.5199966430664,68.72000122070312,68.72000122070312,2343300
2026-07-13,68.30000305175781,68.55000305175781,67.47000122070312,67.66999816894531,67.66999816894531,3944700
2026-07-14,67.97000122070312,68.43000030517578,67.5999984741211,68.1500015258789,68.1500015258789,3751800
2026-07-15,68.56999969482422,68.80999755859375,67.86000061035156,68.66000366210938,68.66000366210938,2687900
2026-07-16,68.29000091552734,68.62999725341797,67.41999816894531,67.94999694824219,67.94999694824219,2517500
2026-07-17,66.30999755859375,67.27999877929688,66.11000061035156,66.5199966430664,66.5199966430664,2792500
2026-07-20,67.19000244140625,67.51000213623047,66.2300033569336,66.33000183105469,66.33000183105469,2588600
2026-07-21,67.05999755859375,67.55999755859375,66.69000244140625,67.44000244140625,67.44000244140625,1766000
2026-07-22,67.12999725341797,67.7300033569336,67.06999969482422,67.2699966430664,67.2699966430664,2121900
2026-07-23,65.79000091552734,66.37999725341797,65.05000305175781,65.61000061035156,65.61000061035156,2503300
2026-07-24,65.5999984741211,66.54000091552734,65.4000015258789,65.66999816894531,65.66999816894531,2466400
2026-07-27,66.75,66.8499984741211,65.1500015258789,65.69999694824219,65.69999694824219,2989400
2026-07-28,65.72000122070312,66.3499984741211,65.16000366210938,65.9800033569336,65.9800033569336,2406000
2026-07-29,65.83999633789062,66.33000183105469,63.90999984741211,64.01000213623047,64.01000213623047,3809100
2026-07-30,65.0999984741211,66.2300033569336,64.87000274658203,66.0999984741211,66.0999984741211,2829800
2026-07-31,66.62999725341797,67.36000061035156,65.36000061035156,66.98999786376953,66.98999786376953,3527500
2026-08-03,67.44000244140625,69.08999633789062,67.4000015258789,68.94000244140625,68.94000244140625,3592900
2026-08-04,69.45999908447266,71.79000091552734,69.44999694824219,71.38999938964844,71.38999938964844,4986200
2026-08-05,72.23999786376953,72.41999816894531,71.05999755859375,71.12000274658203,71.12000274658203,3441100
2026-08-06,71.16999816894531,71.4800033569336,70.68000030517578,70.87999725341797,70.87999725341797,2079000
2026-08-07,71.30999755859375,71.83000183105469,71.05000305175781,71.68000030517578,71.68000030517578,3802600
2026-08-10,71.56999969482422,72.02999877929688,71.44999694824219,71.66000366210938,71.66000366210938,2300600
2026-08-11,71.93000030517578,71.93000030517578,70.9800033569336,71.16000366210938,71.16000366210938,1579500
2026-08-12,71.94000244140625,71.97000122070312,71.30999755859375,71.54000091552734,71.54000091552734,2111700
2026-08-13,71.9800033569336,72.80000305175781,71.8499984741211,72.5199966430664,72.5199966430664,1858000
2026-08-14,72.61000061035156,72.66999816894531,72.04000091552734,72.19999694824219,72.19999694824219,2521500
