date,open,high,low,close,adjclose,volume
2016-08-18,2.579792022705078,2.600416898727417,2.566667079925537,2.59041690826416,2.46340274810791,56755200
2016-08-19,2.5762500762939453,2.6035420894622803,2.5545830726623535,2.5868749618530273,2.4600348472595215,73617600
2016-08-22,2.574583053588867,2.60604190826416,2.5612499713897705,2.5893750190734863,2.4624128341674805,73243200
2016-08-23,2.620832920074463,2.6358330249786377,2.602916955947876,2.6047921180725098,2.4770731925964355,62654400
2016-08-24,2.6010420322418213,2.6122920513153076,2.530208110809326,2.5545830726623535,2.429325580596924,71198400
2016-08-25,2.534374952316284,2.56583309173584,2.525624990463257,2.5425000190734863,2.4178357124328613,58444800
2016-08-26,2.545833110809326,2.603332996368408,2.5083329677581787,2.5547919273376465,2.4295246601104736,107313600
2016-08-29,2.5562500953674316,2.584791898727417,2.5547919273376465,2.561875104904175,2.43626070022583,49833600
2016-08-30,2.552500009536743,2.573957920074463,2.5129170417785645,2.538749933242798,2.4142701625823975,65750400
2016-08-31,2.527708053588867,2.5391669273376465,2.498958110809326,2.532083034515381,2.4079291820526123,71616000
2016-09-01,2.533750057220459,2.5587499141693115,2.4962499141693115,2.543333053588867,2.418628215789795,85953600
2016-09-02,2.5885419845581055,2.6039578914642334,2.546041965484619,2.573124885559082,2.4469587802886963,90739200
2016-09-06,2.5885419845581055,2.6229169368743896,2.5708329677581787,2.620832920074463,2.4923276901245117,65985600
2016-09-07,2.628957986831665,2.6404170989990234,2.597707986831665,2.625624895095825,2.496884346008301,58075200
2016-09-08,2.6041669845581055,2.6056249141693115,2.5606250762939453,2.580625057220459,2.4540913105010986,70065600
2016-09-09,2.5177080631256104,2.5333330631256104,2.384999990463257,2.384999990463257,2.2680583000183105,160915200
2016-09-12,2.3491671085357666,2.523750066757202,2.344791889190674,2.5072920322418213,2.3843541145324707,130651200
2016-09-13,2.473750114440918,2.497499942779541,2.410207986831665,2.448124885559082,2.3280885219573975,125308800
2016-09-14,2.4543750286102295,2.5208330154418945,2.4518749713897705,2.4795830249786377,2.3580033779144287,111528000
2016-09-15,2.483333110809326,2.606874942779541,2.481250047683716,2.594583034515381,2.467365264892578,131860800
2016-09-16,2.588124990463257,2.600416898727417,2.5541670322418213,2.5916669368743896,2.4645915031433105,81523200
2016-09-19,2.6114580631256104,2.6360421180725098,2.5439579486846924,2.5577080249786377,2.432298421859741,91670400
2016-09-20,2.5833330154418945,2.6041669845581055,2.559999942779541,2.5718750953674316,2.445770502090454,75782400
2016-09-21,2.6041669845581055,2.6585419178009033,2.5602080821990967,2.646667003631592,2.516894817352295,138600000
2016-09-22,2.6962499618530273,2.7200000286102295,2.686666965484619,2.7085421085357666,2.5757358074188232,78100800
2016-09-23,2.700000047683716,2.701457977294922,2.6475000381469727,2.659791946411133,2.52937650680542,73065600
2016-09-26,2.6139578819274902,2.623332977294922,2.5808329582214355,2.59375,2.4665727615356445,81883200
2016-09-27,2.5908329486846924,2.6720829010009766,2.5808329582214355,2.6672921180725098,2.5365090370178223,82900800
2016-09-28,2.676875114440918,2.686666965484619,2.641249895095825,2.681874990463257,2.5503764152526855,75696000
2016-09-29,2.670417070388794,2.683542013168335,2.589792013168335,2.625,2.496290683746338,114830400
2016-09-30,2.649167060852051,2.705625057220459,2.6360421180725098,2.678957939147949,2.547603130340576,79987200
2016-10-03,2.6697919368743896,2.680833101272583,2.6385419368743896,2.672916889190674,2.5418577194213867,81758400
2016-10-04,2.6918749809265137,2.7114579677581787,2.628541946411133,2.657707929611206,2.5273940563201904,112204800
2016-10-05,2.681874990463257,2.7114579677581787,2.6781249046325684,2.6854169368743896,2.5537447929382324,68856000
2016-10-06,2.675416946411133,2.6985421180725098,2.643125057220459,2.6812500953674316,2.5497817993164062,74529600
2016-10-07,2.6897919178009033,2.69979190826416,2.6254169940948486,2.663749933242798,2.5331404209136963,90561600
2016-10-10,2.703125,2.732707977294922,2.701667070388794,2.7114579677581787,2.5785093307495117,59889600
2016-10-11,2.7058329582214355,2.709167003631592,2.563541889190674,2.599375009536743,2.471921443939209,129643200
2016-10-12,2.6020829677581787,2.6181249618530273,2.567500114440918,2.5939579010009766,2.466770648956299,82056000
2016-10-13,2.539792060852051,2.584583044052124,2.4931249618530273,2.563541889190674,2.4378459453582764,104428800
2016-10-14,2.5981249809265137,2.631666898727417,2.5670828819274902,2.5693750381469727,2.4433929920196533,81811200
2016-10-17,2.5687499046325684,2.582082986831665,2.5414578914642334,2.5516669750213623,2.42655348777771,55862400
2016-10-18,2.640625,2.654792070388794,2.6145830154418945,2.6170830726623535,2.4887619018554688,76968000
2016-10-19,2.6122920513153076,2.628541946411133,2.6039578914642334,2.6181249618530273,2.4897522926330566,47054400
2016-10-20,2.60604190826416,2.6254169940948486,2.5629169940948486,2.6070830821990967,2.4792520999908447,69950400
2016-10-21,2.61270809173584,2.641458034515381,2.588124990463257,2.6354169845581055,2.5061967372894287,58632000
2016-10-24,2.6887500286102295,2.736875057220459,2.686666965484619,2.7314579486846924,2.5975282192230225,68649600
2016-10-25,2.7339580059051514,2.737916946411133,2.693542003631592,2.704166889190674,2.571575880050659,59712000
2016-10-26,2.652082920074463,2.694999933242798,2.6270830631256104,2.652292013168335,2.522244930267334,95308800
2016-10-27,2.6847920417785645,2.6912500858306885,2.603332996368408,2.6152079105377197,2.48697829246521,103041600
2016-10-28,2.59041690826416,2.632082939147949,2.5416669845581055,2.569999933242798,2.443986654281616,142958400
2016-10-31,2.5950000286102295,2.5950000286102295,2.5541670322418213,2.555417060852051,2.430119276046753,56904000
2016-11-01,2.5718750953674316,2.5718750953674316,2.4337499141693115,2.5029170513153076,2.380192995071411,101923200
2016-11-02,2.4945828914642334,2.511457920074463,2.421041965484619,2.4377079010009766,2.318181276321411,81763200
2016-11-03,2.4277079105377197,2.450624942779541,2.358541965484619,2.367500066757202,2.2514164447784424,87014400
2016-11-04,2.3456249237060547,2.397291898727417,2.328749895095825,2.340625047683716,2.225858688354492,84921600
2016-11-07,2.453958034515381,2.516249895095825,2.4443750381469727,2.5083329677581787,2.385343551635742,100963200
2016-11-08,2.5,2.591249942779541,2.483333110809326,2.557499885559082,2.4321000576019287,110587200
2016-11-09,2.4668750762939453,2.6047921180725098,2.459791898727417,2.5933330059051514,2.4661760330200195,183292800
2016-11-10,2.6247920989990234,2.639583110809326,2.3639578819274902,2.4700000286102295,2.348890542984009,247968000
2016-11-11,2.431874990463257,2.485832929611206,2.4083330631256104,2.467916965484619,2.346909761428833,113563200
2016-11-14,2.4725000858306885,2.477916955947876,2.3575000762939453,2.384582996368408,2.2676613330841064,177552000
2016-11-15,2.444999933242798,2.5177080631256104,2.438124895095825,2.494999885559082,2.3726651668548584,105571200
2016-11-16,2.457292079925537,2.54354190826416,2.457292079925537,2.5356249809265137,2.411297559738159,86337600
2016-11-17,2.5339579582214355,2.594374895095825,2.518125057220459,2.594374895095825,2.4671671390533447,75537600
2016-11-18,2.5991671085357666,2.616041898727417,2.5572919845581055,2.5652079582214355,2.4394304752349854,63057600
2016-11-21,2.58145809173584,2.6504170894622803,2.5804169178009033,2.642292022705078,2.5127346515655518,83625600
2016-11-22,2.674375057220459,2.6875,2.6475000381469727,2.6660420894622803,2.535320281982422,76680000
2016-11-23,2.6404170989990234,2.6493749618530273,2.5999999046325684,2.633958101272583,2.5048091411590576,73824000
2016-11-25,2.6464579105377197,2.663332939147949,2.635624885559082,2.659374952316284,2.528979778289795,38280000
2016-11-28,2.647291898727417,2.6791670322418213,2.6337499618530273,2.644582986831665,2.5149130821228027,71467200
2016-11-29,2.6468749046325684,2.706666946411133,2.627500057220459,2.6700000762939453,2.5390844345092773,74582400
2016-11-30,2.675416946411133,2.681874990463257,2.5693750381469727,2.5835421085357666,2.4568655490875244,151296000
2016-12-01,2.5704169273376465,2.570625066757202,2.4264578819274902,2.441667079925537,2.321946859359741,186384000
2016-12-02,2.443958044052124,2.4825000762939453,2.4222919940948486,2.451457977294922,2.3312578201293945,102984000
2016-12-05,2.491041898727417,2.5391669273376465,2.456666946411133,2.508125066757202,2.3851468563079834,89942400
2016-12-06,2.5274999141693115,2.5406250953674316,2.49666690826416,2.526249885559082,2.4023818969726562,69254400
2016-12-07,2.511457920074463,2.632499933242798,2.4895830154418945,2.619999885559082,2.4915359020233154,148867200
2016-12-08,2.626667022705078,2.657291889190674,2.6114580631256104,2.6360421180725098,2.506791114807129,113016000
2016-12-09,2.665832996368408,2.702291965484619,2.665832996368408,2.6977078914642334,2.5654337406158447,102672000
2016-12-12,2.6608328819274902,2.677917003631592,2.6295828819274902,2.660207986831665,2.5297718048095703,95150400
2016-12-13,2.689167022705078,2.806874990463257,2.6854169368743896,2.764167070388794,2.628633975982666,169195200
2016-12-14,2.769582986831665,2.7995829582214355,2.720417022705078,2.743957996368408,2.6094155311584473,142377600
2016-12-15,2.751457929611206,2.8062500953674316,2.7366669178009033,2.760624885559082,2.62526535987854,106425600
2016-12-16,2.7735419273376465,2.7914578914642334,2.7118749618530273,2.7270829677581787,2.5933682918548584,114753600
2016-12-19,2.738542079925537,2.8104169368743896,2.726249933242798,2.7604169845581055,2.6250674724578857,83572800
2016-12-20,2.782083034515381,2.8072919845581055,2.777082920074463,2.793750047683716,2.656766176223755,62784000
2016-12-21,2.7947919368743896,2.800416946411133,2.766458034515381,2.7839579582214355,2.647454261779785,48288000
2016-12-22,2.785207986831665,2.7889580726623535,2.7300000190734863,2.7597920894622803,2.6244730949401855,65520000
2016-12-23,2.748542070388794,2.769582986831665,2.7395830154418945,2.7683329582214355,2.6325950622558594,32251200
2016-12-27,2.7833330631256104,2.856874942779541,2.780416965484619,2.8087499141693115,2.6710307598114014,75643200
2016-12-28,2.8258330821990967,2.834791898727417,2.73770809173584,2.7437500953674316,2.609217882156372,91339200
2016-12-29,2.7422919273376465,2.759582996368408,2.7058329582214355,2.730417013168335,2.596538543701172,85728000
2016-12-30,2.746042013168335,2.7477080821990967,2.625,2.650624990463257,2.5206589698791504,105384000
2017-01-03,2.7002079486846924,2.7477080821990967,2.674375057220459,2.714792013168335,2.5816800594329834,97646400
2017-01-04,2.727292060852051,2.776249885559082,2.723750114440918,2.7610421180725098,2.625662088394165,66513600
2017-01-05,2.7587499618530273,2.813541889190674,2.7562499046325684,2.809999942779541,2.6722195148468018,61372800
2017-01-06,2.8152079582214355,2.9033329486846924,2.793750047683716,2.8812499046325684,2.739976167678833,95798400
2017-01-09,2.8883330821990967,2.924999952316284,2.882499933242798,2.910417079925537,2.7677133083343506,66172800
2017-01-10,2.9091670513153076,2.954582929611206,2.89395809173584,2.9270830154418945,2.783561944961548,66336000
2017-01-11,2.9291670322418213,2.951667070388794,2.8862500190734863,2.949583053588867,2.8049585819244385,94104000
2017-01-12,2.920417070388794,2.9433329105377197,2.855417013168335,2.9345829486846924,2.790693521499634,80517600
2017-01-13,2.944166898727417,2.9825000762939453,2.9433329105377197,2.9683330059051514,2.822788953781128,58612800
2017-01-17,2.941667079925537,2.9583330154418945,2.9149999618530273,2.9404170513153076,2.7962419986724854,55531200
2017-01-18,2.954166889190674,2.966249942779541,2.930417060852051,2.9604170322418213,2.815261125564575,49329600
2017-01-19,2.96875,3.001667022705078,2.935832977294922,2.952500104904175,2.807732105255127,59731200
2017-01-20,2.9916670322418213,3.014583110809326,2.950000047683716,2.9716670513153076,2.8259596824645996,56846400
2017-01-23,2.9625000953674316,2.9916670322418213,2.9237499237060547,2.978332996368408,2.832298994064331,55250400
2017-01-24,2.9945828914642334,3.053333044052124,2.9820830821990967,3.040416955947876,2.89133882522583,51691200
2017-01-25,3.095417022705078,3.1337499618530273,3.088749885559082,3.129167079925537,2.9757370948791504,56148000
2017-01-26,3.1433329582214355,3.1608328819274902,3.1254169940948486,3.142082929611206,2.9880199432373047,50856000
2017-01-27,3.1583330631256104,3.1675000190734863,3.12833309173584,3.157083034515381,3.002284526824951,33249600
2017-01-30,3.1237499713897705,3.1254169940948486,3.0325000286102295,3.0854170322418213,2.9341325759887695,75043200
2017-01-31,3.0537500381469727,3.0683329105377197,3.012083053588867,3.0683329105377197,2.91788649559021,59616000
2017-02-01,3.12833309173584,3.146667003631592,3.086667060852051,3.126667022705078,2.973360061645508,72511200
2017-02-02,3.110832929611206,3.1479170322418213,3.0850000381469727,3.1187500953674316,2.9658305644989014,57895200
2017-02-03,3.1312499046325684,3.15625,3.12166690826416,3.1458330154418945,2.9915857315063477,48192000
2017-02-06,3.1304171085357666,3.1591670513153076,3.1220829486846924,3.1575000286102295,3.002680540084839,41707200
2017-02-07,3.1741669178009033,3.212083101272583,3.1691670417785645,3.190000057220459,3.0335874557495117,46634400
2017-02-08,3.1787500381469727,3.220417022705078,3.161250114440918,3.2079169750213623,3.050625801086426,36967200
2017-02-09,3.2166669368743896,3.2637500762939453,3.211667060852051,3.2412500381469727,3.0823240280151367,51525600
2017-02-10,3.2637500762939453,3.2874999046325684,3.2470829486846924,3.2733330726623535,3.1128342151641846,47872800
2017-02-13,3.3041670322418213,3.342916965484619,3.2991669178009033,3.3308329582214355,3.1675150394439697,42988800
2017-02-14,3.3329169750213623,3.363332986831665,3.3016669750213623,3.3620829582214355,3.197232484817505,62664000
2017-02-15,3.357917070388794,3.4266669750213623,3.3499999046325684,3.4200000762939453,3.252309799194336,73564800
2017-02-16,3.428333044052124,3.4487500190734863,3.3924999237060547,3.4170830249786377,3.2495360374450684,63950400
2017-02-17,3.40291690826416,3.4625000953674316,3.4008328914642334,3.4600000381469727,3.290349006652832,51607200
2017-02-21,3.4841670989990234,3.5199999809265137,3.476249933242798,3.515000104904175,3.3426523208618164,66729600
2017-02-22,3.504167079925537,3.524167060852051,3.485832929611206,3.5154170989990234,3.343048572540283,43056000
2017-02-23,3.5308330059051514,3.53125,3.43416690826416,3.4774999618530273,3.306990385055542,62676000
2017-02-24,3.427500009536743,3.4962499141693115,3.424999952316284,3.4962499141693115,3.3248207569122314,50731200
2017-02-27,3.477916955947876,3.5087499618530273,3.458750009536743,3.506666898727417,3.3347272872924805,52437600
2017-02-28,3.507082939147949,3.5104169845581055,3.447499990463257,3.4791669845581055,3.3085758686065674,41904000
2017-03-01,3.5399999618530273,3.608333110809326,3.5233330726623535,3.5916669368743896,3.415559768676758,63254400
2017-03-02,3.5899999141693115,3.5899999141693115,3.5233330726623535,3.5350000858306885,3.3616714477539062,42919200
2017-03-03,3.5266671180725098,3.558332920074463,3.4995830059051514,3.553333044052124,3.37910532951355,34646400
2017-03-06,3.515000104904175,3.548332929611206,3.487916946411133,3.528749942779541,3.355727434158325,38774400
2017-03-07,3.5062499046325684,3.558332920074463,3.4945828914642334,3.5112500190734863,3.3390860557556152,35428800
2017-03-08,3.5199999809265137,3.563333034515381,3.5079169273376465,3.5291669368743896,3.35612416267395,38652000
2017-03-09,3.5283329486846924,3.552917003631592,3.4820830821990967,3.5399999618530273,3.3664257526397705,44172000
2017-03-10,3.5854170322418213,3.5983328819274902,3.537916898727417,3.578749895095825,3.40327525138855,51456000
2017-03-13,3.5754170417785645,3.602916955947876,3.572082996368408,3.5995829105377197,3.4230873584747314,33883200
2017-03-14,3.575000047683716,3.5804169178009033,3.5299999713897705,3.5729169845581055,3.39772891998291,53020800
2017-03-15,3.5975000858306885,3.663332939147949,3.5604169368743896,3.6354169845581055,3.457164764404297,63813600
2017-03-16,3.660417079925537,3.660417079925537,3.6070830821990967,3.6333329677581787,3.4551825523376465,38875200
2017-03-17,3.641666889190674,3.65625,3.622499942779541,3.6245830059051514,3.446861743927002,35320800
2017-03-20,3.6245830059051514,3.661250114440918,3.608333110809326,3.6354169845581055,3.457164764404297,36696000
2017-03-21,3.675832986831665,3.6875,3.4649999141693115,3.4733328819274902,3.303027391433716,93568800
2017-03-22,3.475416898727417,3.5512499809265137,3.459167003631592,3.5416669845581055,3.368011236190796,71373600
2017-03-23,3.528749942779541,3.5566670894622803,3.49666690826416,3.5133330821990967,3.341066837310791,59064000
2017-03-24,3.5466670989990234,3.5879170894622803,3.494999885559082,3.5325000286102295,3.3592936992645264,51686400
2017-03-27,3.4604170322418213,3.569582939147949,3.4345829486846924,3.5512499809265137,3.377124786376953,75259200
2017-03-28,3.550832986831665,3.648750066757202,3.528749942779541,3.617917060852051,3.4405226707458496,84000000
2017-03-29,3.6212499141693115,3.670833110809326,3.612916946411133,3.665832996368408,3.4860894680023193,48170400
2017-03-30,3.6645829677581787,3.6962499618530273,3.6524999141693115,3.68416690826416,3.5035243034362793,52927200
2017-03-31,3.667917013168335,3.7049999237060547,3.6558330059051514,3.675416946411133,3.4952032566070557,54146400
2017-04-03,3.6862499713897705,3.711667060852051,3.6091670989990234,3.6675000190734863,3.4876744747161865,64521600
2017-04-04,3.6354169845581055,3.6870830059051514,3.6329169273376465,3.68416690826416,3.5035243034362793,32424000
2017-04-05,3.702083110809326,3.7658329010009766,3.6204171180725098,3.642082929611206,3.463503837585449,73360800
2017-04-06,3.654582977294922,3.675416946411133,3.6187500953674316,3.6449999809265137,3.466277599334717,61651200
2017-04-07,3.6424999237060547,3.6737499237060547,3.601249933242798,3.6408329010009766,3.462315082550049,41575200
2017-04-10,3.6533329486846924,3.6887500286102295,3.6137499809265137,3.6449999809265137,3.466277599334717,48376800
2017-04-11,3.6308329105377197,3.649167060852051,3.5179169178009033,3.5991671085357666,3.422691583633423,85346400
2017-04-12,3.5950000286102295,3.6024999618530273,3.540832996368408,3.5516669750213623,3.37752103805542,68095200
2017-04-13,3.5374999046325684,3.598750114440918,3.507499933242798,3.509582996368408,3.337501049041748,61370400
2017-04-17,3.5391669273376465,3.5975000858306885,3.5350000858306885,3.592916965484619,3.416748046875,36333600
2017-04-18,3.5595829486846924,3.6116669178009033,3.552917003631592,3.5824999809265137,3.406841993331909,50755200
2017-04-19,3.6237499713897705,3.6591670513153076,3.5799999237060547,3.5950000286102295,3.418729305267334,57568800
2017-04-20,3.6387500762939453,3.7083330154418945,3.6220829486846924,3.6820828914642334,3.501542091369629,82492800
2017-04-21,3.694166898727417,3.6987500190734863,3.6549999713897705,3.680417060852051,3.4999582767486572,54026400
2017-04-24,3.8020830154418945,3.825000047683716,3.7858328819274902,3.814167022705078,3.627150058746338,60072000
2017-04-25,3.8520829677581787,3.917917013168335,3.8433330059051514,3.898750066757202,3.7075862884521484,64113600
2017-04-26,3.9024999141693115,3.930417060852051,3.873332977294922,3.881666898727417,3.6913394927978516,87660000
2017-04-27,3.9108328819274902,3.950000047683716,3.901249885559082,3.949583053588867,3.7559263706207275,57676800
2017-04-28,3.997499942779541,4.002082824707031,3.952083110809326,3.97208309173584,3.777323007583618,68500800
2017-05-01,4.008749961853027,4.09250020980835,4.003749847412109,4.072082996368408,3.872420072555542,64634400
2017-05-02,4.092082977294922,4.102083206176758,4.060832977294922,4.096250057220459,3.8954012393951416,60412800
2017-05-03,4.071249961853027,4.071667194366455,4.022916793823242,4.055832862854004,3.856966733932495,73586400
2017-05-04,4.05791711807251,4.076666831970215,4.0183329582214355,4.059999942779541,3.860929489135742,72607200
2017-05-05,4.08916711807251,4.1041669845581055,4.045416831970215,4.1041669845581055,3.90293025970459,54506400
2017-05-08,4.110416889190674,4.1304168701171875,4.085416793823242,4.128749847412109,3.9263086318969727,61267200
2017-05-09,4.1483330726623535,4.201250076293945,4.139166831970215,4.174167156219482,3.9694976806640625,75717600
2017-05-10,4.178750038146973,4.1845831871032715,4.136666774749756,4.180832862854004,3.975837469100952,56193600
2017-05-11,4.147082805633545,4.172916889190674,4.088749885559082,4.170833110809326,3.9663283824920654,62433600
2017-05-12,4.176249980926514,4.2004170417785645,4.165417194366455,4.1979169845581055,3.9920825958251953,58538400
2017-05-15,4.202083110809326,4.244166851043701,4.191249847412109,4.2370829582214355,4.029329776763916,69340800
2017-05-16,4.267083168029785,4.290832996368408,4.232916831970215,4.290417194366455,4.080048561096191,77066400
2017-05-17,4.189582824707031,4.211667060852051,3.9604170322418213,3.9658329486846924,3.771379232406616,140236800
2017-05-18,3.9600000381469727,4.105416774749756,3.9429171085357666,4.066249847412109,3.8668720722198486,120384000
2017-05-19,4.105833053588867,4.168333053588867,4.102499961853027,4.115417003631592,3.9136288166046143,72844800
2017-05-22,4.144166946411133,4.227083206176758,4.139583110809326,4.22208309173584,4.0150651931762695,65354400
2017-05-23,4.256667137145996,4.258333206176758,4.200832843780518,4.232500076293945,4.0249714851379395,68858400
2017-05-24,4.267917156219482,4.295833110809326,4.234582901000977,4.290832996368408,4.0804443359375,64941600
2017-05-25,4.337916851043701,4.431666851043701,4.310832977294922,4.403749942779541,4.18782377243042,87504000
2017-05-26,4.400416851043701,4.4270830154418945,4.383749961853027,4.422500133514404,4.205655574798584,54856800
2017-05-30,4.4116668701171875,4.4479169845581055,4.407083034515381,4.431666851043701,4.214371204376221,55192800
2017-05-31,4.47208309173584,4.4816670417785645,4.358749866485596,4.426249980926514,4.209221363067627,96902400
2017-06-01,4.452499866485596,4.482916831970215,4.397916793823242,4.4791669845581055,4.259543418884277,74092800
2017-06-02,4.5233330726623535,4.6354169845581055,4.503749847412109,4.632082939147949,4.404961109161377,83244000
2017-06-05,4.62833309173584,4.652500152587891,4.608749866485596,4.62833309173584,4.401395320892334,51477600
2017-06-06,4.611667156219482,4.656667232513428,4.552499771118164,4.575832843780518,4.351469993591309,77733600
2017-06-07,4.608333110809326,4.637499809265137,4.548333168029785,4.625833034515381,4.39901876449585,81410400
2017-06-08,4.654582977294922,4.6616668701171875,4.5654168128967285,4.638332843780518,4.4109063148498535,92563200
2017-06-09,4.65500020980835,4.672082901000977,4.110833168029785,4.302917003631592,4.091936111450195,233138400
2017-06-12,4.183332920074463,4.244166851043701,4.0595831871032715,4.224999904632568,4.017838954925537,166449600
2017-06-13,4.290832996368408,4.3408331871032715,4.2266669273376465,4.323750019073486,4.1117472648620605,126492000
2017-06-14,4.374582767486572,4.374582767486572,4.163750171661377,4.265832901000977,4.056670188903809,139012800
2017-06-15,4.1354169845581055,4.222499847412109,4.057499885559082,4.2083330154418945,4.00199031829834,141158400
2017-06-16,4.199999809265137,4.202917098999023,4.107082843780518,4.157917022705078,3.954045295715332,93856800
2017-06-19,4.273749828338623,4.373332977294922,4.25458288192749,4.359167098999023,4.145427227020264,110944800
2017-06-20,4.348750114440918,4.364167213439941,4.25458288192749,4.2604169845581055,4.051519870758057,85939200
2017-06-21,4.2866668701171875,4.388332843780518,4.27791690826416,4.384167194366455,4.169201850891113,83589600
2017-06-22,4.403749942779541,4.427499771118164,4.345832824707031,4.379167079925537,4.164445877075195,68445600
2017-06-23,4.363749980926514,4.445833206176758,4.328332901000977,4.428332805633545,4.2112016677856445,68786400
2017-06-26,4.50124979019165,4.52791690826416,4.338749885559082,4.3695831298828125,4.155333518981934,105681600
2017-06-27,4.318749904632568,4.332917213439941,4.129167079925537,4.129167079925537,3.9267055988311768,144088800
2017-06-28,4.172500133514404,4.31583309173584,4.1016669273376465,4.302499771118164,4.091537952423096,120861600
2017-06-29,4.249582767486572,4.252500057220459,3.9583330154418945,4.0833330154418945,3.88311767578125,231564000
2017-06-30,4.118750095367432,4.150416851043701,4.045416831970215,4.069167137145996,3.86964750289917,98616000
2017-07-03,4.141666889190674,4.154582977294922,3.9483330249786377,3.9583330154418945,3.7642464637756348,81684000
2017-07-05,3.9887499809265137,4.103750228881836,3.952083110809326,4.071249961853027,3.8716275691986084,114033600
2017-07-06,3.9770829677581787,4.028749942779541,3.917917013168335,3.963749885559082,3.7693984508514404,106324800
2017-07-07,4.0029168128967285,4.120832920074463,4.0,4.082499980926514,3.8823256492614746,89623200
2017-07-10,4.097917079925537,4.1979169845581055,4.065000057220459,4.167916774749756,3.963555097579956,92114400
2017-07-11,4.149582862854004,4.217916965484619,4.102917194366455,4.202083110809326,3.9960460662841797,108571200
2017-07-12,4.307499885559082,4.364999771118164,4.2841668128967285,4.3516669273376465,4.138294696807861,105307200
2017-07-13,4.368750095367432,4.411250114440918,4.342082977294922,4.3804168701171875,4.165635585784912,91476000
2017-07-14,4.4320831298828125,4.499166965484619,4.397082805633545,4.483333110809326,4.263505458831787,84636000
2017-07-17,4.497917175292969,4.5366668701171875,4.463749885559082,4.485833168029785,4.2658820152282715,100663200
2017-07-18,4.4766669273376465,4.579583168029785,4.4375,4.574999809265137,4.35067892074585,84182400
2017-07-19,4.6145830154418945,4.6770830154418945,4.611249923706055,4.658750057220459,4.430320739746094,104234400
2017-07-20,4.6929168701171875,4.702499866485596,4.6120829582214355,4.676249980926514,4.446963787078857,108460800
2017-07-21,4.618332862854004,4.669582843780518,4.59708309173584,4.6691670417785645,4.440227508544922,86916000
2017-07-24,4.667916774749756,4.7420830726623535,4.650416851043701,4.730000019073486,4.498076915740967,88732800
2017-07-25,4.68625020980835,4.729582786560059,4.657917022705078,4.698332786560059,4.467962741851807,94180800
2017-07-26,4.728332996368408,4.749166965484619,4.7083330154418945,4.740417003631592,4.507983207702637,60607200
2017-07-27,4.8358330726623535,4.847917079925537,4.485833168029785,4.655832767486572,4.427546501159668,188956800
2017-07-28,4.573750019073486,4.662083148956299,4.544582843780518,4.640832901000977,4.41328239440918,70022400
2017-07-31,4.678750038146973,4.696667194366455,4.5495829582214355,4.580417156219482,4.355828285217285,88716000
2017-08-01,4.62624979019165,4.630000114440918,4.568749904632568,4.610416889190674,4.384357929229736,61156800
2017-08-02,4.697500228881836,4.702083110809326,4.5183329582214355,4.644166946411133,4.4164533615112305,110366400
2017-08-03,4.6616668701171875,4.663332939147949,4.56708288192749,4.595832824707031,4.370489597320557,72640800
2017-08-04,4.622917175292969,4.648749828338623,4.560832977294922,4.613749980926514,4.387527942657471,71488800
2017-08-07,4.640832901000977,4.702917098999023,4.620832920074463,4.6954169273376465,4.465190410614014,54837600
2017-08-08,4.6745829582214355,4.7916669845581055,4.6379170417785645,4.677917003631592,4.448548793792725,103886400
2017-08-09,4.563333034515381,4.665417194366455,4.530832767486572,4.65958309173584,4.4311137199401855,99081600
2017-08-10,4.581250190734863,4.589582920074463,4.346250057220459,4.357082843780518,4.143445014953613,163382400
2017-08-11,4.37833309173584,4.486249923706055,4.347499847412109,4.456666946411133,4.238146781921387,105271200
2017-08-14,4.560417175292969,4.650000095367432,4.55916690826416,4.630000114440918,4.402980804443359,95488800
2017-08-15,4.655832767486572,4.665417194366455,4.600417137145996,4.638332843780518,4.4109063148498535,72297600
2017-08-16,4.670833110809326,4.727083206176758,4.616250038146973,4.662499904632568,4.433887481689453,99052800
2017-08-17,4.605833053588867,4.62833309173584,4.375,4.375833034515381,4.161275863647461,158582400
2017-08-18,4.382500171661377,4.454583168029785,4.3125,4.360416889190674,4.146616458892822,129852000
2017-08-21,4.367917060852051,4.3933329582214355,4.266666889190674,4.352499961853027,4.139088153839111,86481600
2017-08-22,4.4166669845581055,4.5595831871032715,4.414583206176758,4.546249866485596,4.323338031768799,94264800
2017-08-23,4.4716668128967285,4.52666711807251,4.4658331871032715,4.49541711807251,4.274997234344482,84076800
2017-08-24,4.5283331871032715,4.545833110809326,4.379167079925537,4.457917213439941,4.239336013793945,97180800
2017-08-25,4.50333309173584,4.541250228881836,4.411250114440918,4.427917003631592,4.210805892944336,92620800
2017-08-28,4.466667175292969,4.499166965484619,4.425416946411133,4.466667175292969,4.247657299041748,66242400
2017-08-29,4.350417137145996,4.5416669845581055,4.340000152587891,4.521667003631592,4.299960136413574,85123200
2017-08-30,4.529582977294922,4.699999809265137,4.521667003631592,4.678332805633545,4.448944091796875,106248000
2017-08-31,4.716249942779541,4.828332901000977,4.708749771118164,4.81125020980835,4.575344562530518,106176000
2017-09-01,4.847917079925537,4.866250038146973,4.7708330154418945,4.80791711807251,4.572174549102783,71001600
2017-09-05,4.762083053588867,4.795000076293945,4.569582939147949,4.679166793823242,4.449737071990967,129235200
2017-09-06,4.717082977294922,4.75124979019165,4.618750095367432,4.719583034515381,4.488171100616455,85557600
2017-09-07,4.7470831871032715,4.787499904632568,4.699999809265137,4.74875020980835,4.515909671783447,73970400
2017-09-08,4.730833053588867,4.739167213439941,4.6145830154418945,4.631667137145996,4.404566764831543,82646400
2017-09-11,4.736249923706055,4.8095831871032715,4.734582901000977,4.779167175292969,4.544834613800049,85279200
2017-09-12,4.824999809265137,4.84041690826416,4.7529168128967285,4.819582939147949,4.583267688751221,73418400
2017-09-13,4.7916669845581055,4.8408331871032715,4.772500038146973,4.839582920074463,4.602287292480469,51604800
2017-09-14,4.786250114440918,4.8254170417785645,4.745832920074463,4.7579169273376465,4.524625778198242,73576800
2017-09-15,4.7529168128967285,4.854582786560059,4.728332996368408,4.796249866485596,4.561079502105713,79264800
2017-09-18,4.81708288192749,4.863333225250244,4.7395830154418945,4.78458309173584,4.549984455108643,91509600
2017-09-19,4.8070831298828125,4.827499866485596,4.7579169273376465,4.804999828338623,4.569400787353516,56942400
2017-09-20,4.802499771118164,4.816667079925537,4.652500152587891,4.764999866485596,4.5313615798950195,107306400
2017-09-21,4.750833034515381,4.752500057220459,4.625,4.673333168029785,4.444189071655273,84890400
2017-09-22,4.627082824707031,4.680417060852051,4.614999771118164,4.6616668701171875,4.433095932006836,62167200
2017-09-25,4.604582786560059,4.611667156219482,4.443749904632568,4.515417098999023,4.294015884399414,135520800
2017-09-26,4.5808329582214355,4.605833053588867,4.49875020980835,4.546249866485596,4.323338031768799,95090400
2017-09-27,4.618750095367432,4.719167232513428,4.5833330154418945,4.669582843780518,4.4406232833862305,111348000
2017-09-28,4.635832786560059,4.675000190734863,4.6016669273376465,4.6616668701171875,4.433095932006836,64536000
2017-09-29,4.690000057220459,4.770417213439941,4.652500152587891,4.7604169845581055,4.527002811431885,88248000
2017-10-02,4.784999847412109,4.832083225250244,4.710000038146973,4.773749828338623,4.539682388305664,92205600
2017-10-03,4.7916669845581055,4.820000171661377,4.7604169845581055,4.803750038146973,4.568211555480957,62738400
2017-10-04,4.7758331298828125,4.846250057220459,4.7629170417785645,4.816249847412109,4.580099105834961,90153600
2017-10-05,4.872499942779541,4.962916851043701,4.852083206176758,4.954999923706055,4.712045192718506,94291200
2017-10-06,4.908332824707031,4.974999904632568,4.90625,4.972917079925537,4.729084491729736,85960800
2017-10-09,4.995832920074463,5.010832786560059,4.9404168128967285,4.960416793823242,4.717197418212891,68851200
2017-10-10,5.007500171661377,5.023749828338623,4.904582977294922,4.970832824707031,4.727102279663086,71757600
2017-10-11,4.964582920074463,5.016666889190674,4.943749904632568,5.014166831970215,4.768312454223633,59788800
2017-10-12,4.992917060852051,5.045000076293945,4.969167232513428,4.9870829582214355,4.742555141448975,66180000
2017-10-13,5.044582843780518,5.059999942779541,5.027082920074463,5.042916774749756,4.795651912689209,48873600
2017-10-16,5.0808329582214355,5.097499847412109,5.047082901000977,5.09499979019165,4.845179080963135,57079200
2017-10-17,5.088749885559082,5.1145830154418945,5.065000057220459,5.112916946411133,4.862219333648682,60189600
2017-10-18,5.127082824707031,5.1279168128967285,5.072082996368408,5.093332767486572,4.843595504760742,57900000
2017-10-19,5.005833148956299,5.037499904632568,4.929999828338623,5.037083148956299,4.790103912353516,80680800
2017-10-20,5.097499847412109,5.109582901000977,5.058750152587891,5.073750019073486,4.824972629547119,66554400
2017-10-23,5.105833053588867,5.107082843780518,4.955417156219482,4.9791669845581055,4.735026836395264,61456800
2017-10-24,5.0029168128967285,5.032083034515381,4.946249961853027,5.00458288192749,4.75919771194458,58872000
2017-10-25,4.970832824707031,5.019999980926514,4.832083225250244,4.943749904632568,4.701347351074219,89191200
2017-10-26,4.936666965484619,4.969583034515381,4.890832901000977,4.897916793823242,4.6577606201171875,72768000
2017-10-27,5.130833148956299,5.349583148956299,5.117917060852051,5.320000171661377,5.059148788452148,147818400
2017-10-30,5.306666851043701,5.420000076293945,5.295000076293945,5.357916831970215,5.095207214355469,96556800
2017-10-31,5.405832767486572,5.439582824707031,5.362916946411133,5.414583206176758,5.149095058441162,60196800
2017-11-01,5.482500076293945,5.489999771118164,5.347917079925537,5.40749979019165,5.142357349395752,83064000
2017-11-02,5.391250133514404,5.398749828338623,5.268750190734863,5.380000114440918,5.116206169128418,91780800
2017-11-03,5.437082767486572,5.536250114440918,5.382082939147949,5.53000020980835,5.258852481842041,86700000
2017-11-06,5.520417213439941,5.59499979019165,5.513750076293945,5.586249828338623,5.312342643737793,76096800
2017-11-07,5.573750019073486,5.62041711807251,5.539999961853027,5.595417022705078,5.3210601806640625,93321600
2017-11-08,5.590000152587891,5.668749809265137,5.569167137145996,5.665417194366455,5.387630462646484,68863200
2017-11-09,5.527500152587891,5.5833330154418945,5.402082920074463,5.574583053588867,5.301249027252197,163195200
2017-11-10,5.537083148956299,5.5858330726623535,5.505833148956299,5.5729169845581055,5.299665451049805,66436800
2017-11-13,5.514166831970215,5.614167213439941,5.509582996368408,5.589582920074463,5.315513610839844,75144000
2017-11-14,5.533332824707031,5.551667213439941,5.451666831970215,5.533332824707031,5.262021541595459,91000800
2017-11-15,5.462500095367432,5.497917175292969,5.364999771118164,5.452083110809326,5.184756278991699,80668800
2017-11-16,5.537917137145996,5.696249961853027,5.534999847412109,5.65625,5.378911018371582,80853600
2017-11-17,5.662083148956299,5.673333168029785,5.577917098999023,5.592916965484619,5.318683624267578,69352800
2017-11-20,5.6016669273376465,5.620832920074463,5.556666851043701,5.579166889190674,5.305607318878174,50059200
2017-11-21,5.657083034515381,5.766666889190674,5.651249885559082,5.755000114440918,5.47282075881958,70742400
2017-11-22,5.775416851043701,5.796249866485596,5.742917060852051,5.77791690826416,5.494612693786621,60117600
2017-11-24,5.800000190734863,5.847499847412109,5.7891669273376465,5.842916965484619,5.556427001953125,39952800
2017-11-27,5.835416793823242,5.875833034515381,5.795000076293945,5.8333330154418945,5.547311782836914,66837600
2017-11-28,5.872917175292969,5.889583110809326,5.779582977294922,5.87624979019165,5.588123798370361,70305600
2017-11-29,5.861667156219482,5.861667156219482,5.489999771118164,5.574166774749756,5.3008527755737305,208288800
2017-11-30,5.644166946411133,5.743332862854004,5.602083206176758,5.712500095367432,5.432403087615967,118780800
2017-12-01,5.602083206176758,5.717916965484619,5.387083053588867,5.636250019073486,5.35989236831665,170294400
2017-12-04,5.74666690826416,5.759582996368408,5.4245829582214355,5.441667079925537,5.1748504638671875,165444000
2017-12-05,5.4320831298828125,5.637083053588867,5.372917175292969,5.449583053588867,5.182377338409424,115480800
2017-12-06,5.389166831970215,5.547916889190674,5.369166851043701,5.521667003631592,5.250926971435547,94759200
2017-12-07,5.525000095367432,5.625,5.503749847412109,5.576250076293945,5.3028340339660645,76156800
2017-12-08,5.699999809265137,5.740832805633545,5.625,5.650000095367432,5.3729681968688965,88401600
2017-12-11,5.658750057220459,5.7866668701171875,5.65625,5.779582977294922,5.496196746826172,71568000
2017-12-12,5.771249771118164,5.80916690826416,5.7216668128967285,5.7579169273376465,5.475593090057373,73377600
2017-12-13,5.823332786560059,5.84499979019165,5.765832901000977,5.7866668701171875,5.502933502197266,83342400
2017-12-14,5.8204169273376465,5.8620829582214355,5.756249904632568,5.7783331871032715,5.4950103759765625,71246400
2017-12-15,5.845832824707031,5.9920830726623535,5.814167022705078,5.966249942779541,5.673710823059082,111669600
2017-12-18,6.083749771118164,6.137083053588867,6.058332920074463,6.1195831298828125,5.819526672363281,81081600
2017-12-19,6.086667060852051,6.106249809265137,5.963749885559082,6.019999980926514,5.724826335906982,98868000
2017-12-20,6.077499866485596,6.079999923706055,5.920416831970215,5.994999885559082,5.701052188873291,71150400
2017-12-21,6.016250133514404,6.071249961853027,5.9716668128967285,5.9920830726623535,5.698278427124023,66518400
2017-12-22,5.966667175292969,5.978750228881836,5.921667098999023,5.97208309173584,5.679257869720459,42492000
2017-12-26,5.876667022705078,5.896667003631592,5.80791711807251,5.875417232513428,5.5873332023620605,48866400
2017-12-27,5.875833034515381,5.922500133514404,5.858333110809326,5.875417232513428,5.5873332023620605,45196800
2017-12-28,5.927499771118164,5.93291711807251,5.874166965484619,5.891250133514404,5.602389335632324,46730400
2017-12-29,5.913332939147949,5.913332939147949,5.7758331298828125,5.78000020980835,5.496593952178955,68558400
2018-01-02,5.870832920074463,6.08916711807251,5.828750133514404,6.076666831970215,5.778714179992676,91735200
2018-01-03,6.101250171661377,6.277500152587891,6.100417137145996,6.25458288192749,5.947906494140625,85224000
2018-01-04,6.327917098999023,6.350417137145996,6.269166946411133,6.291250228881836,5.982776641845703,70024800
2018-01-05,6.379167079925537,6.494999885559082,6.346250057220459,6.481249809265137,6.163459777832031,82380000
2018-01-08,6.480416774749756,6.566667079925537,6.4741668701171875,6.553332805633545,6.2320075035095215,72252000
2018-01-09,6.593332767486572,6.615417003631592,6.5,6.558332920074463,6.236763954162598,104169600
2018-01-10,6.467082977294922,6.514166831970215,6.383749961853027,6.511666774749756,6.192385673522949,95853600
2018-01-11,6.544582843780518,6.642083168029785,6.514166831970215,6.642083168029785,6.31640625,74839200
2018-01-12,6.6195831298828125,6.808750152587891,6.600832939147949,6.782917022705078,6.4503350257873535,89560800
2018-01-16,6.920000076293945,7.02791690826416,6.670000076293945,6.730416774749756,6.4004106521606445,165021600
2018-01-17,6.820000171661377,6.977083206176758,6.727917194366455,6.942500114440918,6.6020941734313965,82624800
2018-01-18,6.912083148956299,6.99541711807251,6.862916946411133,6.949166774749756,6.608433723449707,94394400
2018-01-19,7.008749961853027,7.045833110809326,6.910417079925537,7.015832901000977,6.671831130981445,84948000
2018-01-22,6.999166965484619,7.235000133514404,6.981249809265137,7.235000133514404,6.880252361297607,103862400
2018-01-23,7.3045830726623535,7.43625020980835,7.293333053588867,7.418333053588867,7.054596424102783,129343200
2018-01-24,7.458749771118164,7.510832786560059,7.143750190734863,7.267917156219482,6.911555767059326,209073600
2018-01-25,7.419582843780518,7.425000190734863,7.1904168128967285,7.258749961853027,6.902838230133057,133300800
2018-01-26,7.375,7.582917213439941,7.336667060852051,7.582917213439941,7.211108684539795,106437600
2018-01-29,7.537917137145996,7.58916711807251,7.433750152587891,7.482500076293945,7.115616798400879,132348000
2018-01-30,7.274167060852051,7.389583110809326,7.178332805633545,7.291250228881836,6.93374490737915,132506400
2018-01-31,7.418749809265137,7.4608330726623535,7.25,7.381249904632568,7.019331455230713,110997600
2018-02-01,7.217916965484619,7.425000190734863,7.119999885559082,7.196667194366455,6.843799114227295,127968000
2018-02-02,7.116250038146973,7.15958309173584,6.746250152587891,6.757082939147949,6.425767421722412,190185600
2018-02-05,6.5729169845581055,6.90166711807251,5.94208288192749,5.977083206176758,5.684014320373535,230628000
2018-02-06,5.700832843780518,6.4583330154418945,5.62624979019165,6.437917232513428,6.122251510620117,239383200
2018-02-07,6.377500057220459,6.582917213439941,6.183332920074463,6.183332920074463,5.88015079498291,176112000
2018-02-08,6.2470831871032715,6.255833148956299,5.4166669845581055,5.417082786560059,5.151470184326172,216405600
2018-02-09,5.633333206176758,5.797916889190674,5.050000190734863,5.672082901000977,5.393967628479004,320344800
2018-02-12,5.865832805633545,6.099583148956299,5.717916965484619,5.9895830154418945,5.6959004402160645,175056000
2018-02-13,5.884582996368408,6.108333110809326,5.848750114440918,6.0625,5.765243053436279,108055200
2018-02-14,5.9716668128967285,6.442500114440918,5.96541690826416,6.417500019073486,6.102835655212402,168115200
2018-02-15,6.5833330154418945,6.761666774749756,6.382500171661377,6.7529168128967285,6.421806812286377,190375200
2018-02-16,6.703750133514404,6.894583225250244,6.639583110809326,6.677499771118164,6.3500871658325195,170553600
2018-02-20,6.600832939147949,6.885000228881836,6.594583034515381,6.7108330726623535,6.381786346435547,145869600
2018-02-21,6.8070831298828125,7.008749961853027,6.6458330154418945,6.650416851043701,6.3243327140808105,177477600
2018-02-22,6.7470831871032715,6.847917079925537,6.600832939147949,6.65166711807251,6.325521945953369,166603200
2018-02-23,6.802499771118164,7.052499771118164,6.730833053588867,7.047916889190674,6.702342510223389,142768800
2018-02-26,7.158750057220459,7.334167003631592,7.1433329582214355,7.3308329582214355,6.971386909484863,133951200
2018-02-27,7.34375,7.3829169273376465,7.05916690826416,7.068333148956299,6.721756458282471,173308800
2018-02-28,7.18625020980835,7.256249904632568,6.9191670417785645,6.926249980926514,6.58664083480835,153014400
2018-03-01,6.941667079925537,7.0341668128967285,6.4033331871032715,6.592916965484619,6.269651889801025,251916000
2018-03-02,6.361667156219482,6.805832862854004,6.28249979019165,6.774167060852051,6.442014694213867,193399200
2018-03-05,6.678750038146973,7.046667098999023,6.59833288192749,6.986667156219482,6.6440958976745605,148881600
2018-03-06,7.0908331871032715,7.153749942779541,6.949999809265137,7.074999809265137,6.728096961975098,142060800
2018-03-07,6.920416831970215,7.1458330154418945,6.884167194366455,7.1279168128967285,6.778419017791748,133764000
2018-03-08,7.207499980926514,7.259167194366455,7.12958288192749,7.234167098999023,6.879459857940674,115168800
2018-03-09,7.3983330726623535,7.655416965484619,7.365832805633545,7.655416965484619,7.280055046081543,147348000
2018-03-12,7.7291669845581055,7.84041690826416,7.680832862854004,7.769999980926514,7.3890204429626465,132679200
2018-03-13,7.7291669845581055,7.84041690826416,7.41083288192749,7.487916946411133,7.120767116546631,182292000
2018-03-14,7.582499980926514,7.605416774749756,7.366666793823242,7.462500095367432,7.0965962409973145,133622400
2018-03-15,7.485000133514404,7.5754170417785645,7.360000133514404,7.429166793823242,7.0648980140686035,110896800
2018-03-16,7.4716668128967285,7.5283331871032715,7.366666793823242,7.380000114440918,7.018141746520996,78268800
2018-03-19,7.187082767486572,7.187082767486572,6.711249828338623,6.9166669845581055,6.57752799987793,194232000
2018-03-20,6.918333053588867,7.016666889190674,6.84041690826416,6.96750020980835,6.625868320465088,92193600
2018-03-21,6.9166669845581055,7.108333110809326,6.780832767486572,6.866666793823242,6.5299787521362305,132496800
2018-03-22,6.599999904632568,6.733333110809326,6.341667175292969,6.364999771118164,6.052909851074219,205879200
2018-03-23,6.341667175292969,6.3958330154418945,5.850832939147949,5.850832939147949,5.563953876495361,217598400
2018-03-26,6.2083330154418945,6.534999847412109,5.932499885559082,6.509167194366455,6.190008640289307,183504000
2018-03-27,6.662083148956299,6.662083148956299,5.71541690826416,5.885000228881836,5.596446514129639,273614400
2018-03-28,5.782083034515381,5.950832843780518,5.5416669845581055,5.6820831298828125,5.403478145599365,242289600
2018-03-29,5.7683329582214355,6.154167175292969,5.605416774749756,5.99666690826416,5.702636241912842,197073600
2018-04-02,5.855000019073486,5.9375,5.282083034515381,5.46416711807251,5.196247100830078,244953600
2018-04-03,5.6145830154418945,5.716667175292969,5.349583148956299,5.647500038146973,5.3705902099609375,221805600
2018-04-04,5.3179168701171875,5.9658331871032715,5.300000190734863,5.914583206176758,5.624577522277832,216729600
2018-04-05,6.0908331871032715,6.1145830154418945,5.881667137145996,6.007500171661377,5.712939262390137,183355200
2018-04-06,5.8204169273376465,5.992499828338623,5.475832939147949,5.55916690826416,5.2865891456604,232291200
2018-04-09,5.7058329582214355,6.010832786560059,5.647916793823242,5.670416831970215,5.392383575439453,175891200
2018-04-10,5.935417175292969,6.106249809265137,5.818333148956299,6.045000076293945,5.748600959777832,194875200
2018-04-11,5.941667079925537,6.140417098999023,5.925416946411133,5.943333148956299,5.651918888092041,143440800
2018-04-12,6.0625,6.21875,6.041250228881836,6.15166711807251,5.850038528442383,142766400
2018-04-13,6.250417232513428,6.27666711807251,5.985833168029785,6.060417175292969,5.7632622718811035,142485600
2018-04-16,6.18416690826416,6.266250133514404,6.074166774749756,6.194167137145996,5.890453815460205,118298400
2018-04-17,6.380000114440918,6.638332843780518,6.347917079925537,6.59041690826416,6.267274856567383,124147200
2018-04-18,6.599999904632568,6.706250190734863,6.504167079925537,6.636250019073486,6.310859203338623,118089600
2018-04-19,6.540417194366455,6.582499980926514,6.3854169845581055,6.4558329582214355,6.139289379119873,129019200
2018-04-20,6.40625,6.4166669845581055,6.079166889190674,6.146249771118164,5.844885349273682,140812800
2018-04-23,6.2316670417785645,6.304999828338623,6.0,6.097917079925537,5.798922061920166,123333600
2018-04-24,6.178332805633545,6.212082862854004,5.590000152587891,5.709167003631592,5.429233551025391,213019200
2018-04-25,5.736667156219482,5.800000190734863,5.494999885559082,5.7316670417785645,5.450631618499756,210816000
2018-04-26,5.949583053588867,6.1458330154418945,5.892499923706055,6.087082862854004,5.788619041442871,141993600
2018-04-27,6.353332996368408,6.360416889190674,5.99666690826416,6.101250171661377,5.802091598510742,164858400
2018-04-30,6.142083168029785,6.254167079925537,5.922082901000977,5.971250057220459,5.678467273712158,161124000
2018-05-01,5.9191670417785645,6.173333168029785,5.8804168701171875,6.165417194366455,5.8631134033203125,116978400
2018-05-02,6.206250190734863,6.2604169845581055,6.0416669845581055,6.05791711807251,5.760883331298828,143652000
2018-05-03,5.977083206176758,6.124582767486572,5.768750190734863,6.058332920074463,5.761280059814453,196072800
2018-05-04,5.9816670417785645,6.443749904632568,5.9658331871032715,6.399167060852051,6.085402488708496,185932800
2018-05-07,6.494166851043701,6.6220831871032715,6.4741668701171875,6.551249980926514,6.230027675628662,139063200
2018-05-08,6.516250133514404,6.5808329582214355,6.396249771118164,6.529582977294922,6.209423065185547,126715200
2018-05-09,6.574999809265137,6.764583110809326,6.504167079925537,6.748332977294922,6.417446613311768,114996000
2018-05-10,6.8125,6.972499847412109,6.797500133514404,6.9583330154418945,6.617150783538818,119006400
2018-05-11,6.922916889190674,6.984167098999023,6.845832824707031,6.9375,6.597339153289795,119697600
2018-05-14,6.981249809265137,7.103750228881836,6.9375,6.968332767486572,6.626660346984863,109183200
2018-05-15,6.802499771118164,6.814167022705078,6.630833148956299,6.742917060852051,6.41229772567749,174520800
2018-05-16,6.758333206176758,6.9166669845581055,6.756667137145996,6.8670830726623535,6.530374526977539,89712000
2018-05-17,6.797082901000977,6.9454169273376465,6.68874979019165,6.789583206176758,6.456674575805664,103219200
2018-05-18,6.712082862854004,6.779167175292969,6.6533331871032715,6.680832862854004,6.353257179260254,85466400
2018-05-21,6.834167003631592,6.926249980926514,6.7083330154418945,6.797500133514404,6.464203357696533,116892000
2018-05-22,6.884582996368408,6.920833110809326,6.732500076293945,6.762083053588867,6.430522918701172,96943200
2018-05-23,6.612500190734863,6.93625020980835,6.605833053588867,6.9320831298828125,6.592188358306885,123045600
2018-05-24,6.929999828338623,6.963749885559082,6.71750020980835,6.926249980926514,6.58664083480835,71110400
2018-05-25,6.928750038146973,7.019999980926514,6.883749961853027,6.943749904632568,6.6032819747924805,63081600
2018-05-29,6.848750114440918,6.972499847412109,6.728750228881836,6.855000019073486,6.518884658813477,94451200
2018-05-30,6.925000190734863,7.034999847412109,6.881249904632568,7.00124979019165,6.657963752746582,70806400
2018-05-31,6.991250038146973,7.122499942779541,6.929999828338623,6.986249923706055,6.6436991691589355,81056800
2018-06-01,7.081250190734863,7.322500228881836,7.081250190734863,7.31125020980835,6.95276403427124,77171200
2018-06-04,7.362500190734863,7.512499809265137,7.352499961853027,7.49875020980835,7.131071090698242,64049600
2018-06-05,7.558750152587891,7.613749980926514,7.476250171661377,7.576250076293945,7.204769611358643,55900000
2018-06-06,7.599999904632568,7.707499980926514,7.485000133514404,7.701250076293945,7.323640823364258,57628000
2018-06-07,7.711249828338623,7.715000152587891,7.403749942779541,7.522500038146973,7.153655052185059,78452000
2018-06-08,7.403749942779541,7.550000190734863,7.353750228881836,7.517499923706055,7.148900985717773,49320800
2018-06-11,7.49875020980835,7.632500171661377,7.494999885559082,7.576250076293945,7.204769611358643,40836000
2018-06-12,7.607500076293945,7.716249942779541,7.583749771118164,7.696249961853027,7.318885803222656,47848000
2018-06-13,7.724999904632568,7.866250038146973,7.642499923706055,7.6875,7.310564994812012,72247200
2018-06-14,7.797500133514404,7.957499980926514,7.776249885559082,7.921249866485596,7.532854080200195,90452800
2018-06-15,7.829999923706055,7.886250019073486,7.724999904632568,7.84250020980835,7.457964897155762,77689600
2018-06-18,7.6875,7.84375,7.614999771118164,7.824999809265137,7.441323280334473,68726400
2018-06-19,7.523749828338623,7.757500171661377,7.452499866485596,7.755000114440918,7.374755859375,107633600
2018-06-20,7.857500076293945,8.016249656677246,7.841249942779541,7.917500019073486,7.529287815093994,79644800
2018-06-21,7.972499847412109,7.99875020980835,7.666250228881836,7.712500095367432,7.334339141845703,102280800
2018-06-22,7.789999961853027,7.797500133514404,7.576250076293945,7.635000228881836,7.2606401443481445,62227200
2018-06-25,7.452499866485596,7.483749866485596,6.93625020980835,7.147500038146973,6.797041893005371,171306400
2018-06-26,7.216249942779541,7.347499847412109,7.137499809265137,7.226250171661377,6.8719305992126465,94165600
2018-06-27,7.317500114440918,7.414999961853027,6.914999961853027,6.93625020980835,6.596149921417236,131838400
2018-06-28,6.902500152587891,7.176249980926514,6.858749866485596,7.106249809265137,6.757814884185791,111300000
2018-06-29,7.208749771118164,7.320000171661377,7.132500171661377,7.138750076293945,6.788721084594727,78536000
2018-07-02,6.957499980926514,7.307499885559082,6.909999847412109,7.298749923706055,6.940876007080078,83296800
2018-07-03,7.377500057220459,7.385000228881836,7.028749942779541,7.047500133514404,6.7019453048706055,56425600
2018-07-05,7.18625020980835,7.323750019073486,7.073750019073486,7.306250095367432,6.948008060455322,65622400
2018-07-06,7.351250171661377,7.661250114440918,7.315000057220459,7.635000228881836,7.2606401443481445,75012000
2018-07-09,7.760000228881836,7.856249809265137,7.673749923706055,7.847499847412109,7.4627203941345215,72377600
2018-07-10,7.881249904632568,7.918749809265137,7.784999847412109,7.866250038146973,7.4805498123168945,66784000
2018-07-11,7.6875,7.832499980926514,7.661250114440918,7.75124979019165,7.371188163757324,79829600
2018-07-12,7.846250057220459,8.140000343322754,7.829999923706055,8.133749961853027,7.734933853149414,81352000
2018-07-13,8.135000228881836,8.203749656677246,8.073749542236328,8.157500267028809,7.75752067565918,67876000
2018-07-16,8.163749694824219,8.207500457763672,8.0600004196167,8.102499961853027,7.7052178382873535,55560000
2018-07-17,7.849999904632568,8.300000190734863,7.847499847412109,8.2524995803833,7.847861289978027,75593600
2018-07-18,8.25,8.273750305175781,8.125,8.199999809265137,7.797935485839844,46537600
2018-07-19,8.119999885559082,8.194999694824219,8.047499656677246,8.078749656677246,7.682631492614746,76874400
2018-07-20,8.145000457763672,8.228750228881836,8.041250228881836,8.067500114440918,7.671932697296143,57396000
2018-07-23,7.996250152587891,8.1537504196167,7.900000095367432,8.137499809265137,7.738500118255615,63027200
2018-07-24,8.393750190734863,8.481249809265137,8.143750190734863,8.241250038146973,7.837163925170898,95066400
2018-07-25,8.2524995803833,8.601249694824219,8.24625015258789,8.585000038146973,8.16405963897705,77241600
2018-07-26,8.239999771118164,8.317500114440918,8.163749694824219,8.210000038146973,7.807445049285889,111888000
2018-07-27,8.354999542236328,8.362500190734863,7.722499847412109,7.867499828338623,7.481739044189453,118098400
2018-07-30,7.868750095367432,7.87624979019165,7.414999961853027,7.528749942779541,7.159597396850586,100805600
2018-07-31,7.608749866485596,7.786250114440918,7.488749980926514,7.678750038146973,7.302245140075684,95712000
2018-08-01,7.75,7.853750228881836,7.65500020980835,7.783750057220459,7.402094841003418,69301600
2018-08-02,7.612500190734863,8.125,7.605000019073486,8.09375,7.696894645690918,92242400
2018-08-03,8.136249542236328,8.173749923706055,8.037500381469727,8.166250228881836,7.765841007232666,72133600
2018-08-06,8.15625,8.321249961853027,8.123749732971191,8.31624984741211,7.908484935760498,68068000
2018-08-07,8.381250381469727,8.449999809265137,8.331250190734863,8.397500038146973,7.9857497215271,71970400
2018-08-08,8.369999885559082,8.481249809265137,8.300000190734863,8.420000076293945,8.007148742675781,63434400
2018-08-09,8.412500381469727,8.512499809265137,8.3774995803833,8.412500381469727,8.000018119812012,54530400
2018-08-10,8.244999885559082,8.318750381469727,8.1274995803833,8.2162504196167,7.813389778137207,85626400
2018-08-13,8.261249542236328,8.421250343322754,8.181249618530273,8.192500114440918,7.790802478790283,92674400
2018-08-14,8.282500267028809,8.373749732971191,8.1537504196167,8.34375,7.934638500213623,60727200
2018-08-15,8.154999732971191,8.225000381469727,7.885000228881836,8.039999961853027,7.645780086517334,115857600
2018-08-16,8.217499732971191,8.268750190734863,8.06624984741211,8.113750457763672,7.715915679931641,65142400
2018-08-17,8.048749923706055,8.177499771118164,7.901249885559082,8.112500190734863,7.714726448059082,70262400
2018-08-20,8.171250343322754,8.178750038146973,8.0,8.0962495803833,7.699272155761719,67461600
2018-08-21,8.167499542236328,8.327500343322754,8.151249885559082,8.180000305175781,7.7789154052734375,67069600
2018-08-22,8.125,8.302499771118164,8.098750114440918,8.274999618530273,7.869258403778076,63313600
2018-08-23,8.233750343322754,8.407500267028809,8.196249961853027,8.233750343322754,7.830031394958496,71133600
2018-08-24,8.321249961853027,8.483750343322754,8.3125,8.462499618530273,8.047563552856445,63956800
2018-08-27,8.598750114440918,8.71875,8.552499771118164,8.717499732971191,8.290061950683594,72851200
2018-08-28,8.789999961853027,8.821249961853027,8.704999923706055,8.756250381469727,8.326912879943848,65224800
2018-08-29,8.801250457763672,9.074999809265137,8.793749809265137,9.0625,8.618146896362305,65735200
2018-08-30,9.007499694824219,9.170000076293945,8.918749809265137,9.011249542236328,8.569408416748047,87863200
2018-08-31,8.977499961853027,9.118749618530273,8.946249961853027,9.037500381469727,8.594369888305664,63180000
2018-09-04,8.958749771118164,9.00374984741211,8.7787504196167,8.930000305175781,8.492141723632812,80209600
2018-09-05,8.875,8.87874984741211,8.489999771118164,8.574999809265137,8.154547691345215,107729600
2018-09-06,8.59000015258789,8.616250038146973,8.172499656677246,8.3412504196167,7.932260036468506,115504800
2018-09-07,8.170000076293945,8.461250305175781,8.15250015258789,8.258749961853027,7.8538055419921875,77009600
2018-09-10,8.386249542236328,8.40250015258789,8.19124984741211,8.331250190734863,7.922751426696777,55448800
2018-09-11,8.2212495803833,8.5600004196167,8.162500381469727,8.516249656677246,8.098678588867188,70522400
2018-09-12,8.481249809265137,8.498749732971191,8.223750114440918,8.442500114440918,8.028547286987305,88261600
2018-09-13,8.587499618530273,8.7524995803833,8.583749771118164,8.692500114440918,8.266287803649902,74676000
2018-09-14,8.723750114440918,8.767499923706055,8.526249885559082,8.626250267028809,8.20328426361084,76688000
2018-09-17,8.577500343322754,8.603750228881836,8.232500076293945,8.262499809265137,7.857372760772705,72823200
2018-09-18,8.279999732971191,8.581250190734863,8.267499923706055,8.458749771118164,8.044000625610352,72758400
2018-09-19,8.462499618530273,8.522500038146973,8.273750305175781,8.4399995803833,8.026167869567871,58962400
2018-09-20,8.602499961853027,8.7475004196167,8.545000076293945,8.704999923706055,8.278176307678223,62683200
2018-09-21,8.782500267028809,8.822500228881836,8.538749694824219,8.56624984741211,8.146227836608887,60281600
2018-09-24,8.388750076293945,8.648750305175781,8.279999732971191,8.640000343322754,8.216363906860352,52875200
2018-09-25,8.623749732971191,8.69124984741211,8.538749694824219,8.675000190734863,8.24964714050293,43259200
2018-09-26,8.682499885559082,8.93375015258789,8.638750076293945,8.666250228881836,8.241325378417969,70920000
2018-09-27,8.795000076293945,8.9975004196167,8.7787504196167,8.90625,8.469557762145996,58525600
2018-09-28,8.829999923706055,8.96875,8.78499984741211,8.892499923706055,8.4564790725708,61857600
2018-10-01,9.0625,9.146249771118164,8.885000228881836,8.943750381469727,8.505220413208008,68232000
2018-10-02,8.920000076293945,9.095000267028809,8.829999923706055,8.892499923706055,8.4564790725708,64787200
2018-10-03,9.001250267028809,9.0625,8.87874984741211,8.918749809265137,8.481444358825684,66569600
2018-10-04,8.8125,8.822500228881836,8.212499618530273,8.40999984741211,7.997638702392578,150889600
2018-10-05,8.399999618530273,8.478750228881836,7.852499961853027,8.09375,7.696894645690918,132924000
2018-10-08,7.980000019073486,8.15625,7.65500020980835,7.948750019073486,7.5590057373046875,119353600
2018-10-09,7.958749771118164,8.199999809265137,7.898749828338623,8.010000228881836,7.617252349853516,104289600
2018-10-10,7.87375020980835,7.882500171661377,6.929999828338623,6.971250057220459,6.629434108734131,242856000
2018-10-11,6.87624979019165,7.15625,6.478750228881836,6.68874979019165,6.360785484313965,222432000
2018-10-12,7.222499847412109,7.315000057220459,6.849999904632568,7.253749847412109,6.898083209991455,168488000
2018-10-15,7.182499885559082,7.213749885559082,6.90625,6.980000019073486,6.637755870819092,159735200
2018-10-16,7.204999923706055,7.646249771118164,7.168749809265137,7.581250190734863,7.209523677825928,124466400
2018-10-17,7.710000038146973,7.722499847412109,7.368750095367432,7.606249809265137,7.233299255371094,130120800
2018-10-18,7.507500171661377,7.516250133514404,6.976250171661377,7.078750133514404,6.731663227081299,156348800
2018-10-19,7.223750114440918,7.423749923706055,6.973750114440918,7.050000190734863,6.704322814941406,134836800
2018-10-22,7.176249980926514,7.322500228881836,6.996250152587891,7.15625,6.805363178253174,114926400
2018-10-23,6.773749828338623,7.184999942779541,6.528749942779541,7.077499866485596,6.730474472045898,176781600
2018-10-24,7.051249980926514,7.087500095367432,6.085000038146973,6.114999771118164,5.815168380737305,204842400
2018-10-25,6.386250019073486,6.846250057220459,6.303750038146973,6.742499828338623,6.411900043487549,152073600
2018-10-26,6.050000190734863,6.603750228881836,5.934999942779541,6.21875,5.913830280303955,244761600
2018-10-29,6.497499942779541,6.574999809265137,5.480000019073486,5.886250019073486,5.5976338386535645,217961600
2018-10-30,5.78000020980835,6.131249904632568,5.696249961853027,6.113749980926514,5.8139801025390625,184865600
2018-10-31,6.40625,6.707499980926514,6.40625,6.526249885559082,6.2062530517578125,180157600
2018-11-01,6.583749771118164,6.827499866485596,6.429999828338623,6.81125020980835,6.477278709411621,126066400
2018-11-02,6.743750095367432,6.866250038146973,6.349999904632568,6.506249904632568,6.1872334480285645,174357600
2018-11-05,6.510000228881836,6.517499923706055,6.21999979019165,6.442500114440918,6.1266093254089355,102600800
2018-11-06,6.426249980926514,6.691249847412109,6.408750057220459,6.578750133514404,6.256179332733154,111461600
2018-11-07,6.81374979019165,7.195000171661377,6.771249771118164,7.183750152587891,6.831514835357666,138552000
2018-11-08,7.098750114440918,7.164999961853027,6.957499980926514,7.06125020980835,6.715022563934326,117524800
2018-11-09,6.864999771118164,6.909999847412109,6.536250114440918,6.702499866485596,6.373861789703369,136739200
2018-11-12,6.5625,6.598750114440918,6.073750019073486,6.113749980926514,5.8139801025390625,154367200
2018-11-13,6.183750152587891,6.4375,6.054999828338623,6.111249923706055,5.8116021156311035,154454400
2018-11-14,6.284999847412109,6.352499961853027,5.860000133514404,5.956250190734863,5.664201736450195,156124000
2018-11-15,5.923749923706055,6.326250076293945,5.776249885559082,6.275000095367432,5.967323303222656,169816800
2018-11-16,6.09499979019165,6.300000190734863,6.014999866485596,6.206250190734863,5.901944637298584,134324800
2018-11-19,6.114999771118164,6.143750190734863,5.550000190734863,5.611249923706055,5.336118698120117,186492000
2018-11-20,5.215000152587891,5.53000020980835,5.087500095367432,5.300000190734863,5.040130138397217,202991200
2018-11-21,5.503749847412109,5.577499866485596,5.389999866485596,5.418749809265137,5.153057098388672,115115200
2018-11-23,5.284999847412109,5.465000152587891,5.28125,5.298749923706055,5.0389404296875,56880000
2018-11-26,5.522500038146973,5.672500133514404,5.452499866485596,5.662499904632568,5.384855270385742,119964800
2018-11-27,5.577499866485596,5.764999866485596,5.486249923706055,5.721250057220459,5.4407243728637695,120163200
2018-11-28,5.849999904632568,6.269999980926514,5.75,6.263750076293945,5.956623554229736,195064800
2018-11-29,6.190000057220459,6.333749771118164,6.059999942779541,6.206250190734863,5.901944637298584,129044800
2018-11-30,6.230000019073486,6.355000019073486,6.141250133514404,6.336249828338623,6.025570392608643,116635200
2018-12-03,6.760000228881836,6.787499904632568,6.53125,6.661250114440918,6.334634304046631,149343200
2018-12-04,6.568749904632568,6.62375020980835,5.883749961853027,5.928750038146973,5.638049602508545,210096000
2018-12-06,5.551249980926514,6.027500152587891,5.478750228881836,6.014999866485596,5.720071315765381,196156000
2018-12-07,5.949999809265137,6.052499771118164,5.375,5.426249980926514,5.160189151763916,222987200
2018-12-10,5.394999980926514,5.670000076293945,5.227499961853027,5.596250057220459,5.3218536376953125,176468800
2018-12-11,5.866250038146973,5.875,5.511250019073486,5.65625,5.378911018371582,172163200
2018-12-12,5.902500152587891,6.066249847412109,5.796249866485596,5.798749923706055,5.5144243240356445,169451200
2018-12-13,5.912499904632568,5.986249923706055,5.690000057220459,5.800000190734863,5.515613555908203,164724800
2018-12-14,5.611249923706055,5.666250228881836,5.338749885559082,5.362500190734863,5.0995635986328125,156177600
2018-12-17,5.308750152587891,5.43625020980835,4.886250019073486,5.016250133514404,4.770293712615967,200592800
2018-12-18,5.135000228881836,5.25124979019165,4.971250057220459,5.099999904632568,4.849936485290527,157893600
2018-12-19,5.088749885559082,5.323750019073486,4.610000133514404,4.731249809265137,4.499265193939209,307862400
2018-12-20,4.683750152587891,4.847499847412109,4.341249942779541,4.541250228881836,4.318583011627197,320818400
2018-12-21,4.581250190734863,4.676249980926514,4.026249885559082,4.102499961853027,3.901345729827881,369034400
2018-12-24,4.0,4.161250114440918,3.7899999618530273,3.7987499237060547,3.6124885082244873,175600800
2018-12-26,3.9124999046325684,4.492499828338623,3.8299999237060547,4.482500076293945,4.268472671508789,378235200
2018-12-27,4.324999809265137,4.550000190734863,4.014999866485596,4.546249866485596,4.329178810119629,341834400
2018-12-28,4.625,4.763750076293945,4.421249866485596,4.527500152587891,4.311323165893555,304842400
2018-12-31,4.670000076293945,4.710000038146973,4.506249904632568,4.630000114440918,4.408929347991943,216966400
2019-01-02,4.347499847412109,4.778749942779541,4.341249942779541,4.696249961853027,4.472015380859375,271665600
2019-01-03,4.497499942779541,4.551249980926514,4.203750133514404,4.241250038146973,4.0387420654296875,330510400
2019-01-04,4.443749904632568,4.84499979019165,4.396249771118164,4.783750057220459,4.555338382720947,272964000
2019-01-07,4.808750152587891,5.018750190734863,4.766250133514404,4.93625020980835,4.70055627822876,213106400
2019-01-08,5.086249828338623,5.138750076293945,4.862500190734863,5.078750133514404,4.836252689361572,211622400
2019-01-09,5.139999866485596,5.271249771118164,5.074999809265137,5.198750019073486,4.9505228996276855,178098400
2019-01-10,5.079999923706055,5.253749847412109,4.994999885559082,5.24875020980835,4.998135566711426,175131200
2019-01-11,5.15500020980835,5.203750133514404,5.101250171661377,5.18625020980835,4.938619136810303,120804800
2019-01-14,5.053750038146973,5.117499828338623,4.982500076293945,5.051249980926514,4.810066223144531,111383200
2019-01-15,5.117499828338623,5.364999771118164,5.107500076293945,5.331250190734863,5.07669734954834,145125600
2019-01-16,5.371250152587891,5.482500076293945,5.335000038146973,5.338749885559082,5.083837509155273,135892800
2019-01-17,5.287499904632568,5.533750057220459,5.257500171661377,5.463749885559082,5.202869415283203,142040000
2019-01-18,5.590000152587891,5.701250076293945,5.481249809265137,5.613749980926514,5.345707416534424,166908800
2019-01-22,5.50124979019165,5.510000228881836,5.164999961853027,5.303750038146973,5.050509452819824,181734400
2019-01-23,5.368750095367432,5.4375,5.127500057220459,5.308750152587891,5.055270195007324,166093600
2019-01-24,5.352499961853027,5.427499771118164,5.292500019073486,5.402500152587891,5.144543647766113,128115200
2019-01-25,5.53249979019165,5.646249771118164,5.477499961853027,5.59499979019165,5.327852725982666,139513600
2019-01-28,5.37624979019165,5.388750076293945,5.25124979019165,5.388750076293945,5.1314520835876465,140359200
2019-01-29,5.398749828338623,5.401249885559082,5.178750038146973,5.236249923706055,4.986232280731201,122530400
2019-01-30,5.412499904632568,5.690000057220459,5.361249923706055,5.628749847412109,5.359991073608398,175824000
2019-01-31,5.727499961853027,5.965000152587891,5.710000038146973,5.87624979019165,5.595674514770508,160575200
2019-02-01,5.792500019073486,5.927499771118164,5.757500171661377,5.801249980926514,5.524255275726318,141561600
2019-02-04,5.808750152587891,6.019999980926514,5.792500019073486,6.013750076293945,5.726608753204346,110976800
2019-02-05,6.046249866485596,6.199999809265137,6.037499904632568,6.172500133514404,5.87777853012085,128916800
2019-02-06,6.184999942779541,6.216249942779541,6.039999961853027,6.12375020980835,5.831356525421143,145420000
2019-02-07,5.958749771118164,6.003749847412109,5.736249923706055,5.87375020980835,5.593294143676758,209793600
2019-02-08,5.713749885559082,5.90625,5.699999809265137,5.903749942779541,5.621861457824707,144722400
2019-02-11,5.971250057220459,6.013750076293945,5.84499979019165,5.889999866485596,5.608767509460449,121196800
2019-02-12,6.016250133514404,6.173749923706055,5.986249923706055,6.144999980926514,5.851592063903809,128226400
2019-02-13,6.232500076293945,6.284999847412109,6.139999866485596,6.15749979019165,5.863493919372559,127609600
2019-02-14,6.087500095367432,6.243750095367432,6.027500152587891,6.179999828338623,5.884920597076416,153369600
2019-02-15,6.31374979019165,6.315000057220459,6.170000076293945,6.253749847412109,5.955148696899414,142496000
2019-02-19,6.195000171661377,6.348750114440918,6.195000171661377,6.291250228881836,5.990859508514404,103572800
2019-02-20,6.306250095367432,6.378749847412109,6.18625020980835,6.286250114440918,5.9860968589782715,171065600
2019-02-21,6.233749866485596,6.286250114440918,6.116250038146973,6.215000152587891,5.918249607086182,128493600
2019-02-22,6.257500171661377,6.364999771118164,6.246250152587891,6.349999904632568,6.046803951263428,119637600
2019-02-25,6.50124979019165,6.547500133514404,6.40749979019165,6.420000076293945,6.113461494445801,124102400
2019-02-26,6.369999885559082,6.5,6.340000152587891,6.440000057220459,6.132506370544434,105356800
2019-02-27,6.353750228881836,6.447500228881836,6.223750114440918,6.420000076293945,6.113461494445801,115844000
2019-02-28,6.363749980926514,6.447500228881836,6.324999809265137,6.380000114440918,6.075371265411377,92063200
2019-03-01,6.514999866485596,6.536250114440918,6.377500057220459,6.507500171661377,6.1967854499816895,140156800
2019-03-04,6.621250152587891,6.666250228881836,6.293749809265137,6.508749961853027,6.197973728179932,213088000
2019-03-05,6.522500038146973,6.585000038146973,6.427499771118164,6.525000095367432,6.213447093963623,100348800
2019-03-06,6.541250228881836,6.547500133514404,6.382500171661377,6.412499904632568,6.106319427490234,123468800
2019-03-07,6.360000133514404,6.367499828338623,6.103750228881836,6.178750038146973,5.883730411529541,169306400
2019-03-08,5.96750020980835,6.152500152587891,5.945000171661377,6.143750190734863,5.850400924682617,174936800
2019-03-11,6.216249942779541,6.538750171661377,6.216249942779541,6.527500152587891,6.2158284187316895,128468000
2019-03-12,6.578750133514404,6.683750152587891,6.53125,6.633749961853027,6.317005157470703,151606400
2019-03-13,6.733749866485596,6.886250019073486,6.707499980926514,6.777500152587891,6.453892230987549,145129600
2019-03-14,6.789999961853027,6.815000057220459,6.737500190734863,6.747499942779541,6.425323486328125,95443200
2019-03-15,6.826250076293945,6.992499828338623,6.807499885559082,6.914999961853027,6.584826946258545,138845600
2019-03-18,6.921249866485596,7.042500019073486,6.880000114440918,6.977499961853027,6.644341945648193,148994400
2019-03-19,7.067500114440918,7.159999847412109,6.961249828338623,7.047500133514404,6.710999488830566,164380800
2019-03-20,7.043749809265137,7.256249904632568,6.948750019073486,7.12624979019165,6.788397789001465,183522400
2019-03-21,7.059999942779541,7.487500190734863,7.056250095367432,7.456250190734863,7.102752685546875,151957600
2019-03-22,7.358749866485596,7.418749809265137,6.942500114440918,6.96875,6.638364315032959,267601600
2019-03-25,6.882500171661377,6.996250152587891,6.772500038146973,6.925000190734863,6.596688270568848,210369600
2019-03-26,7.086249828338623,7.210000038146973,6.913750171661377,7.019999980926514,6.687184810638428,175872000
2019-03-27,7.048749923706055,7.097499847412109,6.731249809265137,6.882500171661377,6.556203842163086,176810400
2019-03-28,6.933750152587891,7.003749847412109,6.803750038146973,6.926249980926514,6.597879886627197,128437600
2019-03-29,7.078750133514404,7.102499961853027,6.960000038146973,7.082499980926514,6.746722221374512,126980000
2019-04-01,7.287499904632568,7.387499809265137,7.212500095367432,7.361249923706055,7.012257099151611,122364800
2019-04-02,7.386250019073486,7.465000152587891,7.328750133514404,7.442500114440918,7.089654445648193,106728800
2019-04-03,7.567500114440918,7.711249828338623,7.50124979019165,7.571249961853027,7.212300777435303,151384000
2019-04-04,7.572500228881836,7.659999847412109,7.428750038146973,7.559999942779541,7.2015838623046875,143620800
2019-04-05,7.632500171661377,7.6875,7.597499847412109,7.673749923706055,7.309940338134766,104654400
2019-04-08,7.635000228881836,7.74875020980835,7.545000076293945,7.733749866485596,7.367096900939941,103460000
2019-04-09,7.65500020980835,7.728750228881836,7.599999904632568,7.648749828338623,7.286125183105469,104121600
2019-04-10,7.682499885559082,7.777500152587891,7.653749942779541,7.772500038146973,7.404008865356445,99244000
2019-04-11,7.801249980926514,7.803750038146973,7.670000076293945,7.713749885559082,7.348044395446777,111770400
2019-04-12,7.8125,7.824999809265137,7.716249942779541,7.808750152587891,7.438540935516357,95228000
2019-04-15,7.808750152587891,7.840000152587891,7.65749979019165,7.815000057220459,7.444493770599365,83369600
2019-04-16,7.893750190734863,7.943749904632568,7.823750019073486,7.891250133514404,7.517129421234131,94287200
2019-04-17,8.045000076293945,8.069999694824219,7.901249885559082,7.96999979019165,7.592145919799805,114422400
2019-04-18,8.010000228881836,8.013750076293945,7.858749866485596,7.994999885559082,7.615960597991943,91903200
2019-04-22,7.893750190734863,8.073749542236328,7.875,8.0625,7.680261135101318,75756800
2019-04-23,8.126250267028809,8.399999618530273,8.0912504196167,8.368749618530273,7.971991539001465,104954400
2019-04-24,8.387499809265137,8.422499656677246,8.2837495803833,8.287500381469727,7.894595146179199,95075200
2019-04-25,8.4712495803833,8.481249809265137,8.25374984741211,8.380000114440918,7.982706546783447,119690400
2019-04-26,8.351249694824219,8.412500381469727,8.137499809265137,8.40999984741211,8.011286735534668,110516800
2019-04-29,8.407500267028809,8.49625015258789,8.367500305175781,8.454999923706055,8.05415153503418,83797600
2019-04-30,8.25,8.301250457763672,8.083749771118164,8.261249542236328,7.869585037231445,127595200
2019-05-01,8.414999961853027,8.488750457763672,8.157500267028809,8.166250228881836,7.779090881347656,125916000
2019-05-02,8.168749809265137,8.291250228881836,7.90625,8.06624984741211,7.683832168579102,141288800
2019-05-03,8.267499923706055,8.46875,8.223750114440918,8.446249961853027,8.045817375183105,108889600
2019-05-06,7.913750171661377,8.327500343322754,7.869999885559082,8.295000076293945,7.901736736297607,161715200
2019-05-07,8.026249885559082,8.1274995803833,7.579999923706055,7.8125,7.442112445831299,237529600
2019-05-08,7.733749866485596,7.923749923706055,7.648749828338623,7.743750095367432,7.376621723175049,161237600
2019-05-09,7.494999885559082,7.698750019073486,7.283750057220459,7.621250152587891,7.259929656982422,220417600
2019-05-10,7.53000020980835,7.753749847412109,7.15500020980835,7.642499923706055,7.280172824859619,227858400
2019-05-13,7.059999942779541,7.178750038146973,6.783750057220459,6.852499961853027,6.52762508392334,234920800
2019-05-14,6.952499866485596,7.197500228881836,6.878749847412109,7.067500114440918,6.732432842254639,140192000
2019-05-15,6.932499885559082,7.423749923706055,6.923749923706055,7.361249923706055,7.012257099151611,176160000
2019-05-16,7.375,7.727499961853027,7.351250171661377,7.591249942779541,7.231351852416992,174026400
2019-05-17,7.361249923706055,7.667500019073486,7.333749771118164,7.355000019073486,7.006302356719971,182510400
2019-05-20,7.047500133514404,7.128749847412109,6.90625,6.986249923706055,6.655034065246582,184368800
2019-05-21,7.158750057220459,7.255000114440918,7.091249942779541,7.196249961853027,6.855079174041748,114487200
2019-05-22,7.072500228881836,7.222499847412109,7.070000171661377,7.102499961853027,6.765772819519043,128912800
2019-05-23,6.857500076293945,6.860000133514404,6.638750076293945,6.767499923706055,6.446655750274658,207680800
2019-05-24,6.883749961853027,6.949999809265137,6.735000133514404,6.757500171661377,6.437130451202393,137225600
2019-05-28,6.817500114440918,6.926249980926514,6.678750038146973,6.684999942779541,6.36806583404541,116903200
2019-05-29,6.56125020980835,6.625,6.40749979019165,6.517499923706055,6.208508491516113,177921600
2019-05-30,6.566249847412109,6.647500038146973,6.480000019073486,6.59499979019165,6.2823333740234375,136428000
2019-05-31,6.358749866485596,6.426249980926514,6.267499923706055,6.277500152587891,5.979887008666992,140600800
2019-06-03,6.227499961853027,6.275000095367432,5.766250133514404,5.87624979019165,5.597660064697266,241812800
2019-06-04,6.050000190734863,6.360000133514404,5.988749980926514,6.352499961853027,6.051329612731934,163869600
2019-06-05,6.536250114440918,6.539999961853027,6.296249866485596,6.492499828338623,6.184692859649658,152316800
2019-06-06,6.525000095367432,6.693749904632568,6.43874979019165,6.642499923706055,6.327581405639648,100302400
2019-06-07,6.75,7.114999771118164,6.727499961853027,7.021249771118164,6.688375949859619,151548000
2019-06-10,7.170000076293945,7.477499961853027,7.170000076293945,7.277500152587891,6.932476043701172,183272000
2019-06-11,7.507500171661377,7.546249866485596,7.231249809265137,7.304999828338623,6.958673000335693,137447200
2019-06-12,7.241250038146973,7.287499904632568,7.137499809265137,7.181250095367432,6.840790271759033,110176000
2019-06-13,7.266250133514404,7.353750228881836,7.222499847412109,7.298749923706055,6.952718734741211,98559200
2019-06-14,7.183750152587891,7.262499809265137,7.12375020980835,7.203750133514404,6.8622236251831055,77144800
2019-06-17,7.24875020980835,7.396249771118164,7.230000019073486,7.335000038146973,6.987250804901123,75050400
2019-06-18,7.59375,7.81125020980835,7.538750171661377,7.652500152587891,7.289698123931885,141829600
2019-06-19,7.691249847412109,7.795000076293945,7.550000190734863,7.742499828338623,7.375430107116699,136979200
2019-06-20,8.061249732971191,8.06624984741211,7.778749942779541,7.954999923706055,7.577856540679932,119355200
2019-06-21,7.913750171661377,8.067500114440918,7.868750095367432,7.918749809265137,7.543325424194336,104646400
2019-06-24,7.961249828338623,7.986249923706055,7.901249885559082,7.916250228881836,7.5409440994262695,68938400
2019-06-25,7.897500038146973,7.909999847412109,7.472499847412109,7.511250019073486,7.155144691467285,139623200
2019-06-26,7.652500152587891,7.797500133514404,7.574999809265137,7.606249809265137,7.245641231536865,94115200
2019-06-27,7.68874979019165,7.74875020980835,7.631249904632568,7.68874979019165,7.3242292404174805,75270400
2019-06-28,7.747499942779541,7.773749828338623,7.638750076293945,7.721250057220459,7.355189323425293,98932800
2019-07-01,8.162500381469727,8.193750381469727,7.923749923706055,8.0287504196167,7.648111343383789,144820800
2019-07-02,8.020000457763672,8.126250267028809,7.954999923706055,8.126250267028809,7.740988254547119,81248800
2019-07-03,8.177499771118164,8.306249618530273,8.157500267028809,8.306249618530273,7.912454605102539,67127200
2019-07-05,8.136249542236328,8.298749923706055,8.038749694824219,8.2524995803833,7.861253261566162,116844800
2019-07-08,8.098750114440918,8.100000381469727,7.977499961853027,8.078749656677246,7.69573974609375,105787200
2019-07-09,7.958749771118164,8.227499961853027,7.941249847412109,8.199999809265137,7.811241149902344,88595200
2019-07-10,8.350000381469727,8.511249542236328,8.300000190734863,8.442500114440918,8.042243957519531,154109600
2019-07-11,8.483750343322754,8.537500381469727,8.338749885559082,8.420000076293945,8.020811080932617,127849600
2019-07-12,8.443750381469727,8.563750267028809,8.422499656677246,8.561249732971191,8.155364036560059,89192800
2019-07-15,8.619999885559082,8.648750305175781,8.551250457763672,8.633749961853027,8.224427223205566,73394400
2019-07-16,8.606249809265137,8.635000228881836,8.430000305175781,8.511249542236328,8.107734680175781,111992000
2019-07-17,8.515000343322754,8.553750038146973,8.380000114440918,8.385000228881836,7.987471580505371,92508000
2019-07-18,8.261249542236328,8.457500457763672,8.178750038146973,8.421250343322754,8.022002220153809,135568000
2019-07-19,8.587499618530273,8.587499618530273,8.196249961853027,8.217499732971191,7.827911853790283,140779200
2019-07-22,8.279999732971191,8.4662504196167,8.27750015258789,8.411250114440918,8.012475967407227,95506400
2019-07-23,8.551250457763672,8.577500343322754,8.380000114440918,8.573749542236328,8.16727352142334,116049600
2019-07-24,8.479999542236328,8.756250381469727,8.475000381469727,8.756250381469727,8.341121673583984,109244800
2019-07-25,8.667499542236328,8.668749809265137,8.454999923706055,8.506250381469727,8.102973937988281,150075200
2019-07-26,8.662500381469727,8.798749923706055,8.65250015258789,8.758749961853027,8.34350299835205,111478400
2019-07-29,8.744999885559082,8.744999885559082,8.508749961853027,8.677499771118164,8.26610279083252,113275200
2019-07-30,8.477499961853027,8.65999984741211,8.457500457763672,8.561249732971191,8.155364036560059,111504000
2019-07-31,8.62874984741211,8.643750190734863,7.962500095367432,8.199999809265137,7.811241149902344,196340800
2019-08-01,8.244999885559082,8.699999809265137,7.954999923706055,8.085000038146973,7.701692581176758,298384800
2019-08-02,7.900000095367432,7.928750038146973,7.574999809265137,7.715000152587891,7.349234104156494,246920000
2019-08-05,7.242499828338623,7.242499828338623,6.710000038146973,6.90500020980835,6.57763671875,302484800
2019-08-06,7.090000152587891,7.247499942779541,6.9375,7.18874979019165,6.847934722900391,213540800
2019-08-07,6.951250076293945,7.328750133514404,6.787499904632568,7.293749809265137,6.9479570388793945,307908800
2019-08-08,7.40500020980835,7.778749942779541,7.336249828338623,7.776249885559082,7.407581329345703,219056000
2019-08-09,7.65749979019165,7.739999771118164,7.371250152587891,7.546249866485596,7.188485622406006,221366400
2019-08-12,7.409999847412109,7.478750228881836,7.190000057220459,7.293749809265137,6.9479570388793945,213311200
2019-08-13,7.28000020980835,7.923749923706055,7.25,7.772500038146973,7.404008865356445,239259200
2019-08-14,7.393750190734863,7.46750020980835,7.03249979019165,7.076250076293945,6.7407684326171875,304930400
2019-08-15,7.112500190734863,7.164999961853027,6.883749961853027,7.046249866485596,6.712189674377441,208939200
2019-08-16,7.222499847412109,7.43625020980835,7.222499847412109,7.371250152587891,7.021781921386719,164405600
2019-08-19,7.683750152587891,7.78000020980835,7.621250152587891,7.716249942779541,7.350426197052002,120044000
2019-08-20,7.676249980926514,7.756249904632568,7.551249980926514,7.557499885559082,7.199201583862305,125264000
2019-08-21,7.753749847412109,7.823750019073486,7.671249866485596,7.75,7.382575988769531,101481600
2019-08-22,7.795000076293945,7.848750114440918,7.491250038146973,7.675000190734863,7.311131954193115,152629600
2019-08-23,7.516250133514404,7.724999904632568,6.885000228881836,6.972499847412109,6.641937255859375,302350400
2019-08-26,7.18625020980835,7.257500171661377,7.057499885559082,7.255000114440918,6.911044120788574,146585600
2019-08-27,7.40625,7.445000171661377,7.125,7.211249828338623,6.8693671226501465,154579200
2019-08-28,7.138750076293945,7.321249961853027,7.03125,7.283750057220459,6.938430309295654,127824800
2019-08-29,7.552499771118164,7.678750038146973,7.46750020980835,7.614999771118164,7.2539753913879395,141523200
2019-08-30,7.739999771118164,7.741250038146973,7.432499885559082,7.56125020980835,7.2027740478515625,136103200
2019-09-03,7.411250114440918,7.522500038146973,7.263750076293945,7.341249942779541,6.993204593658447,128785600
2019-09-04,7.547500133514404,7.671249866485596,7.489999771118164,7.650000095367432,7.28731632232666,100464800
2019-09-05,7.902500152587891,8.138750076293945,7.889999866485596,8.072500228881836,7.689785480499268,126744000
2019-09-06,8.106249809265137,8.119999885559082,7.994999885559082,8.050000190734863,7.66835355758667,115038400
2019-09-09,8.12125015258789,8.133749961853027,7.871250152587891,7.99875020980835,7.619532585144043,112312800
2019-09-10,7.867499828338623,7.934999942779541,7.710000038146973,7.932499885559082,7.556423664093018,136765600
2019-09-11,7.96875,8.161250114440918,7.916250228881836,8.146249771118164,7.760039329528809,111400800
2019-09-12,8.297499656677246,8.4350004196167,8.211250305175781,8.2475004196167,7.8564887046813965,139931200
2019-09-13,8.212499618530273,8.267499923706055,8.125,8.15999984741211,7.773137092590332,107610400
2019-09-16,7.99875020980835,8.09749984741211,7.974999904632568,8.047499656677246,7.665970325469971,97124000
2019-09-17,8.045000076293945,8.161250114440918,7.997499942779541,8.1537504196167,7.767184257507324,90796000
2019-09-18,8.107500076293945,8.1587495803833,7.84375,8.148750305175781,7.76242208480835,142063200
2019-09-19,8.19124984741211,8.336250305175781,8.137499809265137,8.1850004196167,7.796952247619629,132770400
2019-09-20,8.220000267028809,8.243749618530273,7.84250020980835,7.927499771118164,7.551661014556885,123512800
2019-09-23,7.909999847412109,8.005000114440918,7.837500095367432,7.934999942779541,7.558804035186768,89409600
2019-09-24,8.043749809265137,8.092499732971191,7.517499923706055,7.621250152587891,7.259929656982422,203765600
2019-09-25,7.59499979019165,7.929999828338623,7.403749942779541,7.864999771118164,7.492123603820801,152304000
2019-09-26,7.841249942779541,7.857500076293945,7.607500076293945,7.786250114440918,7.417107105255127,136214400
2019-09-27,7.818749904632568,7.831250190734863,7.332499980926514,7.503749847412109,7.1479997634887695,188492000
2019-09-30,7.574999809265137,7.739999771118164,7.534999847412109,7.703750133514404,7.3385186195373535,117103200
2019-10-01,7.789999961853027,7.918749809265137,7.477499961853027,7.517499923706055,7.161099433898926,158454400
2019-10-02,7.366250038146973,7.366250038146973,7.002500057220459,7.132500171661377,6.794352054595947,270824000
2019-10-03,7.127500057220459,7.371250152587891,6.863749980926514,7.367499828338623,7.018210411071777,240521600
2019-10-04,7.463749885559082,7.710000038146973,7.448750019073486,7.677499771118164,7.313512802124023,168977600
2019-10-07,7.607500076293945,7.791250228881836,7.567500114440918,7.606249809265137,7.245641231536865,162530400
2019-10-08,7.454999923706055,7.559999942779541,7.25,7.260000228881836,6.915806770324707,235405600
2019-10-09,7.449999809265137,7.576250076293945,7.382500171661377,7.480000019073486,7.125376224517822,152269600
2019-10-10,7.481249809265137,7.733749866485596,7.460000038146973,7.643750190734863,7.281362533569336,176239200
2019-10-11,7.902500152587891,8.125,7.892499923706055,7.929999828338623,7.554041862487793,222509600
2019-10-14,7.90625,8.013750076293945,7.882500171661377,7.93874979019165,7.562376499176025,91493600
2019-10-15,8.010000228881836,8.293749809265137,7.996250152587891,8.239999771118164,7.8493452072143555,140721600
2019-10-16,8.15250015258789,8.238750457763672,8.098750114440918,8.178750038146973,7.790999412536621,117193600
2019-10-17,8.319999694824219,8.357500076293945,8.142499923706055,8.234999656677246,7.8445820808410645,121839200
2019-10-18,8.202500343322754,8.25374984741211,7.87375020980835,7.99875020980835,7.619532585144043,154444000
2019-10-21,8.12874984741211,8.227499961853027,8.053750038146973,8.210000038146973,7.820767402648926,94176000
2019-10-22,8.295000076293945,8.3412504196167,8.010000228881836,8.020000457763672,7.639776706695557,125023200
2019-10-23,7.963749885559082,8.063750267028809,7.925000190734863,8.057499885559082,7.675497055053711,96905600
2019-10-24,8.233750343322754,8.305000305175781,8.12125015258789,8.288749694824219,7.895782470703125,122484800
2019-10-25,8.161250114440918,8.498749732971191,8.15625,8.477499961853027,8.075583457946777,129177600
2019-10-28,8.607500076293945,8.771249771118164,8.607500076293945,8.736249923706055,8.322066307067871,111596000
2019-10-29,8.693750381469727,8.731249809265137,8.5287504196167,8.53499984741211,8.130359649658203,107028000
2019-10-30,8.579999923706055,8.697500228881836,8.43375015258789,8.654999732971191,8.244669914245605,118984800
2019-10-31,8.7212495803833,8.739999771118164,8.513750076293945,8.661250114440918,8.250625610351562,123296000
2019-11-01,8.776249885559082,8.898750305175781,8.736249923706055,8.896249771118164,8.474483489990234,115052800
2019-11-04,9.076250076293945,9.12125015258789,9.015000343322754,9.055000305175781,8.625707626342773,99926400
2019-11-05,9.0962495803833,9.1225004196167,8.986249923706055,9.06624984741211,8.636423110961914,103229600
2019-11-06,9.043749809265137,9.047499656677246,8.881250381469727,9.008749961853027,8.581649780273438,115329600
2019-11-07,9.151249885559082,9.274999618530273,9.021249771118164,9.100000381469727,8.668573379516602,125719200
2019-11-08,9.046250343322754,9.211250305175781,8.978750228881836,9.207500457763672,8.770977973937988,81607200
2019-11-11,9.071249961853027,9.182499885559082,9.03125,9.168749809265137,8.734063148498535,76092800
2019-11-12,9.1899995803833,9.34000015258789,9.149999618530273,9.243749618530273,8.805506706237793,128692000
2019-11-13,9.1537504196167,9.2787504196167,9.132499694824219,9.229999542236328,8.792410850524902,111758400
2019-11-14,9.148750305175781,9.24625015258789,9.063750267028809,9.227499961853027,8.79002857208252,106651200
2019-11-15,9.388750076293945,9.417499542236328,9.307499885559082,9.401249885559082,8.955537796020508,90586400
2019-11-18,9.388750076293945,9.4975004196167,9.272500038146973,9.449999809265137,9.00197982788086,96696000
2019-11-19,9.55875015258789,9.55875015258789,9.386249542236328,9.488750457763672,9.038890838623047,112120000
2019-11-20,9.418749809265137,9.50374984741211,9.102499961853027,9.322500228881836,8.880522727966309,150380000
2019-11-21,9.289999961853027,9.306249618530273,9.168749809265137,9.25,8.811460494995117,90659200
2019-11-22,9.319999694824219,9.338749885559082,9.12125015258789,9.274999618530273,8.835274696350098,83668000
2019-11-25,9.390000343322754,9.602499961853027,9.387499809265137,9.5962495803833,9.141295433044434,80078400
2019-11-26,9.613750457763672,9.688750267028809,9.574999809265137,9.6537504196167,9.19606876373291,83690400
2019-11-27,9.72249984741211,9.852499961853027,9.6899995803833,9.848750114440918,9.381823539733887,81556800
2019-11-29,9.776249885559082,9.821249961853027,9.699999809265137,9.717499732971191,9.256795883178711,53796000
2019-12-02,9.717499732971191,9.723750114440918,9.25374984741211,9.404999732971191,8.959114074707031,151815200
2019-12-03,9.037500381469727,9.203749656677246,8.888750076293945,9.193750381469727,8.757877349853516,156052000
2019-12-04,9.336250305175781,9.396249771118164,9.292499542236328,9.329999923706055,8.887667655944824,87659200
2019-12-05,9.427499771118164,9.428750038146973,9.24625015258789,9.37874984741211,8.93410587310791,89080800
2019-12-06,9.585000038146973,9.702500343322754,9.567500114440918,9.668749809265137,9.210359573364258,92941600
2019-12-09,9.636249542236328,9.766249656677246,9.539999961853027,9.550000190734863,9.097240447998047,77928800
2019-12-10,9.556249618530273,9.65999984741211,9.460000038146973,9.5287504196167,9.076996803283691,112048000
2019-12-11,9.585000038146973,9.703749656677246,9.545000076293945,9.672499656677246,9.213932037353516,90596000
2019-12-12,9.641249656677246,10.0,9.602499961853027,9.893750190734863,9.424692153930664,183164000
2019-12-13,9.869999885559082,10.09000015258789,9.807499885559082,9.982500076293945,9.509232521057129,160996000
2019-12-16,10.177499771118164,10.321249961853027,10.170000076293945,10.268750190734863,9.781913757324219,99388000
2019-12-17,10.321249961853027,10.348750114440918,10.25,10.282500267028809,9.795010566711426,84548800
2019-12-18,10.331250190734863,10.40999984741211,10.292499542236328,10.306249618530273,9.817633628845215,71408000
2019-12-19,10.332500457763672,10.522500038146973,10.332500457763672,10.516249656677246,10.017678260803223,83384800
2019-12-20,10.6537504196167,10.6899995803833,10.574999809265137,10.641249656677246,10.13675308227539,99548000
2019-12-23,10.7524995803833,10.772500038146973,10.696249961853027,10.720000267028809,10.211770057678223,72427200
2019-12-24,10.743749618530273,10.758749961853027,10.65625,10.729999542236328,10.224991798400879,39898400
2019-12-26,10.7787504196167,11.013750076293945,10.7787504196167,11.008749961853027,10.490619659423828,64258400
2019-12-27,11.126250267028809,11.132499694824219,10.893750190734863,10.976249694824219,10.459649085998535,99750400
2019-12-30,10.9662504196167,10.982500076293945,10.600000381469727,10.757499694824219,10.25119686126709,112905600
2019-12-31,10.662500381469727,10.845000267028809,10.607500076293945,10.818750381469727,10.309564590454102,84380000
2020-01-02,11.088749885559082,11.354999542236328,11.02750015258789,11.354999542236328,10.820575714111328,131072000
2020-01-03,10.911250114440918,11.25,10.904999732971191,11.046250343322754,10.526358604431152,145180000
2020-01-06,10.7837495803833,11.260000228881836,10.743749618530273,11.256250381469727,10.72647476196289,128095200
2020-01-07,11.267499923706055,11.34749984741211,11.145000457763672,11.242500305175781,10.713370323181152,107699200
2020-01-08,11.244999885559082,11.65999984741211,11.19124984741211,11.501250267028809,10.959941864013672,159164800
2020-01-09,11.7787504196167,11.857500076293945,11.59000015258789,11.791250228881836,11.23629379272461,145423200
2020-01-10,11.923749923706055,11.93375015258789,11.641249656677246,11.694999694824219,11.144574165344238,137604000
2020-01-13,11.8412504196167,12.109999656677246,11.788749694824219,12.103750228881836,11.534088134765625,116558400
2020-01-14,12.072500228881836,12.143750190734863,11.90250015258789,11.962499618530273,11.399482727050781,145737600
2020-01-15,11.97249984741211,12.141249656677246,11.852499961853027,11.970000267028809,11.406631469726562,133003200
2020-01-16,12.138750076293945,12.311249732971191,12.06624984741211,12.303750038146973,11.7246732711792,121100800
2020-01-17,12.463749885559082,12.517499923706055,12.282500267028809,12.487500190734863,11.899775505065918,144402400
2020-01-21,12.37874984741211,12.563750267028809,12.369999885559082,12.481249809265137,11.893817901611328,138882400
2020-01-22,12.6537504196167,12.786250114440918,12.522500038146973,12.56624984741211,11.974820137023926,136148800
2020-01-23,12.541250228881836,12.698749542236328,12.37125015258789,12.682499885559082,12.08559799194336,143588800
2020-01-24,12.862500190734863,12.901249885559082,12.188750267028809,12.353750228881836,11.772318840026855,239374400
2020-01-27,11.53125,11.793749809265137,11.272500038146973,11.59000015258789,11.044515609741211,198626400
2020-01-28,11.831250190734863,12.208749771118164,11.7475004196167,12.12874984741211,11.55790901184082,171862400
2020-01-29,12.328749656677246,12.369999885559082,12.022500038146973,12.172499656677246,11.599600791931152,137877600
2020-01-30,11.949999809265137,12.324999809265137,11.831250190734863,12.3100004196167,11.730628967285156,200249600
2020-01-31,12.460000038146973,12.46875,11.59375,11.704999923706055,11.154104232788086,220384000
2020-02-03,11.888750076293945,12.332500457763672,11.866250038146973,12.242500305175781,11.666308403015137,173688000
2020-02-04,12.75,13.15625,12.6274995803833,13.078749656677246,12.463196754455566,140248800
2020-02-05,13.569999694824219,13.572500228881836,12.986249923706055,13.229999542236328,12.607328414916992,174612000
2020-02-06,13.313750267028809,13.567500114440918,13.176250457763672,13.552499771118164,12.914649963378906,113132800
2020-02-07,13.3725004196167,13.601249694824219,13.265000343322754,13.3774995803833,12.747886657714844,154052000
2020-02-10,13.2475004196167,13.863750457763672,13.237500190734863,13.859999656677246,13.207679748535156,123248800
2020-02-11,14.087499618530273,14.233750343322754,13.760000228881836,13.869999885559082,13.217205047607422,193770400
2020-02-12,14.111249923706055,14.293749809265137,14.012499809265137,14.276249885559082,13.60433578491211,121608000
2020-02-13,13.973750114440918,14.387499809265137,13.922499656677246,14.2212495803833,13.551924705505371,155282400
2020-02-14,14.27750015258789,14.373749732971191,14.135000228881836,14.317500114440918,13.643646240234375,113969600
2020-02-18,14.114999771118164,14.428750038146973,14.073749542236328,14.342499732971191,13.667469024658203,130167200
2020-02-19,14.601249694824219,14.850000381469727,14.550000190734863,14.757499694824219,14.06293773651123,105627200
2020-02-20,14.662500381469727,14.7475004196167,13.798749923706055,14.337499618530273,13.662704467773438,227657600
2020-02-21,14.132499694824219,14.197500228881836,13.3412504196167,13.517499923706055,12.881298065185547,207107200
2020-02-24,12.03499984741211,12.447500228881836,11.703749656677246,11.960000038146973,11.397100448608398,269674400
2020-02-25,12.241250038146973,12.363750457763672,10.867500305175781,10.992500305175781,10.475137710571289,300793600
2020-02-26,11.15999984741211,11.7162504196167,10.893750190734863,11.143750190734863,10.619267463684082,335736000
2020-02-27,10.287500381469727,10.801250457763672,9.447500228881836,9.477499961853027,9.031439781188965,425116000
2020-02-28,8.551250457763672,9.678750038146973,8.4375,9.625,9.17199993133545,494222400
2020-03-02,9.9087495803833,10.967499732971191,9.49625015258789,10.938750267028809,10.423916816711426,363518400
2020-03-03,11.046250343322754,11.4375,9.609999656677246,9.9087495803833,9.442394256591797,548126400
2020-03-04,10.442500114440918,11.143750190734863,10.162500381469727,11.111249923706055,10.588297843933105,315827200
2020-03-05,10.279999732971191,10.845000267028809,9.886249542236328,10.136249542236328,9.659186363220215,386972000
2020-03-06,9.0912504196167,9.760000228881836,8.875,9.604999542236328,9.15294075012207,393519200
2020-03-09,7.691249847412109,8.643750190734863,7.625,7.653749942779541,7.2935261726379395,406964800
2020-03-10,8.4975004196167,8.866250038146973,7.625,8.845000267028809,8.428709983825684,456252800
2020-03-11,8.22249984741211,8.4037504196167,7.375,7.707499980926514,7.344745635986328,430928000
2020-03-12,6.1875,7.1875,5.550000190734863,5.59499979019165,5.33167028427124,618225600
2020-03-13,6.53000020980835,7.163750171661377,5.632500171661377,7.105000019073486,6.770602226257324,556290400
2020-03-16,5.057499885559082,6.074999809265137,4.62375020980835,4.65625,4.437103748321533,658290400
2020-03-17,4.922500133514404,5.642499923706055,4.46875,5.414999961853027,5.160142421722412,762020800
2020-03-18,4.537499904632568,5.1875,4.091249942779541,4.913750171661377,4.6824846267700195,848999200
2020-03-19,4.856249809265137,5.510000228881836,4.5,5.027500152587891,4.79088020324707,804808800
2020-03-20,5.37375020980835,5.474999904632568,4.387499809265137,4.43874979019165,4.229839324951172,782255200
2020-03-23,4.491250038146973,4.75,4.033750057220459,4.452499866485596,4.242943286895752,820073600
2020-03-24,5.153749942779541,5.46750020980835,5.016250133514404,5.445000171661377,5.188730239868164,829824000
2020-03-25,5.525000095367432,5.980000019073486,5.135000228881836,5.318749904632568,5.068422794342041,834874400
2020-03-26,5.478750228881836,6.25,5.458749771118164,6.184999942779541,5.89390230178833,649240000
2020-03-27,5.703750133514404,6.041250228881836,5.473750114440918,5.542500019073486,5.281641483306885,557143200
2020-03-30,5.697500228881836,6.172500133514404,5.625,6.125,5.836726665496826,416621600
2020-03-31,6.076250076293945,6.441249847412109,5.857500076293945,5.954999923706055,5.674727439880371,731904000
2020-04-01,5.449999809265137,5.715000152587891,5.077499866485596,5.216249942779541,4.970746994018555,535589600
2020-04-02,5.150000095367432,5.542500019073486,5.096250057220459,5.525000095367432,5.264965534210205,467531200
2020-04-03,5.482500076293945,5.622499942779541,5.107500076293945,5.302499771118164,5.052937984466553,554484000
2020-04-06,5.888750076293945,6.523749828338623,5.795000076293945,6.412499904632568,6.110694408416748,518616800
2020-04-07,6.987500190734863,7.036250114440918,6.375,6.400000095367432,6.098784446716309,658009600
2020-04-08,6.586249828338623,6.875,6.409999847412109,6.808750152587891,6.488295555114746,518180000
2020-04-09,6.991250038146973,7.090000152587891,6.658750057220459,6.833749771118164,6.512119293212891,553297600
2020-04-13,6.75,7.110000133514404,6.633749961853027,7.071249961853027,6.73844051361084,426961600
2020-04-14,7.506249904632568,8.050000190734863,7.423749923706055,7.988749980926514,7.612759113311768,490049600
2020-04-15,7.613749980926514,7.923749923706055,7.457499980926514,7.723750114440918,7.360230445861816,431688000
2020-04-16,7.976250171661377,8.258749961853027,7.743750095367432,8.137499809265137,7.754508018493652,562920000
2020-04-17,8.458749771118164,8.512499809265137,8.00374984741211,8.3412504196167,7.948668479919434,463564800
2020-04-20,8.148750305175781,8.438750267028809,8.057499885559082,8.071249961853027,7.691376686096191,386998400
2020-04-21,7.832499980926514,7.891250133514404,7.038750171661377,7.178750038146973,6.840882301330566,519489600
2020-04-22,7.628749847412109,7.957499980926514,7.538750171661377,7.81374979019165,7.4459943771362305,274185600
2020-04-23,7.903749942779541,8.198749542236328,7.715000152587891,7.762499809265137,7.397156715393066,424868000
2020-04-24,7.817500114440918,8.175000190734863,7.651249885559082,8.137499809265137,7.754508018493652,317981600
2020-04-27,8.397500038146973,8.448749542236328,8.204999923706055,8.296250343322754,7.905786991119385,304741600
2020-04-28,8.52750015258789,8.5287504196167,7.826250076293945,7.847499847412109,7.478156089782715,386247200
2020-04-29,8.381250381469727,8.796250343322754,8.261249542236328,8.663749694824219,8.255990028381348,346104000
2020-04-30,8.801250457763672,8.80875015258789,8.493749618530273,8.7212495803833,8.31078052520752,380544800
2020-05-01,8.164999961853027,8.413749694824219,7.8125,7.93874979019165,7.565112590789795,346245600
2020-05-04,7.817500114440918,8.241250038146973,7.758749961853027,8.21875,7.831933498382568,200756000
2020-05-05,8.4662504196167,8.77750015258789,8.401249885559082,8.481249809265137,8.082080841064453,288714400
2020-05-06,8.692500114440918,8.891249656677246,8.548749923706055,8.648750305175781,8.24169635772705,311880800
2020-05-07,8.978750228881836,9.09375,8.821249961853027,8.986249923706055,8.563309669494629,289489600
2020-05-08,9.193750381469727,9.368749618530273,9.0649995803833,9.348750114440918,8.908750534057617,262202400
2020-05-11,9.18375015258789,9.737500190734863,9.15625,9.581250190734863,9.130309104919434,269384000
2020-05-12,9.68375015258789,9.766249656677246,9.00374984741211,9.011249542236328,8.587133407592773,339363200
2020-05-13,9.073749542236328,9.306249618530273,8.345000267028809,8.670000076293945,8.261946678161621,491119200
2020-05-14,8.505000114440918,8.961250305175781,8.263750076293945,8.957500457763672,8.535914421081543,402999200
2020-05-15,8.588749885559082,9.137499809265137,8.536250114440918,9.111249923706055,8.682429313659668,357806400
2020-05-18,9.5,9.774999618530273,9.40250015258789,9.638750076293945,9.185101509094238,296474400
2020-05-19,9.672499656677246,9.946249961853027,9.550000190734863,9.5649995803833,9.114823341369629,261430400
2020-05-20,9.901249885559082,10.188750267028809,9.901249885559082,10.125,9.648465156555176,285416000
2020-05-21,10.154999732971191,10.239999771118164,9.741250038146973,9.813750267028809,9.351865768432617,322693600
2020-05-22,9.761249542236328,9.936249732971191,9.631250381469727,9.90250015258789,9.436440467834473,209664800
2020-05-26,10.381250381469727,10.414999961853027,9.797499656677246,9.861249923706055,9.397128105163574,245202400
2020-05-27,9.763750076293945,10.005000114440918,9.172499656677246,10.0,9.529349327087402,347291200
2020-05-28,9.824999809265137,10.401249885559082,9.818750381469727,9.936249732971191,9.468599319458008,303992800
2020-05-29,10.005000114440918,10.414999961853027,9.789999961853027,10.3462495803833,9.859302520751953,358492800
2020-06-01,10.257499694824219,10.529999732971191,10.203749656677246,10.473750114440918,9.980802536010742,209881600
2020-06-02,10.529999732971191,10.693750381469727,10.204999923706055,10.682499885559082,10.179727554321289,250714400
2020-06-03,10.768750190734863,10.936249732971191,10.651249885559082,10.827500343322754,10.317902565002441,215033600
2020-06-04,10.7787504196167,10.984999656677246,10.420000076293945,10.607500076293945,10.108257293701172,266408800
2020-06-05,10.737500190734863,11.31624984741211,10.6875,11.236249923706055,10.707415580749512,281394400
2020-06-08,11.198749542236328,11.510000228881836,10.987500190734863,11.486249923706055,10.945648193359375,218544800
2020-06-09,11.361249923706055,11.8725004196167,11.342499732971191,11.742500305175781,11.189836502075195,213179200
2020-06-10,11.994999885559082,12.40250015258789,11.922499656677246,12.166250228881836,11.593647003173828,302911200
2020-06-11,11.572500228881836,11.776249885559082,10.352499961853027,10.375,9.886699676513672,383332000
2020-06-12,11.036250114440918,11.206250190734863,10.053750038146973,10.600000381469727,10.101110458374023,411876800
2020-06-15,10.135000228881836,11.085000038146973,10.007499694824219,10.973750114440918,10.457267761230469,398184800
2020-06-16,11.673749923706055,11.765000343322754,11.038749694824219,11.553750038146973,11.00997257232666,383217600
2020-06-17,11.771249771118164,11.932499885559082,11.550000190734863,11.666250228881836,11.117177963256836,258858400
2020-06-18,11.617500305175781,11.795000076293945,11.505000114440918,11.756250381469727,11.202940940856934,212785600
2020-06-19,12.12125015258789,12.1537504196167,11.494999885559082,11.739999771118164,11.187454223632812,289950400
2020-06-22,11.738750457763672,12.193750381469727,11.688750267028809,12.157500267028809,11.585307121276855,220133600
2020-06-23,12.421250343322754,12.827500343322754,12.332500457763672,12.475000381469727,11.887862205505371,234898400
2020-06-24,12.362500190734863,12.55875015258789,11.481249809265137,11.739999771118164,11.187454223632812,392821600
2020-06-25,11.738750457763672,12.09000015258789,11.342499732971191,12.051250457763672,11.484057426452637,301703200
2020-06-26,12.0024995803833,12.037500381469727,11.112500190734863,11.1850004196167,10.658577919006348,375940800
2020-06-29,11.151249885559082,11.553750038146973,10.78499984741211,11.542499542236328,10.999250411987305,259609600
2020-06-30,11.539999961853027,12.3100004196167,11.516249656677246,12.206250190734863,11.63176155090332,251388800
2020-07-01,12.232500076293945,12.80875015258789,12.154999732971191,12.642499923706055,12.047477722167969,252137600
2020-07-02,13.036250114440918,13.233750343322754,12.842499732971191,12.911250114440918,12.303580284118652,228152000
2020-07-06,13.412500381469727,13.947500228881836,13.411250114440918,13.859999656677246,13.207679748535156,211984000
2020-07-07,13.818750381469727,14.270000457763672,13.529999732971191,13.587499618530273,12.948002815246582,246099200
2020-07-08,13.803750038146973,14.117500305175781,13.561249732971191,14.109999656677246,13.44590950012207,239931200
2020-07-09,14.426250457763672,14.583749771118164,13.732500076293945,14.462499618530273,13.781820297241211,317596000
2020-07-10,14.427499771118164,14.806249618530273,13.986249923706055,14.768750190734863,14.073657989501953,242789600
2020-07-13,15.256250381469727,15.743749618530273,13.711250305175781,13.856249809265137,13.20410442352295,374584800
2020-07-14,13.448749542236328,14.21500015258789,12.923749923706055,14.149999618530273,13.484029769897461,459751200
2020-07-15,14.357500076293945,14.52750015258789,13.673749923706055,14.220000267028809,13.550734519958496,367544000
2020-07-16,13.755000114440918,14.045000076293945,13.373749732971191,13.914999961853027,13.260088920593262,299972000
2020-07-17,14.020000457763672,14.130000114440918,13.625,13.979999542236328,13.32203197479248,231003200
2020-07-20,14.100000381469727,15.2787504196167,13.886249542236328,15.170000076293945,14.45602035522461,251621600
2020-07-21,15.448749542236328,15.458749771118164,14.550000190734863,14.6850004196167,13.993849754333496,294313600
2020-07-22,14.771249771118164,15.016249656677246,14.456250190734863,14.854999542236328,14.155847549438477,227788800
2020-07-23,14.788749694824219,14.904999732971191,13.446249961853027,13.69124984741211,13.046870231628418,336648800
2020-07-24,13.063750267028809,13.520000457763672,12.626250267028809,13.286250114440918,12.660933494567871,357218400
2020-07-27,13.573749542236328,14.068750381469727,13.4350004196167,14.0,13.341089248657227,267624000
2020-07-28,13.885000228881836,13.963749885559082,13.421250343322754,13.473750114440918,12.839608192443848,238702400
2020-07-29,13.711250305175781,14.076250076293945,13.643750190734863,13.932499885559082,13.276764869689941,194280800
2020-07-30,13.612500190734863,14.24625015258789,13.420000076293945,14.1587495803833,13.4923677444458,302200000
2020-07-31,14.914999961853027,14.9375,14.109999656677246,14.922499656677246,14.220171928405762,359815200
2020-08-03,15.28125,15.641249656677246,15.257499694824219,15.478750228881836,14.75024127960205,217868000
2020-08-04,15.414999961853027,15.702500343322754,15.292499542236328,15.680000305175781,14.94201946258545,211008000
2020-08-05,15.768750190734863,15.883749961853027,15.613750457763672,15.805000305175781,15.061138153076172,162381600
2020-08-06,15.763750076293945,16.491249084472656,15.65250015258789,16.40999984741211,15.637663841247559,192064000
2020-08-07,16.327499389648438,16.477500915527344,15.461250305175781,15.873749732971191,15.126649856567383,296708000
2020-08-10,15.9087495803833,15.951250076293945,15.021249771118164,15.65999984741211,14.92296028137207,254311200
2020-08-11,15.444999694824219,15.681249618530273,14.673749923706055,14.771249771118164,14.07603931427002,310273600
2020-08-12,15.137499809265137,16.045000076293945,15.137499809265137,15.876250267028809,15.129033088684082,221247200
2020-08-13,16.010000228881836,16.397499084472656,15.81624984741211,15.987500190734863,15.23504638671875,234281600
2020-08-14,16.082500457763672,16.14875030517578,15.676250457763672,15.94124984741211,15.190974235534668,199737600
2020-08-17,16.233749389648438,16.545000076293945,16.207500457763672,16.467500686645508,15.692458152770996,126664800
2020-08-18,16.678749084472656,17.049999237060547,16.4112491607666,16.951250076293945,16.153440475463867,149313600
2020-08-19,16.948749542236328,17.1512508392334,16.5362491607666,16.6200008392334,15.83777904510498,205847200
2020-08-20,16.46875,17.39875030517578,16.396249771118164,17.303749084472656,16.489347457885742,152774400
2020-08-21,17.332500457763672,17.751249313354492,17.2237491607666,17.665000915527344,16.83359718322754,164280000
2020-08-24,18.2762508392334,18.44499969482422,17.55500030517578,17.99250030517578,17.145681381225586,251384000
2020-08-25,17.853750228881836,18.431249618530273,17.758750915527344,18.412500381469727,17.545913696289062,172556800
2020-08-26,18.658750534057617,19.631250381469727,18.635000228881836,19.591249465942383,18.669187545776367,219663200
2020-08-27,19.822500228881836,19.983749389648438,18.947500228881836,19.41374969482422,18.500041961669922,302602400
2020-08-28,19.6612491607666,19.841249465942383,19.393749237060547,19.7137508392334,18.785924911499023,198145600
2020-08-31,19.8174991607666,20.5674991607666,19.727500915527344,20.170000076293945,19.22069549560547,180398400
2020-09-01,20.739999771118164,21.24625015258789,20.368749618530273,21.217500686645508,20.218896865844727,193147200
2020-09-02,21.934999465942383,21.958749771118164,20.583749771118164,21.81624984741211,20.789466857910156,289369600
2020-09-03,20.841249465942383,20.924999237060547,17.852500915527344,18.466249465942383,17.597131729125977,443024800
2020-09-04,18.172500610351562,18.787500381469727,15.482500076293945,17.704999923706055,16.871713638305664,561480800
2020-09-08,15.618749618530273,16.74625015258789,15.132499694824219,15.202500343322754,14.486989974975586,426824800
2020-09-09,16.12874984741211,16.899999618530273,15.708749771118164,16.508750915527344,15.731764793395996,290352000
2020-09-10,17.065000534057617,17.298749923706055,15.217499732971191,15.553750038146973,14.821710586547852,465936800
2020-09-11,15.875,16.02375030517578,14.601249694824219,15.213749885559082,14.497714042663574,385797600
2020-09-14,15.875,16.35124969482422,15.635000228881836,15.9975004196167,15.244577407836914,269032800
2020-09-15,16.666250228881836,16.927499771118164,16.3700008392334,16.677499771118164,15.892569541931152,300889600
2020-09-16,16.81624984741211,16.915000915527344,15.823749542236328,15.876250267028809,15.129033088684082,306141600
2020-09-17,14.651249885559082,15.494999885559082,14.506250381469727,15.145000457763672,14.432198524475098,446844800
2020-09-18,15.357500076293945,15.431249618530273,13.845000267028809,14.5600004196167,13.874733924865723,463042400
2020-09-21,13.9037504196167,14.743749618530273,13.512499809265137,14.732500076293945,14.03911304473877,375314400
2020-09-22,15.149999618530273,15.641249656677246,14.557499885559082,15.537500381469727,14.80622673034668,315066400
2020-09-23,15.481249809265137,15.518750190734863,13.963749885559082,14.098750114440918,13.435192108154297,405507200
2020-09-24,13.711250305175781,14.838749885559082,13.646249771118164,14.305000305175781,13.631734848022461,375036000
2020-09-25,14.383749961853027,15.444999694824219,14.131250381469727,15.307499885559082,14.587052345275879,324478400
2020-09-28,16.1612491607666,16.25,15.696249961853027,16.21500015258789,15.4518404006958,273331200
2020-09-29,16.184999465942383,16.354999542236328,15.94124984741211,16.045000076293945,15.289840698242188,221805600
2020-09-30,16.073749542236328,16.940000534057617,16.03125,16.362499237060547,15.592398643493652,338768000
2020-10-01,17.071250915527344,17.258750915527344,16.72249984741211,17.12874984741211,16.322582244873047,278676000
2020-10-02,16.014999389648438,16.703750610351562,15.541250228881836,15.7162504196167,14.976563453674316,399553600
2020-10-05,16.05875015258789,16.762500762939453,16.03125,16.707500457763672,15.921160697937012,210790400
2020-10-06,16.548749923706055,16.889999389648438,15.643750190734863,15.8100004196167,15.065901756286621,345648800
2020-10-07,16.271249771118164,16.763750076293945,16.172500610351562,16.641250610351562,15.858028411865234,225088800
2020-10-08,17.056249618530273,17.076250076293945,16.6924991607666,16.886249542236328,16.09149932861328,197893600
2020-10-09,17.1924991607666,17.673749923706055,17.1200008392334,17.637500762939453,16.807388305664062,195271200
2020-10-12,18.549999237060547,19.841249465942383,18.357500076293945,19.282499313354492,18.374967575073242,294116800
2020-10-13,19.649999618530273,19.791250228881836,19.018749237060547,19.28499984741211,18.377349853515625,283861600
2020-10-14,19.457500457763672,19.649999618530273,18.456249237060547,18.80875015258789,17.923513412475586,296589600
2020-10-15,17.877500534057617,18.548749923706055,17.74250030517578,18.420000076293945,17.55306053161621,249076800
2020-10-16,18.758750915527344,19.033750534057617,18.0625,18.137500762939453,17.283859252929688,228096800
2020-10-19,18.5049991607666,18.688749313354492,17.045000076293945,17.236249923706055,16.42502784729004,277555200
2020-10-20,17.372499465942383,17.924999237060547,17.073749542236328,17.34749984741211,16.531038284301758,274710400
2020-10-21,17.386249542236328,17.876249313354492,17.21500015258789,17.302499771118164,16.488157272338867,242572800
2020-10-22,17.462499618530273,17.625,16.68375015258789,17.311250686645508,16.496492385864258,239163200
2020-10-23,17.426250457763672,17.428749084472656,16.861249923706055,17.412500381469727,16.592981338500977,191088000
2020-10-26,16.971250534057617,17.497499465942383,15.936249732971191,16.618749618530273,15.836584091186523,317113600
2020-10-27,16.783750534057617,17.149999618530273,16.565000534057617,17.011249542236328,16.210615158081055,223860000
2020-10-28,16.177499771118164,16.280000686645508,14.975000381469727,15.015000343322754,14.308317184448242,369440000
2020-10-29,15.242500305175781,16.3075008392334,15.154999732971191,15.7787504196167,15.036121368408203,276374400
2020-10-30,15.443750381469727,15.5912504196167,14.193750381469727,14.681249618530273,13.990276336669922,461622400
2020-11-02,14.973750114440918,15.261249542236328,14.201250076293945,14.686249732971191,13.995038986206055,302272000
2020-11-03,14.9975004196167,15.801250457763672,14.824999809265137,15.425000190734863,14.699020385742188,269938400
2020-11-04,16.948749542236328,17.829999923706055,16.665000915527344,17.510000228881836,16.68589210510254,338375200
2020-11-05,18.707500457763672,19.068750381469727,18.448749542236328,18.861249923706055,17.973541259765625,300264800
2020-11-06,18.733749389648438,19.071250915527344,18.00749969482422,18.924999237060547,18.034297943115234,270302400
2020-11-09,19.459999084472656,19.797500610351562,17.684999465942383,17.770000457763672,16.93365478515625,331731200
2020-11-10,17.142499923706055,17.40625,16.293750762939453,16.811250686645508,16.020023345947266,337333600
2020-11-11,17.258750915527344,18.02375030517578,17.184999465942383,17.94124984741211,17.096843719482422,253661600
2020-11-12,18.106250762939453,18.364999771118164,17.46500015258789,17.678749084472656,16.846696853637695,286687200
2020-11-13,17.97249984741211,18.260000228881836,17.582500457763672,18.142499923706055,17.28862190246582,209495200
2020-11-16,18.09375,18.626249313354492,17.967500686645508,18.559999465942383,17.68647003173828,213748800
2020-11-17,18.600000381469727,18.670000076293945,18.266250610351562,18.388750076293945,17.523277282714844,182704000
2020-11-18,18.282499313354492,18.59375,17.962499618530273,17.962499618530273,17.117090225219727,154341600
2020-11-19,17.863750457763672,18.46125030517578,17.7450008392334,18.407499313354492,17.541147232055664,159341600
2020-11-20,18.381250381469727,18.533750534057617,18.014999389648438,18.033750534057617,17.18499183654785,129993600
2020-11-23,18.227500915527344,18.467500686645508,17.594999313354492,18.037500381469727,17.188562393188477,179060800
2020-11-24,18.227500915527344,18.87874984741211,17.883750915527344,18.774999618530273,17.89134979248047,156015200
2020-11-25,18.96500015258789,19.251249313354492,18.806249618530273,19.12874984741211,18.228452682495117,128677600
2020-11-27,19.5049991607666,19.883750915527344,19.44124984741211,19.6512508392334,18.726362228393555,92927200
2020-11-30,19.71500015258789,19.84749984741211,18.822500228881836,19.752500534057617,18.822847366333008,184622400
2020-12-01,20.2237491607666,20.868749618530273,20.012500762939453,20.528749465942383,19.562559127807617,169989600
2020-12-02,20.2762508392334,20.68000030517578,19.897499084472656,20.611249923706055,19.64118194580078,146129600
2020-12-03,20.6612491607666,21.02375030517578,20.543750762939453,20.69499969482422,19.720989227294922,157461600
2020-12-04,20.700000762939453,20.979999542236328,20.563749313354492,20.948749542236328,19.962799072265625,127088000
2020-12-07,20.987499237060547,21.377500534057617,20.950000762939453,21.303749084472656,20.301088333129883,124028000
2020-12-08,21.206249237060547,21.584999084472656,20.826250076293945,21.498750686645508,20.486909866333008,133925600
2020-12-09,21.479999542236328,21.532499313354492,19.827499389648438,20.05875015258789,19.114683151245117,244878400
2020-12-10,19.6299991607666,20.533750534057617,19.407499313354492,20.30500030517578,19.349342346191406,173346400
2020-12-11,19.956249237060547,20.19124984741211,19.487499237060547,20.162500381469727,19.21354866027832,169819200
2020-12-14,20.403749465942383,21.006250381469727,20.396249771118164,20.592500686645508,19.623310089111328,146684800
2020-12-15,21.072500228881836,21.251249313354492,20.614999771118164,21.232500076293945,20.23318862915039,157417600
2020-12-16,21.346250534057617,21.78125,21.122499465942383,21.5887508392334,20.572673797607422,137590400
2020-12-17,21.956249237060547,22.084999084472656,21.698749542236328,22.03125,20.994348526000977,139275200
2020-12-18,22.19499969482422,22.238750457763672,21.31624984741211,21.791250228881836,20.765642166137695,168756000
2020-12-21,21.196250915527344,21.827499389648438,20.584999084472656,21.709999084472656,20.68821907043457,203596800
2020-12-22,21.912500381469727,22.0887508392334,21.272499084472656,21.881250381469727,20.851408004760742,160330400
2020-12-23,21.8799991607666,21.969999313354492,21.522499084472656,21.551250457763672,20.53693962097168,119434400
2020-12-24,21.613750457763672,21.93000030517578,21.59000015258789,21.831249237060547,20.803760528564453,77065600
2020-12-28,22.395000457763672,22.594999313354492,22.00374984741211,22.486249923706055,21.427928924560547,117052800
2020-12-29,22.793750762939453,22.924999237060547,22.35124969482422,22.552499771118164,21.491064071655273,121142400
2020-12-30,22.806249618530273,22.875,22.408750534057617,22.548749923706055,21.48749351501465,104807200
2020-12-31,22.533750534057617,22.809999465942383,22.291250228881836,22.725000381469727,21.655447006225586,106708000
2021-01-04,23.010000228881836,23.048749923706055,20.853750228881836,21.731250762939453,20.70846939086914,197472000
2021-01-05,21.53499984741211,22.31999969482422,21.53499984741211,22.2762508392334,21.227815628051758,118712800
2021-01-06,21.237499237060547,22.292499542236328,21.02750015258789,21.354999542236328,20.349924087524414,210730400
2021-01-07,21.921249389648438,23.081249237060547,21.918750762939453,22.897499084472656,21.819826126098633,123695200
2021-01-08,23.41374969482422,23.860000610351562,22.924999237060547,23.78499984741211,22.66555404663086,152815200
2021-01-11,23.10124969482422,23.36750030517578,22.60124969482422,22.733749389648438,21.663780212402344,140325600
2021-01-12,22.764999389648438,23.001249313354492,22.049999237060547,22.635000228881836,21.56968116760254,146031200
2021-01-13,22.696250915527344,23.27375030517578,22.5625,23.075000762939453,21.988971710205078,108750400
2021-01-14,23.1875,23.417499542236328,22.6200008392334,22.7237491607666,21.654253005981445,118236000
2021-01-15,22.676250457763672,22.891250610351562,21.885000228881836,22.171249389648438,21.12775993347168,141692000
2021-01-19,22.681249618530273,23.258750915527344,22.450000762939453,23.13249969482422,22.043766021728516,120967200
2021-01-20,23.9637508392334,24.971250534057617,23.88249969482422,24.7450008392334,23.580373764038086,121736000
2021-01-21,25.0625,25.53499984741211,24.75,25.360000610351562,24.166433334350586,92168400
2021-01-22,25.102500915527344,25.3799991607666,24.969999313354492,25.1299991607666,23.947254180908203,81878800
2021-01-25,25.940000534057617,26.267499923706055,24.200000762939453,25.827499389648438,24.611923217773438,153170400
2021-01-26,25.93000030517578,26.145000457763672,25.545000076293945,25.854999542236328,24.638132095336914,90968800
2021-01-27,25.315000534057617,25.325000762939453,23.25,23.770000457763672,22.651262283325195,188900800
2021-01-28,23.97249984741211,25.25,23.837499618530273,24.1200008392334,22.984790802001953,90021600
2021-01-29,23.725000381469727,23.979999542236328,22.1875,22.61750030517578,21.553007125854492,184278400
2021-02-01,23.387500762939453,24.50749969482422,22.934999465942383,24.280000686645508,23.137258529663086,105659600
2021-02-02,24.97249984741211,25.739999771118164,24.940000534057617,25.454999923706055,24.2569580078125,92746400
2021-02-03,25.982500076293945,26.0575008392334,25.162500381469727,25.162500381469727,23.97822380065918,95172000
2021-02-04,25.510000228881836,26.075000762939453,25.1875,26.052499771118164,24.826335906982422,72808800
2021-02-05,26.299999237060547,26.572500228881836,25.892499923706055,26.325000762939453,25.08601188659668,86615200
2021-02-08,26.739999771118164,26.887500762939453,26.337499618530273,26.84000015258789,25.57677459716797,76994800
2021-02-09,26.6200008392334,27.142499923706055,26.6200008392334,26.827499389648438,25.564857482910156,65768800
2021-02-10,27.19499969482422,27.299999237060547,25.864999771118164,26.637500762939453,25.383806228637695,123548000
2021-02-11,27.040000915527344,27.184999465942383,26.489999771118164,27.0674991607666,25.793567657470703,98860000
2021-02-12,26.895000457763672,27.575000762939453,26.610000610351562,27.52750015258789,26.231916427612305,77471600
2021-02-16,27.739999771118164,27.96500015258789,27.020000457763672,27.297500610351562,26.012741088867188,88663600
2021-02-17,26.5575008392334,26.985000610351562,26.002500534057617,26.917499542236328,25.650623321533203,105986800
2021-02-18,26.014999389648438,26.739999771118164,25.56999969482422,26.55500030517578,25.305187225341797,110202000
2021-02-19,26.90999984741211,26.920000076293945,25.96500015258789,26.204999923706055,24.971654891967773,93377200
2021-02-22,25.135000228881836,25.450000762939453,24.125,24.174999237060547,23.037202835083008,132734800
2021-02-23,22.94499969482422,24.34000015258789,21.604999542236328,23.959999084472656,22.832321166992188,199274800
2021-02-24,23.309999465942383,24.61750030517578,22.725000381469727,24.537500381469727,23.38264274597168,123042000
2021-02-25,23.905000686645508,24.517499923706055,21.612499237060547,21.975000381469727,20.940752029418945,237792000
2021-02-26,22.59749984741211,23.290000915527344,21.5625,22.30500030517578,21.255212783813477,209318400
2021-03-01,23.34000015258789,24.327499389648438,23.047500610351562,24.25,23.108671188354492,133707200
2021-03-02,24.385000228881836,24.422500610351562,23.024999618530273,23.087499618530273,22.000885009765625,151693200
2021-03-03,22.842500686645508,23.049999237060547,21.0625,21.084999084472656,20.092632293701172,231542400
2021-03-04,20.99250030517578,21.65999984741211,19.219999313354492,20.042499542236328,19.099199295043945,432037200
2021-03-05,20.572500228881836,21.11750030517578,18.75749969482422,20.940000534057617,19.95446014404297,336656400
2021-03-08,20.81999969482422,21.212499618530273,19.0674991607666,19.149999618530273,18.248703002929688,235731600
2021-03-09,20.61750030517578,21.787500381469727,20.482500076293945,21.405000686645508,20.39757537841797,173429200
2021-03-10,22.315000534057617,22.375,21.077499389648438,21.22249984741211,20.223661422729492,203371200
2021-03-11,22.2549991607666,23.065000534057617,22.03499984741211,22.69499969482422,21.626861572265625,158935600
2021-03-12,21.792499542236328,22.167499542236328,21.267499923706055,22.1299991607666,21.088451385498047,166590000
2021-03-15,22.202499389648438,22.877500534057617,21.844999313354492,22.837499618530273,21.762643814086914,126701600
2021-03-16,23.334999084472656,23.997499465942383,22.899999618530273,23.212499618530273,22.12000274658203,168770400
2021-03-17,22.530000686645508,23.9325008392334,22.15250015258789,23.5049991607666,22.39873504638672,196370800
2021-03-18,22.40250015258789,22.625,21.237499237060547,21.34749984741211,20.342775344848633,228253600
2021-03-19,21.3125,21.887500762939453,20.850000381469727,21.6200008392334,20.602455139160156,193286400
2021-03-22,22.072500228881836,23.217500686645508,22.072500228881836,22.772499084472656,21.700708389282227,141101200
2021-03-23,23.012500762939453,23.3075008392334,22.292499542236328,22.475000381469727,21.417213439941406,187780800
2021-03-24,22.772499084472656,22.780000686645508,21.3125,21.34000015258789,20.335630416870117,190483600
2021-03-25,20.954999923706055,21.545000076293945,20.412500381469727,21.225000381469727,20.22604751586914,239874400
2021-03-26,21.18000030517578,22.24250030517578,20.88249969482422,22.162500381469727,21.119417190551758,215060400
2021-03-29,22.059999465942383,22.385000228881836,21.43000030517578,22.149999618530273,21.10750961303711,190589200
2021-03-30,21.737499237060547,21.947500228881836,21.239999771118164,21.834999084472656,20.807329177856445,148349600
2021-03-31,22.197500228881836,23.149999618530273,22.127500534057617,22.815000534057617,21.7412109375,161968800
2021-04-01,23.65999984741211,24.00749969482422,23.604999542236328,23.975000381469727,22.84661102294922,145087200
2021-04-05,24.552499771118164,25.594999313354492,24.49250030517578,25.415000915527344,24.21884536743164,130539600
2021-04-06,25.34000015258789,25.81999969482422,25.177499771118164,25.354999542236328,24.161664962768555,120606800
2021-04-07,25.25749969482422,25.7450008392334,25.024999618530273,25.542499542236328,24.3403377532959,98987200
2021-04-08,26.229999542236328,26.385000228881836,26.024999618530273,26.34000015258789,25.10030746459961,113619200
2021-04-09,26.0049991607666,26.864999771118164,25.829999923706055,26.8174991607666,25.55533218383789,129438400
2021-04-12,26.575000762939453,26.809999465942383,26.2450008392334,26.712499618530273,25.455272674560547,109632000
2021-04-13,27.094999313354492,27.75,27.030000686645508,27.627500534057617,26.327205657958984,115022000
2021-04-14,27.697500228881836,27.732500076293945,26.440000534057617,26.657499313354492,25.402860641479492,161227600
2021-04-15,27.342500686645508,27.9424991607666,27.309999465942383,27.834999084472656,26.52494239807129,120798000
2021-04-16,27.977500915527344,27.997499465942383,27.475000381469727,27.952499389648438,26.636913299560547,117488000
2021-04-19,27.537500381469727,27.842500686645508,26.6875,27.190000534057617,25.910303115844727,159168000
2021-04-20,27.012500762939453,27.329999923706055,26.09749984741211,26.594999313354492,25.343303680419922,158283600
2021-04-21,26.25,27.3075008392334,26.0049991607666,27.267499923706055,25.984155654907227,111057200
2021-04-22,27.167499542236328,27.407499313354492,25.985000610351562,26.274999618530273,25.038366317749023,174848400
2021-04-23,26.43000030517578,27.579999923706055,26.43000030517578,27.264999389648438,25.981769561767578,107686000
2021-04-26,27.327499389648438,27.86750030517578,27.137500762939453,27.80500030517578,26.496353149414062,99976800
2021-04-27,27.86750030517578,27.917499542236328,27.1924991607666,27.440000534057617,26.148534774780273,119312800
2021-04-28,27.34749984741211,27.600000381469727,26.99250030517578,27.157499313354492,25.879331588745117,118950000
2021-04-29,27.96500015258789,28.0575008392334,26.645000457763672,27.43000030517578,26.139005661010742,148124400
2021-04-30,26.822500228881836,27.450000762939453,26.672500610351562,26.915000915527344,25.64824104309082,118440400
2021-05-03,27.190000534057617,27.372499465942383,26.357500076293945,26.475000381469727,25.22895050048828,134222000
2021-05-04,25.862499237060547,25.922500610351562,24.112499237060547,25.079999923706055,23.899612426757812,211234000
2021-05-05,25.510000228881836,25.712499618530273,24.600000381469727,24.787500381469727,23.620872497558594,136429200
2021-05-06,24.717500686645508,25.3700008392334,24.197500228881836,25.329999923706055,24.137836456298828,169663200
2021-05-07,25.99250030517578,26.520000457763672,25.6924991607666,25.950000762939453,24.728660583496094,158706800
2021-05-10,25.622499465942383,25.665000915527344,23.940000534057617,24.0,22.870439529418945,184214800
2021-05-11,22.647499084472656,24.059999465942383,22.5,23.8799991607666,22.756088256835938,228806800
2021-05-12,22.7549991607666,23.287500381469727,21.829999923706055,22.0625,21.024124145507812,236158000
2021-05-13,22.649999618530273,23.167499542236328,22.017499923706055,22.52750015258789,21.467243194580078,208602000
2021-05-14,23.219999313354492,24.22249984741211,23.104999542236328,23.99250030517578,22.863290786743164,144263200
2021-05-17,23.627500534057617,23.790000915527344,22.9325008392334,23.587499618530273,22.47734832763672,138542400
2021-05-18,23.802499771118164,24.06999969482422,23.047500610351562,23.092500686645508,22.00564956665039,131684000
2021-05-19,21.912500381469727,23.247499465942383,21.832500457763672,23.177499771118164,22.086647033691406,191889600
2021-05-20,23.517499923706055,24.71500015258789,23.457500457763672,24.517499923706055,23.36357879638672,139226400
2021-05-21,24.885000228881836,24.982500076293945,24.02750015258789,24.112499237060547,22.977642059326172,128133200
2021-05-24,24.637500762939453,25.584999084472656,24.55500030517578,25.31999969482422,24.128313064575195,92181600
2021-05-25,25.6875,25.860000610351562,25.157499313354492,25.4424991607666,24.245044708251953,106728800
2021-05-26,25.59000015258789,25.809999465942383,25.43000030517578,25.700000762939453,24.49042510986328,78034800
2021-05-27,25.592500686645508,25.790000915527344,25.360000610351562,25.399999618530273,24.204547882080078,83216800
2021-05-28,25.69499969482422,26.024999618530273,25.575000762939453,25.647499084472656,24.440397262573242,81857200
2021-06-01,25.962499618530273,26.075000762939453,25.072500228881836,25.397499084472656,24.20216178894043,103863600
2021-06-02,25.487499237060547,25.74250030517578,25.13249969482422,25.530000686645508,24.328426361083984,83178800
2021-06-03,24.872499465942383,25.167499542236328,24.344999313354492,24.727500915527344,23.56369972229004,121032000
2021-06-04,25.157499313354492,26.09749984741211,25.13249969482422,25.9950008392334,24.77153968811035,91175200
2021-06-07,25.857500076293945,26.24250030517578,25.702499389648438,26.225000381469727,24.990720748901367,62193200
2021-06-08,26.645000457763672,26.854999542236328,25.857500076293945,26.2549991607666,25.019302368164062,92944400
2021-06-09,26.59000015258789,26.780000686645508,26.232500076293945,26.28499984741211,25.04789161682129,77803600
2021-06-10,26.357500076293945,27.125,26.25,27.09000015258789,25.81501007080078,117206800
2021-06-11,27.104999542236328,27.309999465942383,26.940000534057617,27.30500030517578,26.019886016845703,68338800
2021-06-14,27.40999984741211,28.092500686645508,27.125,28.06999969482422,26.748882293701172,90823200
2021-06-15,28.0049991607666,28.084999084472656,27.364999771118164,27.549999237060547,26.25335693359375,90108000
2021-06-16,27.655000686645508,27.917499542236328,26.3799991607666,27.2549991607666,25.972238540649414,157778000
2021-06-17,26.989999771118164,28.520000457763672,26.982500076293945,28.272499084472656,26.941850662231445,144323600
2021-06-18,27.852500915527344,28.145000457763672,27.420000076293945,27.59749984741211,26.298622131347656,142894400
2021-06-21,27.657499313354492,28.200000762939453,27.09749984741211,28.102500915527344,26.77985382080078,107708400
2021-06-22,28.077499389648438,29.012500762939453,27.99250030517578,28.887500762939453,27.527908325195312,103578800
2021-06-23,28.892499923706055,29.239999771118164,28.732500076293945,28.9375,27.575551986694336,93996800
2021-06-24,29.434999465942383,29.872499465942383,29.297500610351562,29.469999313354492,28.082990646362305,93672400
2021-06-25,29.622499465942383,29.6875,29.212499618530273,29.377500534057617,27.994848251342773,86993200
2021-06-28,29.6924991607666,30.469999313354492,29.684999465942383,30.417499542236328,28.985897064208984,88787600
2021-06-29,30.389999389648438,30.770000457763672,30.167499542236328,30.760000228881836,29.312280654907227,74560000
2021-06-30,30.72249984741211,30.825000762939453,30.462499618530273,30.625,29.183629989624023,80546800
2021-07-01,30.520000457763672,30.78499984741211,30.162500381469727,30.639999389648438,29.197925567626953,83834800
2021-07-02,31.15999984741211,31.787500381469727,31.094999313354492,31.68000030517578,30.188976287841797,93502000
2021-07-06,31.862499237060547,32.189998626708984,31.125,32.10499954223633,30.593975067138672,109599600
2021-07-07,32.724998474121094,32.80500030517578,31.774999618530273,32.310001373291016,30.789325714111328,115275600
2021-07-08,30.922500610351562,31.96500015258789,30.559999465942383,31.75,30.255680084228516,152524400
2021-07-09,31.56999969482422,32.45000076293945,31.407499313354492,32.287498474121094,30.767887115478516,92875600
2021-07-12,32.70000076293945,32.8224983215332,32.26499938964844,32.692501068115234,31.153831481933594,87126000
2021-07-13,32.595001220703125,33.51750183105469,32.45249938964844,32.67499923706055,31.13714599609375,119450000
2021-07-14,33.34000015258789,33.52000045776367,32.63750076293945,32.852500915527344,31.306297302246094,136042800
2021-07-15,32.852500915527344,32.89500045776367,31.614999771118164,32.17250061035156,30.658302307128906,137192800
2021-07-16,32.415000915527344,32.6775016784668,31.292499542236328,31.38249969482422,29.905479431152344,127402800
2021-07-19,30.452499389648438,30.75,29.917499542236328,30.6299991607666,29.18839454650879,202286400
2021-07-20,30.860000610351562,32.07500076293945,30.387500762939453,31.639999389648438,30.150861740112305,121544800
2021-07-21,31.577499389648438,32.397499084472656,31.5,32.36249923706055,30.839357376098633,81763200
2021-07-22,32.462501525878906,33.04999923706055,32.459999084472656,33.04249954223633,31.48735237121582,94957600
2021-07-23,33.42499923706055,34.27750015258789,33.0724983215332,34.13999938964844,32.533199310302734,103898400
2021-07-26,34.005001068115234,34.39250183105469,33.7599983215332,34.282501220703125,32.66899490356445,85977600
2021-07-27,34.20750045776367,34.20750045776367,31.957500457763672,33.162498474121094,31.601696014404297,178782000
2021-07-28,33.46500015258789,33.96500015258789,32.817501068115234,33.525001525878906,31.9471435546875,143940400
2021-07-29,33.369998931884766,34.029998779296875,33.36750030517578,33.689998626708984,32.1043701171875,88638400
2021-07-30,32.587501525878906,33.337501525878906,32.567501068115234,33.185001373291016,31.62314796447754,113118800
2021-08-02,33.6349983215332,33.79750061035156,33.005001068115234,33.17499923706055,31.613605499267578,109120000
2021-08-03,33.36000061035156,33.79999923706055,32.462501525878906,33.752498626708984,32.16393280029297,126835600
2021-08-04,33.772499084472656,34.189998626708984,33.45000076293945,33.91999816894531,32.32354736328125,96856800
2021-08-05,34.13999938964844,34.619998931884766,33.95000076293945,34.557498931884766,32.93104553222656,77340400
2021-08-06,34.1974983215332,34.48249816894531,33.790000915527344,34.10749816894531,32.50222396850586,86306000
2021-08-09,34.227500915527344,34.44499969482422,33.91999816894531,34.290000915527344,32.6761360168457,68421600
2021-08-10,34.442501068115234,34.52750015258789,33.43000030517578,33.77750015258789,32.1877555847168,106162400
2021-08-11,34.125,34.26250076293945,33.209999084472656,33.595001220703125,32.01384735107422,93188000
2021-08-12,33.45249938964844,34.04999923706055,33.060001373291016,33.94499969482422,32.34737777709961,79490800
2021-08-13,34.04499816894531,34.40250015258789,33.907501220703125,34.28499984741211,32.67137145996094,73289600
2021-08-16,33.98500061035156,34.35749816894531,32.875,34.345001220703125,32.728553771972656,122458400
2021-08-17,33.5525016784668,33.837501525878906,32.74250030517578,33.442501068115234,31.8685245513916,166395200
2021-08-18,33.275001525878906,33.68000030517578,32.377498626708984,32.470001220703125,30.94179916381836,130084800
2021-08-19,31.934999465942383,33.400001525878906,31.862499237060547,32.932498931884766,31.382530212402344,163247600
2021-08-20,33.23749923706055,34.067501068115234,33.14500045776367,33.95000076293945,32.352142333984375,125082400
2021-08-23,34.25749969482422,35.67499923706055,34.25,35.462501525878906,33.793453216552734,96532400
2021-08-24,35.65250015258789,35.98500061035156,35.51750183105469,35.8125,34.12697982788086,72686800
2021-08-25,35.872501373291016,36.099998474121094,35.657501220703125,35.852500915527344,34.16510009765625,76127200
2021-08-26,35.66749954223633,35.877498626708984,35.11000061035156,35.244998931884766,33.58618927001953,107004800
2021-08-27,35.42250061035156,36.400001525878906,35.28499984741211,36.275001525878906,34.567718505859375,92320000
2021-08-30,36.5,37.630001068115234,36.48749923706055,37.477500915527344,35.71361541748047,91270400
2021-08-31,37.55500030517578,37.57500076293945,36.92250061035156,37.372501373291016,35.613563537597656,91796000
2021-09-01,37.70750045776367,38.20500183105469,37.51750183105469,37.57749938964844,35.80890655517578,95568000
2021-09-02,37.98749923706055,38.084999084472656,37.150001525878906,37.525001525878906,35.758888244628906,95038400
2021-09-03,37.17499923706055,37.98500061035156,37.165000915527344,37.86249923706055,36.08049392700195,93201200
2021-09-07,37.88750076293945,38.220001220703125,37.540000915527344,38.01750183105469,36.22820281982422,90370800
2021-09-08,37.95249938964844,37.962501525878906,36.9275016784668,37.627498626708984,35.85655212402344,126846000
2021-09-09,37.682498931884766,38.025001525878906,37.147499084472656,37.224998474121094,35.47300338745117,110573600
2021-09-10,37.75,37.962501525878906,36.27750015258789,36.38750076293945,34.674922943115234,138435600
2021-09-13,37.0724983215332,37.19499969482422,35.689998626708984,36.30500030517578,34.5963020324707,155549200
2021-09-14,36.73749923706055,36.96500015258789,35.70500183105469,35.99250030517578,34.29851150512695,119258400
2021-09-15,36.122501373291016,36.88999938964844,35.439998626708984,36.790000915527344,35.058475494384766,111785200
2021-09-16,36.38750076293945,37.032501220703125,35.810001373291016,36.86249923706055,35.12757110595703,105230800
2021-09-17,36.724998474121094,36.73249816894531,35.2400016784668,35.560001373291016,33.8863639831543,154650400
2021-09-20,33.85499954223633,34.3650016784668,32.0,33.372501373291016,31.801822662353516,243827200
2021-09-21,33.845001220703125,34.1875,33.147499084472656,33.415000915527344,31.842321395874023,143401200
2021-09-22,33.71500015258789,34.807498931884766,33.40250015258789,34.39250183105469,32.77381896972656,175338800
2021-09-23,34.727500915527344,35.64250183105469,34.54249954223633,35.34749984741211,33.68387222290039,138739200
2021-09-24,34.68000030517578,35.5625,34.57500076293945,35.4474983215332,33.7791633605957,109550400
2021-09-27,34.5525016784668,34.849998474121094,33.849998474121094,34.592498779296875,32.96439743041992,156710800
2021-09-28,33.28499984741211,33.47249984741211,31.517499923706055,31.707500457763672,30.215185165405273,297646000
2021-09-29,31.989999771118164,32.5724983215332,31.325000762939453,31.497499465942383,30.015066146850586,195061200
2021-09-30,31.94499969482422,32.3849983215332,31.020000457763672,31.142499923706055,29.676773071289062,234624000
2021-10-01,31.3125,32.002498626708984,30.209999084472656,31.709999084472656,30.217561721801758,208708000
2021-10-04,31.274999618530273,31.372499465942383,29.11750030517578,29.760000228881836,28.359342575073242,257236000
2021-10-05,29.99250030517578,31.5,29.93000030517578,30.905000686645508,29.450456619262695,162612800
2021-10-06,30.065000534057617,31.579999923706055,29.815000534057617,31.514999389648438,30.0317440032959,234990800
2021-10-07,32.33000183105469,33.084999084472656,32.182498931884766,32.36750030517578,30.844120025634766,150815200
2021-10-08,32.66749954223633,32.72999954223633,31.74250030517578,31.8700008392334,30.370037078857422,157132000
2021-10-11,31.46500015258789,32.42250061035156,31.135000228881836,31.162500381469727,29.69583511352539,136215200
2021-10-12,31.542499542236328,31.655000686645508,30.65250015258789,30.844999313354492,29.39327621459961,174403600
2021-10-13,31.44499969482422,31.737499237060547,30.899999618530273,31.5674991607666,30.081769943237305,140921200
2021-10-14,32.52750015258789,33.36249923706055,32.349998474121094,33.310001373291016,31.742263793945312,121750000
2021-10-15,33.650001525878906,33.962501525878906,33.35499954223633,33.9275016784668,32.33070373535156,102858000
2021-10-18,33.5625,35.005001068115234,33.39500045776367,34.94499969482422,33.30031204223633,100876400
2021-10-19,35.2599983215332,35.75749969482422,35.06999969482422,35.712501525878906,34.03168869018555,106450800
2021-10-20,35.872501373291016,36.05500030517578,35.16999816894531,35.599998474121094,33.92448425292969,118709600
2021-10-21,35.36000061035156,36.3025016784668,35.282501220703125,36.23749923706055,34.53197479248047,92100400
2021-10-22,35.86750030517578,36.165000915527344,34.84000015258789,35.31999969482422,33.65765380859375,140248400
2021-10-25,35.747501373291016,36.682498931884766,35.18000030517578,36.380001068115234,34.66776657104492,118951600
2021-10-26,37.08000183105469,37.79999923706055,36.412498474121094,36.720001220703125,34.99177169799805,167975600
2021-10-27,36.88999938964844,37.93000030517578,36.814998626708984,37.0099983215332,35.26811981201172,145068000
2021-10-28,37.57749938964844,38.3125,37.349998474121094,38.224998474121094,36.425933837890625,130737600
2021-10-29,37.29750061035156,38.849998474121094,37.19499969482422,38.790000915527344,36.9643440246582,134514400
2021-11-01,38.95000076293945,39.23249816894531,38.29499816894531,39.17250061035156,37.3288459777832,130045600
2021-11-02,39.00749969482422,39.842498779296875,38.9900016784668,39.69499969482422,37.826751708984375,120171200
2021-11-03,39.834999084472656,41.08000183105469,39.51750183105469,40.95500183105469,39.02744674682617,145210400
2021-11-04,41.35749816894531,42.837501525878906,41.182498931884766,42.48249816894531,40.483055114746094,160879600
2021-11-05,43.1150016784668,43.415000915527344,42.182498931884766,42.63999938964844,40.63314437866211,170505600
2021-11-08,42.625,42.974998474121094,42.26499938964844,42.46500015258789,40.46637725830078,112919600
2021-11-09,42.8125,42.9474983215332,41.14250183105469,41.59000015258789,39.632564544677734,176237600
2021-11-10,40.68000030517578,41.599998474121094,39.125,39.76750183105469,37.89583969116211,193953600
2021-11-11,40.6875,40.747501373291016,39.974998474121094,40.09000015258789,38.203163146972656,115438000
2021-11-12,40.45249938964844,41.51750183105469,39.9375,41.36249923706055,39.415767669677734,127640800
2021-11-15,41.727500915527344,41.82749938964844,40.522499084472656,41.349998474121094,39.40386199951172,139458400
2021-11-16,41.0724983215332,42.352500915527344,41.01499938964844,42.20500183105469,40.2186164855957,103181600
2021-11-17,42.3025016784668,42.92250061035156,41.9474983215332,42.255001068115234,40.26626205444336,115936000
2021-11-18,42.91999816894531,43.724998474121094,42.192501068115234,43.54750061035156,41.497928619384766,173683200
2021-11-19,44.10749816894531,44.717498779296875,43.83000183105469,44.28499984741211,42.20072555541992,129214400
2021-11-22,44.8224983215332,45.84000015258789,42.71500015258789,42.75,40.73796463012695,179044800
2021-11-23,42.36249923706055,43.04249954223633,40.6974983215332,42.16749954223633,40.18287658691406,226025600
2021-11-24,41.32749938964844,42.63999938964844,40.58250045776367,42.557498931884766,40.55452346801758,198241600
2021-11-26,41.69499969482422,42.15999984741211,39.68000030517578,40.209999084472656,38.3175163269043,177682400
2021-11-29,41.54999923706055,43.040000915527344,41.33250045776367,42.70750045776367,40.69746017456055,158932000
2021-11-30,42.41999816894531,43.1974983215332,40.1775016784668,40.872501373291016,38.948829650878906,302586000
2021-12-01,42.21500015258789,42.904998779296875,38.61750030517578,38.775001525878906,36.95005416870117,302551200
2021-12-02,38.35499954223633,40.130001068115234,37.912498474121094,39.505001068115234,37.645694732666016,396432800
2021-12-03,40.0,40.31999969482422,36.23249816894531,37.52000045776367,35.75411605834961,480573600
2021-12-06,37.647499084472656,38.81999969482422,36.38249969482422,38.397499084472656,36.5903205871582,304828000
2021-12-07,40.442501068115234,42.06999969482422,40.435001373291016,41.86000061035156,39.889854431152344,270578400
2021-12-08,41.97249984741211,42.5,41.36750030517578,42.442501068115234,40.4449462890625,205243600
2021-12-09,42.037498474121094,42.627498626708984,40.5,40.61000061035156,38.69868469238281,212802000
2021-12-10,41.442501068115234,41.95750045776367,40.44499969482422,41.86750030517578,39.897003173828125,203075200
2021-12-13,41.86750030517578,41.97249984741211,39.94499969482422,40.067501068115234,38.18172073364258,179145200
2021-12-14,38.529998779296875,39.38999938964844,37.45750045776367,38.875,37.045345306396484,230933600
2021-12-15,38.7400016784668,41.567501068115234,37.50749969482422,41.4474983215332,39.496768951416016,269061200
2021-12-16,41.752498626708984,41.904998779296875,37.73749923706055,38.28499984741211,36.483116149902344,296220000
2021-12-17,37.20750045776367,38.9474983215332,36.75,37.70000076293945,35.92564010620117,300020800
2021-12-20,36.255001068115234,36.8125,35.625,36.5724983215332,34.85121154785156,241866000
2021-12-21,37.540000915527344,39.11249923706055,36.4275016784668,39.01750183105469,37.18113327026367,219124800
2021-12-22,38.89500045776367,40.5,38.70500183105469,40.40999984741211,38.50809860229492,177222800
2021-12-23,40.54249954223633,41.8224983215332,40.49250030517578,41.369998931884766,39.42291259765625,131308400
2021-12-27,41.772499084472656,43.38249969482422,41.75,43.34749984741211,41.30733871459961,125963200
2021-12-28,43.689998626708984,43.744998931884766,42.50749969482422,42.837501525878906,40.82134246826172,144825200
2021-12-29,42.82749938964844,43.247501373291016,41.98749923706055,42.77000045776367,40.75702667236328,115494800
2021-12-30,42.692501068115234,43.415000915527344,42.192501068115234,42.369998931884766,40.37583923339844,113271600
2021-12-31,42.157501220703125,42.599998474121094,41.4275016784668,41.58250045776367,39.625423431396484,120497200
2022-01-03,41.95750045776367,42.86000061035156,41.279998779296875,42.782501220703125,40.76893615722656,153010400
2022-01-04,42.95750045776367,42.97249984741211,40.09749984741211,41.119998931884766,39.1846809387207,213296400
2022-01-05,40.595001220703125,40.93000030517578,37.25,37.337501525878906,35.5802116394043,266490400
2022-01-06,36.75749969482422,38.20249938964844,36.10499954223633,37.23500061035156,35.48252487182617,308453200
2022-01-07,37.224998474121094,37.73500061035156,35.5,36.01750183105469,34.32233428955078,285426800
2022-01-10,34.587501525878906,36.23500061035156,33.025001525878906,36.150001525878906,34.4485969543457,358434800
2022-01-11,35.85749816894531,37.75749969482422,35.2599983215332,37.7400016784668,35.963768005371094,308653600
2022-01-12,38.49250030517578,38.98249816894531,37.470001220703125,38.16999816894531,36.373531341552734,276742400
2022-01-13,38.564998626708984,38.775001525878906,35.0099983215332,35.400001525878906,33.73389434814453,173531800
2022-01-14,34.54499816894531,36.03499984741211,34.5,35.935001373291016,34.24372100830078,178451600
2022-01-18,34.244998931884766,34.86000061035156,33.029998779296875,33.345001220703125,31.775617599487305,155320000
2022-01-19,33.68000030517578,34.35499954223633,32.08000183105469,32.185001373291016,30.670207977294922,183284400
2022-01-20,33.0099983215332,34.09000015258789,30.75,30.940000534057617,29.48380470275879,172197000
2022-01-21,30.309999465942383,31.014999389648438,28.25,28.334999084472656,27.00140953063965,342054600
2022-01-24,26.924999237060547,28.875,24.084999084472656,28.7450008392334,27.392112731933594,510169200
2022-01-25,27.075000762939453,28.155000686645508,25.875,26.625,25.371889114379883,347498000
2022-01-26,28.4950008392334,29.424999237060547,25.684999465942383,26.575000762939453,25.32424545288086,415676200
2022-01-27,27.700000762939453,28.1200008392334,25.520000457763672,25.780000686645508,24.566659927368164,323528200
2022-01-28,26.200000762939453,28.229999542236328,25.049999237060547,28.184999465942383,26.858470916748047,334032400
2022-01-31,28.524999618530273,31.030000686645508,28.110000610351562,30.915000915527344,29.459980010986328,227502200
2022-02-01,31.209999084472656,31.674999237060547,29.864999771118164,31.5049991607666,30.0222110748291,203691600
2022-02-02,32.61000061035156,32.685001373291016,31.174999237060547,32.25,30.732149124145508,201630400
2022-02-03,29.65999984741211,30.53499984741211,28.059999465942383,28.3700008392334,27.03476333618164,211150000
2022-02-04,28.434999465942383,30.204999923706055,27.94499969482422,29.350000381469727,27.96863555908203,193068800
2022-02-07,29.53499984741211,30.135000228881836,28.360000610351562,28.684999465942383,27.334938049316406,153912200
2022-02-08,28.399999618530273,29.915000915527344,28.114999771118164,29.65999984741211,28.26405143737793,158593200
2022-02-09,30.780000686645508,31.540000915527344,30.3799991607666,31.5,30.017446517944336,151075400
2022-02-10,29.655000686645508,31.454999923706055,28.899999618530273,29.40999984741211,28.025815963745117,254286600
2022-02-11,29.389999389648438,29.774999618530273,26.280000686645508,26.639999389648438,25.386184692382812,268511200
2022-02-14,26.450000762939453,27.485000610351562,25.850000381469727,26.71500015258789,25.457658767700195,190125000
2022-02-15,27.915000915527344,28.719999313354492,27.674999237060547,28.649999618530273,27.301584243774414,163444600
2022-02-16,28.135000228881836,28.899999618530273,27.350000381469727,28.645000457763672,27.29682159423828,186181000
2022-02-17,27.81999969482422,28.024999618530273,25.985000610351562,26.104999542236328,24.87636375427246,157671200
2022-02-18,26.295000076293945,26.395000457763672,24.655000686645508,25.219999313354492,24.03301429748535,226165400
2022-02-22,24.520000457763672,25.75,23.604999542236328,24.440000534057617,23.289730072021484,262876200
2022-02-23,25.1200008392334,25.315000534057617,22.485000610351562,22.56999969482422,21.507740020751953,260920400
2022-02-24,20.3799991607666,24.924999237060547,20.30500030517578,24.780000686645508,23.613727569580078,389734800
2022-02-25,25.0,26.0049991607666,24.125,25.954999923706055,24.73342514038086,238372200
2022-02-28,25.229999542236328,26.594999313354492,24.959999084472656,26.229999542236328,24.995479583740234,243401000
2022-03-01,25.959999084472656,26.485000610351562,24.424999237060547,25.020000457763672,23.842435836791992,248145000
2022-03-02,25.334999084472656,26.524999618530273,24.709999084472656,26.21500015258789,24.98118782043457,219495800
2022-03-03,26.875,26.889999389648438,24.684999465942383,25.1200008392334,23.937725067138672,223888600
2022-03-04,24.584999084472656,24.899999618530273,23.5,24.045000076293945,22.91332244873047,231391000
2022-03-07,24.024999618530273,24.270000457763672,21.315000534057617,21.360000610351562,20.354684829711914,249752600
2022-03-08,21.19499969482422,23.0,20.385000228881836,21.065000534057617,20.073572158813477,355936000
2022-03-09,22.700000762939453,23.600000381469727,22.174999237060547,23.31999969482422,22.222442626953125,219074200
2022-03-10,22.450000762939453,22.809999465942383,21.594999313354492,22.56999969482422,21.507740020751953,225574800
2022-03-11,23.170000076293945,23.235000610351562,21.045000076293945,21.170000076293945,20.173633575439453,197814800
2022-03-14,20.905000686645508,21.565000534057617,19.780000686645508,19.93000030517578,18.99199104309082,246265200
2022-03-15,20.434999465942383,21.94499969482422,20.1200008392334,21.774999618530273,20.75015640258789,211407200
2022-03-16,22.579999923706055,24.239999771118164,21.844999313354492,24.219999313354492,23.08008575439453,326175000
2022-03-17,23.795000076293945,25.094999313354492,23.520000457763672,25.030000686645508,23.851961135864258,192061600
2022-03-18,24.729999542236328,26.704999923706055,24.46500015258789,26.584999084472656,25.333772659301758,201569600
2022-03-21,26.43000030517578,26.96500015258789,25.385000228881836,26.395000457763672,25.152719497680664,221094600
2022-03-22,26.53499984741211,28.170000076293945,26.434999465942383,27.954999923706055,26.639293670654297,186689200
2022-03-23,27.280000686645508,28.135000228881836,26.75,26.774999618530273,25.514833450317383,205499400
2022-03-24,27.21500015258789,28.545000076293945,26.704999923706055,28.510000228881836,27.168174743652344,171150600
2022-03-25,28.520000457763672,28.780000686645508,27.424999237060547,28.46500015258789,27.125293731689453,198789400
2022-03-28,28.459999084472656,29.80500030517578,28.165000915527344,29.760000228881836,28.359342575073242,183407400
2022-03-29,30.760000228881836,31.479999542236328,30.06999969482422,31.28499984741211,29.81256866455078,204013400
2022-03-30,30.84000015258789,31.270000457763672,29.899999618530273,30.344999313354492,28.916807174682617,167818800
2022-03-31,30.31999969482422,30.415000915527344,28.950000762939453,29.09000015258789,27.720874786376953,168098800
2022-04-01,29.21500015258789,29.40999984741211,28.200000762939453,28.96500015258789,27.60175895690918,176162600
2022-04-04,29.190000534057617,30.774999618530273,29.114999771118164,30.774999618530273,29.32657241821289,137515000
2022-04-05,30.40999984741211,30.579999923706055,28.43000030517578,28.739999771118164,27.387348175048828,172097600
2022-04-06,27.40999984741211,27.684999465942383,26.200000762939453,26.850000381469727,25.586305618286133,296859800
2022-04-07,26.614999771118164,27.545000076293945,25.790000915527344,27.024999618530273,25.753067016601562,229654000
2022-04-08,26.610000610351562,26.795000076293945,25.75,25.920000076293945,24.7000732421875,204182400
2022-04-11,24.915000915527344,25.135000228881836,23.975000381469727,24.079999923706055,22.946672439575195,185914600
2022-04-12,25.079999923706055,25.489999771118164,23.44499969482422,23.770000457763672,22.651262283325195,247928200
2022-04-13,23.829999923706055,25.420000076293945,23.665000915527344,25.19499969482422,24.00919532775879,190084600
2022-04-14,25.209999084472656,25.325000762939453,23.415000915527344,23.5,22.393972396850586,167843600
2022-04-18,23.235000610351562,24.0049991607666,22.90999984741211,23.565000534057617,22.455915451049805,175525400
2022-04-19,23.364999771118164,25.209999084472656,23.155000686645508,25.079999923706055,23.899612426757812,172372600
2022-04-20,25.28499984741211,25.3700008392334,23.719999313354492,23.950000762939453,22.822792053222656,215629400
2022-04-21,24.81999969482422,25.385000228881836,22.295000076293945,22.545000076293945,21.48391342163086,268626400
2022-04-22,22.524999618530273,22.78499984741211,20.639999389648438,20.7549991607666,19.778160095214844,248824800
2022-04-25,20.405000686645508,21.579999923706055,20.155000686645508,21.524999618530273,20.51192283630371,332878800
2022-04-26,21.110000610351562,21.145000457763672,19.049999237060547,19.104999542236328,18.205820083618164,332263200
2022-04-27,19.084999084472656,20.110000610351562,18.684999465942383,19.020000457763672,18.124820709228516,316698600
2022-04-28,19.915000915527344,21.364999771118164,19.139999389648438,21.030000686645508,20.04022216796875,344698400
2022-04-29,20.19499969482422,20.885000228881836,18.100000381469727,18.264999389648438,17.405349731445312,320116800
2022-05-02,18.125,19.139999389648438,17.565000534057617,19.125,18.224882125854492,311905600
2022-05-03,19.094999313354492,19.584999084472656,18.649999618530273,19.170000076293945,18.267763137817383,285565600
2022-05-04,19.2450008392334,21.225000381469727,18.264999389648438,21.06999969482422,20.07833480834961,438806800
2022-05-05,20.25,20.2549991607666,17.260000228881836,17.93000030517578,17.086124420166016,455552600
2022-05-06,17.545000076293945,18.264999389648438,16.549999237060547,17.30500030517578,16.49053955078125,466794400
2022-05-09,16.280000686645508,16.709999084472656,15.005000114440918,15.260000228881836,14.541788101196289,420419800
2022-05-10,16.360000610351562,16.540000915527344,15.140000343322754,15.78499984741211,15.04207706451416,463579600
2022-05-11,15.425000190734863,16.299999237060547,14.234999656677246,14.380000114440918,13.703204154968262,529531800
2022-05-12,13.71500015258789,14.944999694824219,13.345000267028809,14.265000343322754,13.593618392944336,590993000
2022-05-13,14.925000190734863,16.0,14.6899995803833,15.8149995803833,15.070664405822754,395948000
2022-05-16,15.5649995803833,15.890000343322754,15.09000015258789,15.324999809265137,14.603726387023926,318388000
2022-05-17,16.21500015258789,16.540000915527344,15.619999885559082,16.479999542236328,15.704363822937012,307981400
2022-05-18,15.729999542236328,15.845000267028809,13.845000267028809,14.074999809265137,13.412558555603027,328105200
2022-05-19,13.770000457763672,14.510000228881836,13.520000457763672,13.789999961853027,13.140973091125488,392015600
2022-05-20,14.324999809265137,14.420000076293945,12.46500015258789,13.670000076293945,13.026620864868164,458111200
2022-05-23,13.824999809265137,14.414999961853027,13.479999542236328,14.345000267028809,13.669853210449219,341040600
2022-05-24,13.574999809265137,13.680000305175781,12.71500015258789,13.449999809265137,12.816976547241211,366488600
2022-05-25,13.220000267028809,14.300000190734863,13.194999694824219,13.989999771118164,13.331559181213379,361283800
2022-05-26,13.880000114440918,15.390000343322754,13.84000015258789,15.15999984741211,14.446493148803711,337131600
2022-05-27,15.649999618530273,16.670000076293945,15.635000228881836,16.645000457763672,15.861599922180176,315035800
2022-05-31,16.649999618530273,17.0,15.864999771118164,16.524999618530273,15.747247695922852,369158600
2022-06-01,16.854999542236328,17.21500015258789,15.774999618530273,16.139999389648438,15.380369186401367,398894200
2022-06-02,15.960000038146973,17.489999771118164,15.725000381469727,17.450000762939453,16.62871551513672,336861400
2022-06-03,16.56999969482422,16.815000534057617,15.880000114440918,16.06999969482422,15.313664436340332,324723800
2022-06-06,16.809999465942383,17.065000534057617,16.0,16.270000457763672,15.504252433776855,300958600
2022-06-07,15.710000038146973,16.799999237060547,15.524999618530273,16.665000915527344,15.880661010742188,274886600
2022-06-08,16.540000915527344,16.969999313354492,16.165000915527344,16.325000762939453,15.556663513183594,225706000
2022-06-09,16.03499984741211,16.530000686645508,14.96500015258789,14.994999885559082,14.28925895690918,275959400
2022-06-10,14.130000114440918,14.3100004196167,13.335000038146973,13.395000457763672,12.764564514160156,343352200
2022-06-13,12.135000228881836,12.489999771118164,11.40999984741211,11.539999961853027,10.996870040893555,426731400
2022-06-14,11.819999694824219,11.9350004196167,11.260000228881836,11.614999771118164,11.068340301513672,393201000
2022-06-15,12.029999732971191,12.960000038146973,11.670000076293945,12.449999809265137,11.864038467407227,549823000
2022-06-16,11.494999885559082,11.5600004196167,10.65999984741211,10.930000305175781,10.415576934814453,424284400
2022-06-17,11.03499984741211,11.640000343322754,10.824999809265137,11.335000038146973,10.801515579223633,441181000
2022-06-21,11.90999984741211,12.489999771118164,11.890000343322754,12.1899995803833,11.616276741027832,318408200
2022-06-22,11.854999542236328,12.725000381469727,11.774999618530273,12.145000457763672,11.573393821716309,388973600
2022-06-23,12.470000267028809,12.78499984741211,12.085000038146973,12.664999961853027,12.068918228149414,365372800
2022-06-24,13.055000305175781,14.020000457763672,13.024999618530273,13.989999771118164,13.331559181213379,303635000
2022-06-27,14.175000190734863,14.25,13.5,13.65999984741211,13.017090797424316,338262000
2022-06-28,13.729999542236328,14.104999542236328,12.380000114440918,12.414999961853027,11.830687522888184,373741600
2022-06-29,12.390000343322754,12.645000457763672,12.050000190734863,12.4399995803833,11.854510307312012,380182200
2022-06-30,12.029999732971191,12.444999694824219,11.375,12.0,11.435219764709473,512407800
2022-07-01,11.800000190734863,12.25,11.550000190734863,12.194999694824219,11.621042251586914,417200800
2022-07-05,11.704999923706055,12.84000015258789,11.5,12.824999809265137,12.221388816833496,441108000
2022-07-06,12.885000228881836,13.359999656677246,12.640000343322754,13.069999694824219,12.45485782623291,412245800
2022-07-07,13.1899995803833,14.0,13.1850004196167,13.880000114440918,13.226737976074219,275732600
2022-07-08,13.494999885559082,14.154999732971191,13.354999542236328,13.944999694824219,13.288678169250488,319458400
2022-07-11,13.600000381469727,13.635000228881836,12.930000305175781,13.055000305175781,12.44056510925293,258448200
2022-07-12,13.220000267028809,13.489999771118164,12.454999923706055,12.675000190734863,12.078451156616211,319233000
2022-07-13,11.920000076293945,12.914999961853027,11.845000267028809,12.595000267028809,12.002215385437012,361151000
2022-07-14,12.234999656677246,12.84000015258789,11.8100004196167,12.725000381469727,12.126096725463867,351647000
2022-07-15,13.135000228881836,13.425000190734863,12.904999732971191,13.395000457763672,12.764564514160156,308760400
2022-07-18,13.805000305175781,14.0,12.90999984741211,13.085000038146973,12.469154357910156,319900400
2022-07-19,13.574999809265137,14.3100004196167,13.345000267028809,14.229999542236328,13.560262680053711,298643400
2022-07-20,14.329999923706055,15.125,14.220000267028809,14.944999694824219,14.241612434387207,377126200
2022-07-21,15.005000114440918,15.59000015258789,14.609999656677246,15.579999923706055,14.846725463867188,319381800
2022-07-22,15.4399995803833,15.765000343322754,14.475000381469727,14.765000343322754,14.070085525512695,298800800
2022-07-25,14.765000343322754,14.835000038146973,14.204999923706055,14.545000076293945,13.860437393188477,220897600
2022-07-26,14.244999885559082,14.28499984741211,13.524999618530273,13.664999961853027,13.021857261657715,231755600
2022-07-27,14.300000190734863,15.625,14.21500015258789,15.369999885559082,14.646608352661133,341919000
2022-07-28,15.34000015258789,15.90999984741211,14.760000228881836,15.8100004196167,15.065901756286621,324071800
2022-07-29,16.065000534057617,16.825000762939453,15.835000038146973,16.68000030517578,15.894951820373535,292146400
2022-08-01,16.389999389648438,17.209999084472656,16.219999313354492,16.655000686645508,15.871131896972656,285283000
2022-08-02,16.270000457763672,17.174999237060547,16.104999542236328,16.5,15.723424911499023,325375000
2022-08-03,16.774999618530273,17.975000381469727,16.655000686645508,17.81999969482422,16.981298446655273,294213800
2022-08-04,17.844999313354492,18.135000228881836,17.479999542236328,18.075000762939453,17.22429847717285,253567200
2022-08-05,17.21500015258789,17.989999771118164,17.075000762939453,17.645000457763672,16.81453514099121,283898600
2022-08-08,17.799999237060547,18.415000915527344,17.219999313354492,17.46500015258789,16.64301109313965,267787800
2022-08-09,17.139999389648438,17.184999465942383,16.594999313354492,16.864999771118164,16.071245193481445,218406000
2022-08-10,18.06999969482422,18.31999969482422,17.655000686645508,18.25,17.391063690185547,271554400
2022-08-11,18.665000915527344,19.010000228881836,17.834999084472656,17.975000381469727,17.129005432128906,273361000
2022-08-12,18.299999237060547,19.024999618530273,18.1200008392334,18.989999771118164,18.096237182617188,211187000
2022-08-15,18.825000762939453,19.540000915527344,18.81999969482422,19.44499969482422,18.529821395874023,196308400
2022-08-16,19.280000686645508,19.690000534057617,18.764999389648438,19.31999969482422,18.41069984436035,220755800
2022-08-17,18.7549991607666,19.165000915527344,18.274999618530273,18.649999618530273,17.772235870361328,262838400
2022-08-18,18.6299991607666,18.979999542236328,18.344999313354492,18.774999618530273,17.89134979248047,192140800
2022-08-19,18.239999771118164,18.350000381469727,17.53499984741211,17.674999237060547,16.843122482299805,224256600
2022-08-22,16.94499969482422,16.985000610351562,16.1299991607666,16.28499984741211,15.518542289733887,224975400
2022-08-23,16.21500015258789,16.674999237060547,16.100000381469727,16.229999542236328,15.466132164001465,219509800
2022-08-24,16.149999618530273,16.649999618530273,16.049999237060547,16.354999542236328,15.585250854492188,187005600
2022-08-25,16.639999389648438,17.219999313354492,16.469999313354492,17.21500015258789,16.404775619506836,222052600
2022-08-26,17.174999237060547,17.3700008392334,15.100000381469727,15.119999885559082,14.40837574005127,366276600
2022-08-29,14.675000190734863,15.0600004196167,14.479999542236328,14.654999732971191,13.96526050567627,248441000
2022-08-30,14.895000457763672,14.975000381469727,13.779999732971191,14.164999961853027,13.498321533203125,327014800
2022-08-31,14.579999923706055,14.699999809265137,13.885000228881836,13.904999732971191,13.25055980682373,341030600
2022-09-01,13.539999961853027,13.96500015258789,13.010000228881836,13.920000076293945,13.264854431152344,397320400
2022-09-02,14.319999694824219,14.520000457763672,13.085000038146973,13.34000015258789,12.712151527404785,454463000
2022-09-06,13.380000114440918,13.510000228881836,12.729999542236328,13.03499984741211,12.421506881713867,361083400
2022-09-07,13.09000015258789,13.949999809265137,13.055000305175781,13.805000305175781,13.155265808105469,331569600
2022-09-08,13.515000343322754,14.210000038146973,13.319999694824219,14.029999732971191,13.369674682617188,410799800
2022-09-09,14.34000015258789,15.010000228881836,14.329999923706055,14.920000076293945,14.217789649963379,298735800
2022-09-12,15.149999618530273,15.515000343322754,15.095000267028809,15.46500015258789,14.737138748168945,273141200
2022-09-13,14.119999885559082,14.305000305175781,12.779999732971191,12.920000076293945,12.311920166015625,391296600
2022-09-14,13.0649995803833,13.335000038146973,12.819999694824219,13.210000038146973,12.588272094726562,309291800
2022-09-15,12.9399995803833,13.274999618530273,12.324999809265137,12.545000076293945,11.954568862915039,393730600
2022-09-16,12.104999542236328,12.364999771118164,11.835000038146973,12.300000190734863,11.721097946166992,392143600
2022-09-19,11.970000267028809,12.614999771118164,11.960000038146973,12.595000267028809,12.002215385437012,302692600
2022-09-20,12.265000343322754,12.595000267028809,11.989999771118164,12.295000076293945,11.71633529663086,322118600
2022-09-21,12.404999732971191,12.960000038146973,11.614999771118164,11.619999885559082,11.073102951049805,591115200
2022-09-22,11.425000190734863,11.555000305175781,11.03499984741211,11.1899995803833,10.66334056854248,431084000
2022-09-23,10.899999618530273,10.930000305175781,10.225000381469727,10.654999732971191,10.153518676757812,561304000
2022-09-26,10.579999923706055,11.104999542236328,10.414999961853027,10.510000228881836,10.015347480773926,490607800
2022-09-27,10.90999984741211,11.175000190734863,10.25,10.520000457763672,10.024874687194824,543921200
2022-09-28,10.515000343322754,11.295000076293945,10.34000015258789,11.135000228881836,10.610930442810059,512039000
2022-09-29,10.654999732971191,10.694999694824219,9.8100004196167,10.194999694824219,9.715171813964844,540195600
2022-09-30,10.079999923706055,10.545000076293945,9.640000343322754,9.65999984741211,9.205349922180176,513197600
2022-10-03,9.850000381469727,10.505000114440918,9.680000305175781,10.329999923706055,9.843816757202148,447222600
2022-10-04,10.949999809265137,11.385000228881836,10.944999694824219,11.289999961853027,10.758636474609375,463323600
2022-10-05,10.835000038146973,11.5,10.505000114440918,11.289999961853027,10.758636474609375,458399000
2022-10-06,11.149999618530273,11.529999732971191,10.960000038146973,11.005000114440918,10.487049102783203,475087200
2022-10-07,10.4399995803833,10.454999923706055,9.579999923706055,9.75,9.291116714477539,501945200
2022-10-10,9.760000228881836,9.805000305175781,9.149999618530273,9.444999694824219,9.000468254089355,412999600
2022-10-11,9.260000228881836,9.569999694824219,8.869999885559082,9.069999694824219,8.643118858337402,529747000
2022-10-12,9.114999771118164,9.319999694824219,8.96500015258789,9.050000190734863,8.624059677124023,401483800
2022-10-13,8.260000228881836,9.8100004196167,8.15999984741211,9.654999732971191,9.200587272644043,829507200
2022-10-14,9.925000190734863,9.989999771118164,8.729999542236328,8.78499984741211,8.371533393859863,670132600
2022-10-17,9.404999732971191,9.75,9.399999618530273,9.649999618530273,9.195822715759277,460050800
2022-10-18,10.4350004196167,10.5,9.585000038146973,9.890000343322754,9.42452621459961,692553800
2022-10-19,9.704999923706055,10.119999885559082,9.505000114440918,9.770000457763672,9.310173988342285,519702200
2022-10-20,9.664999961853027,10.234999656677246,9.479999542236328,9.604999542236328,9.15294075012207,529703000
2022-10-21,9.489999771118164,10.345000267028809,9.364999771118164,10.28499984741211,9.800938606262207,627458000
2022-10-24,10.3149995803833,10.734999656677246,9.899999618530273,10.635000228881836,10.134464263916016,549244000
2022-10-25,10.739999771118164,11.319999694824219,10.734999656677246,11.274999618530273,10.744340896606445,476799600
2022-10-26,10.59000015258789,11.25,10.46500015258789,10.529999732971191,10.034407615661621,558931800
2022-10-27,10.395000457763672,10.5600004196167,9.885000228881836,9.949999809265137,9.481701850891113,513258800
2022-10-28,9.875,10.904999732971191,9.854999542236328,10.850000381469727,10.33934497833252,510777200
2022-10-31,10.59000015258789,10.6850004196167,10.244999885559082,10.475000381469727,9.981992721557617,419122200
2022-11-01,10.869999885559082,10.9350004196167,10.104999542236328,10.149999618530273,9.672287940979004,430464800
2022-11-02,10.140000343322754,10.489999771118164,9.09000015258789,9.100000381469727,8.671707153320312,662952600
2022-11-03,8.824999809265137,8.975000381469727,8.520000457763672,8.574999809265137,8.171415328979492,424463600
2022-11-04,9.0649995803833,9.175000190734863,8.425000190734863,8.975000381469727,8.552590370178223,764740400
2022-11-07,9.079999923706055,9.319999694824219,8.854999542236328,9.260000228881836,8.824177742004395,401886800
2022-11-08,9.425000190734863,9.8100004196167,9.045000076293945,9.460000038146973,9.014763832092285,592112600
2022-11-09,9.265000343322754,9.350000381469727,8.765000343322754,8.800000190734863,8.385826110839844,431138200
2022-11-10,10.074999809265137,10.770000457763672,9.850000381469727,10.725000381469727,10.220227241516113,656884800
2022-11-11,10.71500015258789,11.414999961853027,10.5600004196167,11.335000038146973,10.801515579223633,614268400
2022-11-14,11.085000038146973,11.479999542236328,10.90999984741211,11.03499984741211,10.515636444091797,428451800
2022-11-15,11.824999809265137,11.975000381469727,11.09000015258789,11.479999542236328,10.93969440460205,636531400
2022-11-16,11.25,11.289999961853027,10.90999984741211,11.015000343322754,10.49657917022705,383358800
2022-11-17,10.475000381469727,11.104999542236328,10.454999923706055,10.930000305175781,10.415576934814453,426924400
2022-11-18,11.279999732971191,11.289999961853027,10.640000343322754,10.920000076293945,10.406047821044922,389577000
2022-11-21,10.760000228881836,10.899999618530273,10.484999656677246,10.59000015258789,10.091581344604492,288222600
2022-11-22,10.664999961853027,11.050000190734863,10.414999961853027,11.03499984741211,10.515636444091797,292477200
2022-11-23,11.024999618530273,11.4350004196167,11.005000114440918,11.364999771118164,10.830102920532227,357567000
2022-11-25,11.170000076293945,11.25,11.074999809265137,11.130000114440918,10.60616683959961,134753000
2022-11-28,10.899999618530273,11.135000228881836,10.529999732971191,10.640000343322754,10.139227867126465,262765200
2022-11-29,10.65999984741211,10.710000038146973,10.234999656677246,10.385000228881836,9.896230697631836,275805400
2022-11-30,10.425000190734863,11.824999809265137,10.324999809265137,11.779999732971191,11.225573539733887,545469800
2022-12-01,11.850000381469727,12.085000038146973,11.505000114440918,11.845000267028809,11.287514686584473,411007200
2022-12-02,11.225000381469727,11.8149995803833,11.194999694824219,11.704999923706055,11.154104232788086,363310000
2022-12-05,11.4399995803833,11.600000381469727,10.930000305175781,11.114999771118164,10.591870307922363,301980000
2022-12-06,11.09000015258789,11.104999542236328,10.25,10.40999984741211,9.920050621032715,339801000
2022-12-07,10.279999732971191,10.515000343322754,10.09000015258789,10.28499984741211,9.800938606262207,347335800
2022-12-08,10.4350004196167,10.75,10.194999694824219,10.649999618530273,10.148757934570312,377840200
2022-12-09,10.524999618530273,10.845000267028809,10.385000228881836,10.444999694824219,9.95340633392334,354007800
2022-12-12,10.454999923706055,10.829999923706055,10.335000038146973,10.824999809265137,10.315521240234375,225655000
2022-12-13,12.09000015258789,12.114999771118164,10.859999656677246,11.164999961853027,10.639517784118652,695385600
2022-12-14,11.104999542236328,11.494999885559082,10.539999961853027,10.899999618530273,10.38698959350586,578911000
2022-12-15,10.430000305175781,10.515000343322754,9.675000190734863,9.819999694824219,9.357820510864258,428053200
2022-12-16,9.739999771118164,9.904999732971191,9.354999542236328,9.529999732971191,9.08146858215332,351284200
2022-12-19,9.550000190734863,9.5649995803833,8.989999771118164,9.135000228881836,8.705060958862305,310533000
2022-12-20,9.0,9.279999732971191,8.835000038146973,9.095000267028809,8.66694164276123,345762400
2022-12-21,9.204999923706055,9.625,9.114999771118164,9.489999771118164,9.043354988098145,326374600
2022-12-22,9.114999771118164,9.125,8.289999961853027,8.770000457763672,8.400613784790039,460900400
2022-12-23,8.604999542236328,8.859999656677246,8.414999961853027,8.795000076293945,8.424561500549316,330134600
2022-12-27,8.729999542236328,8.739999771118164,8.359999656677246,8.420000076293945,8.06535530090332,263200600
2022-12-28,8.375,8.600000381469727,8.050000190734863,8.079999923706055,7.739675521850586,364869200
2022-12-29,8.335000038146973,8.75,8.265000343322754,8.649999618530273,8.285667419433594,306109800
2022-12-30,8.380000114440918,8.649999618530273,8.25,8.649999618530273,8.285667419433594,301941200
2023-01-03,8.869999885559082,9.020000457763672,8.234999656677246,8.454999923706055,8.098882675170898,359851800
2023-01-04,8.664999961853027,8.744999885559082,8.270000457763672,8.585000038146973,8.223405838012695,435272800
2023-01-05,8.404999732971191,8.425000190734863,8.140000343322754,8.180000305175781,7.835466384887695,362504000
2023-01-06,8.324999809265137,8.949999809265137,8.050000190734863,8.819999694824219,8.448507308959961,466895200
2023-01-09,9.039999961853027,9.479999542236328,8.944999694824219,9.005000114440918,8.625716209411621,372042800
2023-01-10,8.90999984741211,9.244999885559082,8.850000381469727,9.244999885559082,8.855607986450195,328723000
2023-01-11,9.34000015258789,9.71500015258789,9.260000228881836,9.704999923706055,9.296234130859375,302550000
2023-01-12,9.760000228881836,9.960000038146973,9.295000076293945,9.854999542236328,9.439912796020508,561852600
2023-01-13,9.585000038146973,10.085000038146973,9.550000190734863,10.050000190734863,9.626700401306152,319566000
2023-01-17,10.029999732971191,10.255000114440918,9.904999732971191,10.104999542236328,9.679384231567383,279515800
2023-01-18,10.289999961853027,10.454999923706055,9.694999694824219,9.729999542236328,9.320178985595703,373300200
2023-01-19,9.53499984741211,9.654999732971191,9.289999961853027,9.425000190734863,9.028024673461914,332741400
2023-01-20,9.59000015258789,10.225000381469727,9.479999542236328,10.194999694824219,9.765595436096191,322650400
2023-01-23,10.274999618530273,11.0,10.1899995803833,10.864999771118164,10.407374382019043,388084200
2023-01-24,10.680000305175781,10.9350004196167,10.619999885559082,10.800000190734863,10.345110893249512,290013000
2023-01-25,10.279999732971191,10.795000076293945,9.989999771118164,10.720000267028809,10.268482208251953,436167200
2023-01-26,11.109999656677246,11.359999656677246,10.800000190734863,11.34000015258789,10.8623685836792,406837800
2023-01-27,11.180000305175781,11.90999984741211,11.164999961853027,11.664999961853027,11.173680305480957,376822200
2023-01-30,11.274999618530273,11.449999809265137,10.925000190734863,10.96500015258789,10.50316333770752,347816000
2023-01-31,10.970000267028809,11.460000038146973,10.949999809265137,11.454999923706055,10.972524642944336,316513800
2023-02-01,11.430000305175781,12.475000381469727,11.180000305175781,12.194999694824219,11.681355476379395,543277600
2023-02-02,12.979999542236328,13.725000381469727,12.875,13.454999923706055,12.888285636901855,535770200
2023-02-03,12.604999542236328,13.569999694824219,12.555000305175781,12.760000228881836,12.222557067871094,534808400
2023-02-06,12.425000190734863,12.725000381469727,12.260000228881836,12.4350004196167,11.911247253417969,323632400
2023-02-07,12.414999961853027,13.345000267028809,12.270000457763672,13.204999923706055,12.648815155029297,519789200
2023-02-08,13.024999618530273,13.149999618530273,12.404999732971191,12.494999885559082,11.968719482421875,362514400
2023-02-09,13.024999618530273,13.045000076293945,11.96500015258789,12.15999984741211,11.647829055786133,395196800
2023-02-10,11.880000114440918,12.130000114440918,11.609999656677246,11.90999984741211,11.408358573913574,367863400
2023-02-13,12.069999694824219,12.550000190734863,11.925000190734863,12.475000381469727,11.94956111907959,279739800
2023-02-14,12.270000457763672,12.869999885559082,12.024999618530273,12.744999885559082,12.20819091796875,511474400
2023-02-15,12.510000228881836,13.050000190734863,12.425000190734863,13.029999732971191,12.481186866760254,275527400
2023-02-16,12.414999961853027,12.9350004196167,12.265000343322754,12.28499984741211,11.767563819885254,388993000
2023-02-17,12.015000343322754,12.114999771118164,11.649999618530273,12.020000457763672,11.513726234436035,389804800
2023-02-21,11.550000190734863,11.725000381469727,11.145000457763672,11.175000190734863,10.704318046569824,300937600
2023-02-22,11.225000381469727,11.425000190734863,10.989999771118164,11.1850004196167,10.713896751403809,334677400
2023-02-23,11.595000267028809,11.614999771118164,10.975000381469727,11.46500015258789,10.982102394104004,359540000
2023-02-24,10.875,11.015000343322754,10.675000190734863,10.885000228881836,10.426531791687012,345563600
2023-02-27,11.239999771118164,11.399999618530273,11.050000190734863,11.119999885559082,10.651634216308594,277508800
2023-02-28,11.039999961853027,11.359999656677246,11.0,11.0649995803833,10.59895133972168,254631600
2023-03-01,11.029999732971191,11.104999542236328,10.6850004196167,10.795000076293945,10.340324401855469,308773800
2023-03-02,10.505000114440918,11.149999618530273,10.475000381469727,11.055000305175781,10.589371681213379,315874600
2023-03-03,11.25,11.765000343322754,11.1899995803833,11.729999542236328,11.235941886901855,303353200
2023-03-06,11.880000114440918,12.239999771118164,11.75,11.779999732971191,11.283833503723145,303699800
2023-03-07,11.779999732971191,11.890000343322754,11.260000228881836,11.34000015258789,10.8623685836792,352663000
2023-03-08,11.375,11.569999694824219,11.164999961853027,11.494999885559082,11.01084041595459,290985600
2023-03-09,11.555000305175781,11.854999542236328,10.795000076293945,10.890000343322754,10.431321144104004,393667400
2023-03-10,10.90999984741211,11.079999923706055,10.3100004196167,10.4399995803833,10.000273704528809,629715200
2023-03-13,10.234999656677246,11.074999809265137,10.0649995803833,10.664999961853027,10.215799331665039,659081400
2023-03-14,11.0600004196167,11.454999923706055,10.960000038146973,11.390000343322754,10.910262107849121,434325800
2023-03-15,11.085000038146973,11.609999656677246,10.914999961853027,11.555000305175781,11.06831169128418,549118800
2023-03-16,11.4399995803833,12.515000343322754,11.359999656677246,12.470000267028809,11.944772720336914,456714200
2023-03-17,12.46500015258789,12.755000114440918,12.050000190734863,12.28499984741211,11.767563819885254,403540600
2023-03-20,12.21500015258789,12.460000038146973,11.944999694824219,12.414999961853027,11.89208984375,328356000
2023-03-21,12.654999732971191,13.0,12.46500015258789,12.9399995803833,12.394975662231445,270290200
2023-03-22,12.854999542236328,13.479999542236328,12.324999809265137,12.34000015258789,11.88915729522705,475836200
2023-03-23,12.800000190734863,13.305000305175781,12.4399995803833,12.779999732971191,12.313081741333008,392994400
2023-03-24,12.720000267028809,12.920000076293945,12.420000076293945,12.90999984741211,12.43833065032959,338830200
2023-03-27,12.994999885559082,13.130000114440918,12.529999732971191,12.645000457763672,12.183014869689941,273591200
2023-03-28,12.569999694824219,12.569999694824219,12.145000457763672,12.4350004196167,11.980687141418457,236041400
2023-03-29,12.880000114440918,13.1850004196167,12.78499984741211,13.114999771118164,12.635841369628906,238730600
2023-03-30,13.40999984741211,13.545000076293945,13.244999885559082,13.470000267028809,12.977871894836426,260300000
2023-03-31,13.5,14.15999984741211,13.454999923706055,14.130000114440918,13.61375904083252,254044200
2023-04-03,13.84000015258789,14.0600004196167,13.664999961853027,14.029999732971191,13.517414093017578,250232600
2023-04-04,14.079999923706055,14.21500015258789,13.710000038146973,13.890000343322754,13.382528305053711,232180800
2023-04-05,13.734999656677246,13.760000228881836,13.204999923706055,13.444999694824219,12.953784942626953,258274000
2023-04-06,13.229999542236328,13.779999732971191,13.055000305175781,13.71500015258789,13.213921546936035,241920600
2023-04-10,13.319999694824219,13.6899995803833,13.085000038146973,13.6850004196167,13.185016632080078,237057600
2023-04-11,13.680000305175781,13.6850004196167,13.350000381469727,13.420000076293945,12.92969799041748,208521600
2023-04-12,13.670000076293945,13.744999885559082,13.0,13.0649995803833,12.587668418884277,348038600
2023-04-13,13.265000343322754,13.869999885559082,13.244999885559082,13.8149995803833,13.31026840209961,247523000
2023-04-14,13.604999542236328,13.96500015258789,13.350000381469727,13.734999656677246,13.233189582824707,285332200
2023-04-17,13.675000190734863,13.8100004196167,13.404999732971191,13.75,13.247642517089844,228617800
2023-04-18,14.03499984741211,14.09000015258789,13.600000381469727,13.760000228881836,13.257278442382812,212829800
2023-04-19,13.4350004196167,13.869999885559082,13.420000076293945,13.729999542236328,13.228372573852539,191850600
2023-04-20,13.335000038146973,13.789999961853027,13.234999656677246,13.40999984741211,12.920064926147461,273695200
2023-04-21,13.350000381469727,13.545000076293945,13.125,13.4350004196167,12.944151878356934,228888000
2023-04-24,13.404999732971191,13.585000038146973,13.069999694824219,13.354999542236328,12.867074966430664,215290800
2023-04-25,13.140000343322754,13.225000381469727,12.585000038146973,12.600000381469727,12.13965892791748,276576000
2023-04-26,13.010000228881836,13.194999694824219,12.755000114440918,12.8100004196167,12.341985702514648,249724600
2023-04-27,13.279999732971191,13.914999961853027,13.194999694824219,13.845000267028809,13.339173316955566,255631200
2023-04-28,13.819999694824219,14.140000343322754,13.664999961853027,14.125,13.608941078186035,261072200
2023-05-01,14.069999694824219,14.265000343322754,13.9350004196167,14.085000038146973,13.570402145385742,178002600
2023-05-02,14.069999694824219,14.109999656677246,13.479999542236328,13.710000038146973,13.20910358428955,249312000
2023-05-03,13.75,14.100000381469727,13.414999961853027,13.4399995803833,12.948966979980469,340267600
2023-05-04,13.390000343322754,13.539999961853027,13.140000343322754,13.289999961853027,12.804449081420898,242621600
2023-05-05,13.5600004196167,14.229999542236328,13.515000343322754,14.104999542236328,13.58967399597168,195603200
2023-05-08,14.050000190734863,14.270000457763672,13.90999984741211,14.220000267028809,13.700470924377441,151477000
2023-05-09,13.994999885559082,14.109999656677246,13.904999732971191,13.944999694824219,13.435518264770508,129681400
2023-05-10,14.260000228881836,14.510000228881836,13.9350004196167,14.395000457763672,13.869078636169434,303102000
2023-05-11,14.454999923706055,14.595000267028809,14.244999885559082,14.515000343322754,13.98469352722168,194683000
2023-05-12,14.59000015258789,14.649999618530273,14.085000038146973,14.364999771118164,13.840174674987793,210763400
2023-05-15,14.425000190734863,14.625,14.21500015258789,14.585000038146973,14.052135467529297,172935200
2023-05-16,14.489999771118164,14.869999885559082,14.479999542236328,14.640000343322754,14.105128288269043,159327000
2023-05-17,14.774999618530273,15.239999771118164,14.614999771118164,15.164999961853027,14.610945701599121,202209200
2023-05-18,15.199999809265137,16.020000457763672,15.199999809265137,15.979999542236328,15.39616870880127,271867600
2023-05-19,16.014999389648438,16.1200008392334,15.725000381469727,15.869999885559082,15.290188789367676,198058400
2023-05-22,15.84000015258789,16.18000030517578,15.835000038146973,16.03499984741211,15.449161529541016,166624800
2023-05-23,15.779999732971191,15.949999809265137,15.364999771118164,15.414999961853027,14.851812362670898,212630000
2023-05-24,15.135000228881836,15.350000381469727,14.885000228881836,15.164999961853027,14.610945701599121,235945000
2023-05-25,16.18000030517578,16.434999465942383,15.84000015258789,16.260000228881836,15.665939331054688,261747000
2023-05-26,16.405000686645508,17.625,16.395000457763672,17.489999771118164,16.851003646850586,252784400
2023-05-30,18.155000686645508,18.334999084472656,17.520000457763672,17.735000610351562,17.087053298950195,270612800
2023-05-31,17.485000610351562,17.795000076293945,17.200000762939453,17.375,16.740203857421875,210289000
2023-06-01,17.3700008392334,18.21500015258789,17.204999923706055,18.0049991607666,17.347183227539062,216759200
2023-06-02,18.280000686645508,18.594999313354492,18.0049991607666,18.40999984741211,17.737390518188477,216505600
2023-06-05,18.3799991607666,18.850000381469727,18.280000686645508,18.450000762939453,17.77592658996582,206261800
2023-06-06,18.344999313354492,18.579999923706055,18.1299991607666,18.43000030517578,17.75665855407715,159509000
2023-06-07,18.469999313354492,18.780000686645508,17.385000228881836,17.489999771118164,16.851003646850586,228485400
2023-06-08,17.510000228881836,18.190000534057617,17.475000381469727,18.09000015258789,17.429079055786133,188153800
2023-06-09,18.34000015258789,18.809999465942383,18.100000381469727,18.309999465942383,17.641040802001953,207944000
2023-06-12,18.575000762939453,19.2549991607666,18.420000076293945,19.2450008392334,18.54188346862793,154857400
2023-06-13,19.684999465942383,19.815000534057617,19.15999984741211,19.674999237060547,18.956172943115234,266534200
2023-06-14,19.674999237060547,20.149999618530273,19.209999084472656,20.094999313354492,19.360828399658203,305313000
2023-06-15,19.8700008392334,21.045000076293945,19.7549991607666,20.799999237060547,20.040067672729492,255874000
2023-06-16,21.204999923706055,21.219999313354492,20.325000762939453,20.399999618530273,19.65468406677246,224810400
2023-06-20,20.145000457763672,20.540000915527344,19.799999237060547,20.299999237060547,19.55833625793457,168249800
2023-06-21,20.040000915527344,20.110000610351562,19.25,19.424999237060547,18.774494171142578,199266600
2023-06-22,19.184999465942383,20.094999313354492,19.1200008392334,20.06999969482422,19.39789581298828,210199200
2023-06-23,19.415000915527344,19.854999542236328,19.190000534057617,19.475000381469727,18.822824478149414,225152400
2023-06-26,19.3799991607666,19.834999084472656,18.670000076293945,18.704999923706055,18.0786075592041,216900000
2023-06-27,18.924999237060547,19.75,18.799999237060547,19.6299991607666,18.972631454467773,195354000
2023-06-28,19.334999084472656,20.06999969482422,19.315000534057617,19.75,19.088613510131836,217352600
2023-06-29,19.68000030517578,19.780000686645508,19.334999084472656,19.614999771118164,18.9581356048584,198266400
2023-06-30,20.200000762939453,20.674999237060547,20.145000457763672,20.5,19.81349754333496,184308800
2023-07-03,20.600000381469727,20.7450008392334,20.420000076293945,20.639999389648438,19.948808670043945,79868000
2023-07-05,20.360000610351562,20.920000076293945,20.354999542236328,20.625,19.934309005737305,139007400
2023-07-06,19.985000610351562,20.209999084472656,19.645000457763672,20.139999389648438,19.465553283691406,170473400
2023-07-07,20.094999313354492,20.6299991607666,19.889999389648438,19.934999465942383,19.267417907714844,168624800
2023-07-10,19.8799991607666,20.05500030517578,19.46500015258789,19.950000762939453,19.281917572021484,172013600
2023-07-11,20.010000228881836,20.309999465942383,19.649999618530273,20.235000610351562,19.557376861572266,162478600
2023-07-12,20.915000915527344,21.219999313354492,20.575000762939453,20.985000610351562,20.282258987426758,230335400
2023-07-13,21.510000228881836,22.18000030517578,21.415000915527344,22.030000686645508,21.292259216308594,164773200
2023-07-14,22.110000610351562,22.68000030517578,21.860000610351562,22.010000228881836,21.272930145263672,186056400
2023-07-17,22.139999389648438,22.78499984741211,22.05500030517578,22.6200008392334,21.862506866455078,145525200
2023-07-18,22.510000228881836,23.420000076293945,22.155000686645508,23.15999984741211,22.384418487548828,196113200
2023-07-19,23.364999771118164,23.56999969482422,22.90999984741211,23.15999984741211,22.384418487548828,200573800
2023-07-20,22.579999923706055,22.850000381469727,21.344999313354492,21.53499984741211,20.8138370513916,233862800
2023-07-21,21.940000534057617,22.09000015258789,21.2549991607666,21.344999313354492,20.630197525024414,205108600
2023-07-24,21.489999771118164,21.655000686645508,21.100000381469727,21.43000030517578,20.712358474731445,126429200
2023-07-25,21.540000915527344,22.139999389648438,21.540000915527344,21.860000610351562,21.127958297729492,138199200
2023-07-26,21.65999984741211,21.924999237060547,21.219999313354492,21.635000228881836,20.910491943359375,205764600
2023-07-27,22.55500030517578,22.844999313354492,21.225000381469727,21.450000762939453,20.731685638427734,261103200
2023-07-28,22.149999618530273,22.795000076293945,22.065000534057617,22.610000610351562,21.85283851623535,204487600
2023-07-31,22.665000915527344,22.854999542236328,22.40999984741211,22.655000686645508,21.896333694458008,159009200
2023-08-01,22.395000457763672,22.614999771118164,22.104999542236328,22.479999542236328,21.727191925048828,153056600
2023-08-02,21.844999313354492,21.850000381469727,20.764999389648438,21.010000228881836,20.306415557861328,258044000
2023-08-03,20.55500030517578,21.229999542236328,20.524999618530273,20.860000610351562,20.16144371032715,201340200
2023-08-04,21.19499969482422,21.584999084472656,20.485000610351562,20.56999969482422,19.881155014038086,247452800
2023-08-07,20.864999771118164,21.100000381469727,20.469999313354492,21.079999923706055,20.374073028564453,149792200
2023-08-08,20.645000457763672,20.645000457763672,20.0,20.540000915527344,19.852155685424805,188780000
2023-08-09,20.579999923706055,20.604999542236328,19.725000381469727,19.854999542236328,19.19009780883789,199430600
2023-08-10,20.329999923706055,20.875,19.684999465942383,19.94499969482422,19.277084350585938,260554200
2023-08-11,19.514999389648438,19.834999084472656,19.299999237060547,19.545000076293945,18.890478134155273,201573800
2023-08-14,19.415000915527344,20.219999313354492,19.299999237060547,20.19499969482422,19.518707275390625,142553600
2023-08-15,20.03499984741211,20.170000076293945,19.440000534057617,19.575000762939453,18.919477462768555,162553600
2023-08-16,19.459999084472656,19.709999084472656,18.90999984741211,18.924999237060547,18.291242599487305,190222000
2023-08-17,19.125,19.18000030517578,18.21500015258789,18.28499984741211,17.67267417907715,210232800
2023-08-18,17.764999389648438,18.405000686645508,17.684999465942383,18.200000762939453,17.590524673461914,247002000
2023-08-21,18.434999465942383,19.190000534057617,18.354999542236328,19.079999923706055,18.441049575805664,191487200
2023-08-22,19.485000610351562,19.489999771118164,18.885000228881836,18.9950008392334,18.35890007019043,180368000
2023-08-23,19.174999237060547,20.059999465942383,19.139999389648438,19.889999389648438,19.22392463684082,175454000
2023-08-24,20.440000534057617,20.454999923706055,18.549999237060547,18.579999923706055,17.957796096801758,232397200
2023-08-25,18.71500015258789,19.280000686645508,18.174999237060547,19.020000457763672,18.383060455322266,278289400
2023-08-28,19.475000381469727,19.584999084472656,19.040000915527344,19.44499969482422,18.793825149536133,182641000
2023-08-29,19.399999618530273,20.760000228881836,19.344999313354492,20.684999465942383,19.99230194091797,187495600
2023-08-30,20.71500015258789,21.139999389648438,20.540000915527344,21.030000686645508,20.325754165649414,185958200
2023-08-31,21.020000457763672,21.489999771118164,21.010000228881836,21.219999313354492,20.50938606262207,162242800
2023-09-01,21.604999542236328,21.68000030517578,20.875,21.145000457763672,20.43689727783203,165058400
2023-09-05,20.985000610351562,21.40999984741211,20.829999923706055,21.200000762939453,20.49005126953125,123778600
2023-09-06,21.06999969482422,21.1200008392334,20.290000915527344,20.639999389648438,19.948808670043945,148058200
2023-09-07,19.8700008392334,20.299999237060547,19.690000534057617,20.190000534057617,19.513879776000977,168623000
2023-09-08,20.155000686645508,20.6200008392334,20.084999084472656,20.25,19.57187271118164,149541600
2023-09-11,20.7450008392334,21.045000076293945,20.420000076293945,20.940000534057617,20.238759994506836,141712800
2023-09-12,20.670000076293945,20.905000686645508,20.200000762939453,20.270000457763672,19.591201782226562,155524200
2023-09-13,20.290000915527344,20.7450008392334,20.094999313354492,20.469999313354492,19.78449821472168,170849400
2023-09-14,20.75,21.1200008392334,20.399999618530273,20.950000762939453,20.248430252075195,152379800
2023-09-15,20.725000381469727,20.795000076293945,19.71500015258789,19.875,19.209426879882812,179839600
2023-09-18,19.71500015258789,20.110000610351562,19.665000915527344,19.920000076293945,19.25291633605957,124798200
2023-09-19,19.704999923706055,19.915000915527344,19.299999237060547,19.799999237060547,19.13694190979004,148741400
2023-09-20,19.885000228881836,19.950000762939453,18.850000381469727,18.875,18.307178497314453,196038400
2023-09-21,18.274999618530273,18.389999389648438,17.78499984741211,17.799999237060547,17.26451301574707,216821200
2023-09-22,18.065000534057617,18.389999389648438,17.760000228881836,17.815000534057617,17.27906608581543,188181200
2023-09-25,17.655000686645508,18.06999969482422,17.5049991607666,18.049999237060547,17.506994247436523,162538400
2023-09-26,17.655000686645508,17.739999771118164,17.084999084472656,17.2450008392334,16.726213455200195,210679400
2023-09-27,17.405000686645508,17.635000228881836,16.815000534057617,17.350000381469727,16.828052520751953,256871600
2023-09-28,17.19499969482422,18.084999084472656,17.065000534057617,17.770000457763672,17.23542022705078,268145800
2023-09-29,18.290000915527344,18.5,17.614999771118164,17.809999465942383,17.274213790893555,286858200
2023-10-02,17.834999084472656,18.450000762939453,17.739999771118164,18.235000610351562,17.68642807006836,236463200
2023-10-03,17.854999542236328,18.19499969482422,17.020000457763672,17.270000457763672,16.750457763671875,266539000
2023-10-04,17.389999389648438,18.094999313354492,17.31999969482422,17.969999313354492,17.429399490356445,252759200
2023-10-05,17.94499969482422,18.0,17.25,17.780000686645508,17.245119094848633,218006200
2023-10-06,17.325000762939453,18.844999313354492,17.204999923706055,18.674999237060547,18.11319351196289,294897400
2023-10-09,18.30500030517578,19.045000076293945,18.06999969482422,18.950000762939453,18.379920959472656,210966000
2023-10-10,19.0049991607666,19.684999465942383,18.924999237060547,19.260000228881836,18.680591583251953,216109600
2023-10-11,19.469999313354492,19.704999923706055,19.200000762939453,19.670000076293945,19.07826042175293,191710800
2023-10-12,19.735000610351562,20.024999618530273,19.059999465942383,19.440000534057617,18.855178833007812,236509200
2023-10-13,19.545000076293945,19.639999389648438,18.485000610351562,18.704999923706055,18.142288208007812,259511000
2023-10-16,18.90999984741211,19.5,18.885000228881836,19.334999084472656,18.75333595275879,173152200
2023-10-17,18.760000228881836,19.40999984741211,18.424999237060547,19.149999618530273,18.573902130126953,210387000
2023-10-18,18.735000610351562,19.09000015258789,18.165000915527344,18.34000015258789,17.788270950317383,263165200
2023-10-19,18.575000762939453,18.7549991607666,17.719999313354492,17.850000381469727,17.313011169433594,370050400
2023-10-20,17.760000228881836,17.850000381469727,17.010000228881836,17.045000076293945,16.5322265625,277722800
2023-10-23,16.834999084472656,17.704999923706055,16.530000686645508,17.19499969482422,16.677715301513672,263599000
2023-10-24,17.450000762939453,17.795000076293945,17.200000762939453,17.68000030517578,17.14812469482422,245074600
2023-10-25,17.315000534057617,17.34000015258789,16.290000915527344,16.385000228881836,15.892083168029785,328363200
2023-10-26,16.190000534057617,16.31999969482422,15.234999656677246,15.430000305175781,14.965814590454102,374047400
2023-10-27,15.789999961853027,16.114999771118164,15.475000381469727,15.649999618530273,15.179194450378418,294702200
2023-10-30,15.975000381469727,16.344999313354492,15.789999961853027,16.155000686645508,15.669002532958984,264305600
2023-10-31,16.15999984741211,16.44499969482422,15.800000190734863,16.389999389648438,15.896931648254395,222923600
2023-11-01,16.5,17.315000534057617,16.485000610351562,17.235000610351562,16.716516494750977,332635600
2023-11-02,17.8799991607666,18.190000534057617,17.700000762939453,18.149999618530273,17.603986740112305,234134000
2023-11-03,18.350000381469727,18.989999771118164,18.315000534057617,18.790000915527344,18.224735260009766,228661200
2023-11-06,18.905000686645508,19.104999542236328,18.65999984741211,19.0049991607666,18.433263778686523,183599600
2023-11-07,19.174999237060547,19.684999465942383,18.985000610351562,19.540000915527344,18.95216941833496,204502200
2023-11-08,19.600000381469727,19.71500015258789,19.21500015258789,19.575000762939453,18.986120223999023,187960200
2023-11-09,19.670000076293945,19.854999542236328,19.030000686645508,19.110000610351562,18.535104751586914,258365200
2023-11-10,19.375,20.415000915527344,19.290000915527344,20.385000228881836,19.77174949645996,248927600
2023-11-13,20.125,20.364999771118164,19.875,20.200000762939453,19.592313766479492,180430400
2023-11-14,21.235000610351562,21.639999389648438,21.145000457763672,21.469999313354492,20.82411003112793,233552400
2023-11-15,21.809999465942383,21.889999389648438,21.299999237060547,21.530000686645508,20.882307052612305,218432600
2023-11-16,21.3799991607666,21.604999542236328,21.165000915527344,21.565000534057617,20.916250228881836,178045000
2023-11-17,21.440000534057617,21.75,21.28499984741211,21.579999923706055,20.930801391601562,157517000
2023-11-20,21.575000762939453,22.475000381469727,21.56999969482422,22.350000381469727,21.677637100219727,165655600
2023-11-21,22.045000076293945,22.079999923706055,21.645000457763672,21.94499969482422,21.284818649291992,148275200
2023-11-22,22.28499984741211,22.709999084472656,22.024999618530273,22.200000762939453,21.532146453857422,171446400
2023-11-24,22.125,22.225000381469727,21.924999237060547,22.09000015258789,21.425458908081055,63975400
2023-11-27,22.0049991607666,22.3700008392334,21.885000228881836,22.024999618530273,21.36241340637207,121856400
2023-11-28,21.899999618530273,22.299999237060547,21.834999084472656,22.200000762939453,21.532146453857422,158349000
2023-11-29,22.6200008392334,22.864999771118164,22.065000534057617,22.1200008392334,21.454553604125977,177523200
2023-11-30,22.149999618530273,22.229999542236328,21.420000076293945,21.934999465942383,21.27511978149414,186394600
2023-12-01,21.7450008392334,22.219999313354492,21.459999084472656,22.1200008392334,21.454553604125977,172937600
2023-12-04,21.454999923706055,21.53499984741211,20.864999771118164,21.489999771118164,20.843505859375,181143600
2023-12-05,21.155000686645508,21.850000381469727,21.1299991607666,21.645000457763672,20.993844985961914,167540400
2023-12-06,22.139999389648438,22.15999984741211,21.204999923706055,21.260000228881836,20.620426177978516,163000600
2023-12-07,21.739999771118164,22.270000457763672,21.55500030517578,22.149999618530273,21.483652114868164,162755400
2023-12-08,21.825000762939453,22.5,21.795000076293945,22.415000915527344,21.740684509277344,181789000
2023-12-11,22.334999084472656,23.040000915527344,22.299999237060547,22.985000610351562,22.293535232543945,151540000
2023-12-12,22.989999771118164,23.549999237060547,22.78499984741211,23.540000915527344,22.831838607788086,142899400
2023-12-13,23.690000534057617,24.53499984741211,23.549999237060547,24.3700008392334,23.636869430541992,230081400
2023-12-14,24.625,24.864999771118164,23.774999618530273,24.329999923706055,23.598073959350586,202697800
2023-12-15,24.469999313354492,24.895000457763672,24.350000381469727,24.6200008392334,23.879348754882812,156731000
2023-12-18,24.7450008392334,25.299999237060547,24.684999465942383,25.135000228881836,24.37885284423828,116436000
2023-12-19,25.209999084472656,25.530000686645508,25.18000030517578,25.510000228881836,24.742572784423828,120349600
2023-12-20,25.239999771118164,25.635000228881836,24.229999542236328,24.270000457763672,23.643220901489258,176165000
2023-12-21,24.94499969482422,25.135000228881836,24.469999313354492,25.075000762939453,24.427427291870117,149089400
2023-12-22,25.299999237060547,25.469999313354492,24.81999969482422,25.174999237060547,24.524843215942383,132420000
2023-12-26,25.31999969482422,25.7549991607666,25.309999465942383,25.635000228881836,24.972965240478516,87371200
2023-12-27,25.674999237060547,25.829999923706055,25.510000228881836,25.770000457763672,25.10447883605957,111495600
2023-12-28,25.959999084472656,26.0049991607666,25.635000228881836,25.704999923706055,25.041160583496094,85768200
2023-12-29,25.690000534057617,25.760000228881836,25.0,25.350000381469727,24.695323944091797,134245400
2024-01-02,24.674999237060547,24.71500015258789,23.635000228881836,24.065000534057617,23.443511962890625,176270600
2024-01-03,23.584999084472656,23.770000457763672,23.21500015258789,23.295000076293945,22.693395614624023,167812200
2024-01-04,22.934999465942383,23.485000610351562,22.864999771118164,22.905000686645508,22.3134708404541,143735400
2024-01-05,22.93000030517578,23.459999084472656,22.735000610351562,22.989999771118164,22.39627456665039,170481600
2024-01-08,23.19499969482422,24.450000762939453,23.165000915527344,24.375,23.745506286621094,135374200
2024-01-09,23.829999923706055,24.704999923706055,23.80500030517578,24.53499984741211,23.901371002197266,148431600
2024-01-10,24.584999084472656,25.204999923706055,24.420000076293945,25.020000457763672,24.37384796142578,147621000
2024-01-11,25.225000381469727,25.485000610351562,24.200000762939453,25.139999389648438,24.490745544433594,190228400
2024-01-12,25.334999084472656,25.489999771118164,24.920000076293945,25.170000076293945,24.519975662231445,128214000
2024-01-16,24.940000534057617,25.454999923706055,24.665000915527344,25.155000686645508,24.5053653717041,145874000
2024-01-17,24.53499984741211,24.795000076293945,23.934999465942383,24.719999313354492,24.081594467163086,166554600
2024-01-18,25.295000076293945,25.860000610351562,25.05500030517578,25.780000686645508,25.11421775817871,182140800
2024-01-19,26.15999984741211,27.309999465942383,26.049999237060547,27.270000457763672,26.56574058532715,186359400
2024-01-22,27.704999923706055,27.959999084472656,27.2549991607666,27.3799991607666,26.67289924621582,149656600
2024-01-23,27.5049991607666,27.739999771118164,27.139999389648438,27.704999923706055,26.989503860473633,112172000
2024-01-24,28.475000381469727,28.950000762939453,28.059999465942383,28.15999984741211,27.432756423950195,179718600
2024-01-25,28.6299991607666,28.764999389648438,27.760000228881836,28.239999771118164,27.51068878173828,151395200
2024-01-26,27.84000015258789,28.19499969482422,27.59000015258789,27.719999313354492,27.004117965698242,128382600
2024-01-29,27.80500030517578,28.600000381469727,27.670000076293945,28.53499984741211,27.798070907592773,115977200
2024-01-30,28.344999313354492,28.459999084472656,27.799999237060547,27.96500015258789,27.24279022216797,119554400
2024-01-31,27.094999313354492,27.489999771118164,26.290000915527344,26.31999969482422,25.64027214050293,203451600
2024-02-01,26.645000457763672,27.31999969482422,26.454999923706055,27.25,26.54625701904297,162261400
2024-02-02,27.59000015258789,28.84000015258789,27.395000457763672,28.6200008392334,27.880874633789062,198505000
2024-02-05,28.594999313354492,28.709999084472656,27.78499984741211,28.475000381469727,27.739622116088867,139947800
2024-02-06,28.690000534057617,28.81999969482422,27.81999969482422,28.309999465942383,27.578880310058594,140124200
2024-02-07,28.844999313354492,29.329999923706055,28.584999084472656,29.155000686645508,28.402057647705078,131823400
2024-02-08,29.155000686645508,29.44499969482422,29.010000228881836,29.274999618530273,28.51895523071289,98922200
2024-02-09,29.514999389648438,30.30500030517578,29.354999542236328,30.135000228881836,29.35675048828125,110222000
2024-02-12,30.104999542236328,30.56999969482422,29.639999389648438,29.780000686645508,29.01091957092285,116255000
2024-02-13,28.1200008392334,28.934999465942383,27.719999313354492,28.3700008392334,27.6373348236084,188933000
2024-02-14,28.899999618530273,29.375,28.43000030517578,29.270000457763672,28.514089584350586,156151400
2024-02-15,29.405000686645508,29.604999542236328,28.864999771118164,29.514999389648438,28.752761840820312,130057200
2024-02-16,29.579999923706055,29.604999542236328,28.55500030517578,28.704999923706055,27.963682174682617,151933000
2024-02-20,28.290000915527344,28.59000015258789,27.274999618530273,28.040000915527344,27.315855026245117,163321000
2024-02-21,27.485000610351562,27.709999084472656,26.90999984741211,27.690000534057617,26.97489356994629,152898600
2024-02-22,29.389999389648438,30.299999237060547,29.2450008392334,30.084999084472656,29.30803871154785,179279200
2024-02-23,30.415000915527344,30.610000610351562,29.610000610351562,29.809999465942383,29.040138244628906,140390800
2024-02-26,29.969999313354492,30.184999465942383,29.71500015258789,29.770000457763672,29.001178741455078,109875400
2024-02-27,29.979999542236328,30.045000076293945,29.434999465942383,29.954999923706055,29.181398391723633,109399800
2024-02-28,29.514999389648438,29.764999389648438,29.274999618530273,29.469999313354492,28.70892333984375,123503400
2024-02-29,30.040000915527344,30.424999237060547,29.389999389648438,30.18000030517578,29.400588989257812,136959800
2024-03-01,30.375,31.7549991607666,30.364999771118164,31.565000534057617,30.74981689453125,140959600
2024-03-04,31.545000076293945,31.639999389648438,31.155000686645508,31.190000534057617,30.384506225585938,120418600
2024-03-05,30.549999237060547,30.549999237060547,29.010000228881836,29.520000457763672,28.757631301879883,193207000
2024-03-06,30.3700008392334,30.71500015258789,29.674999237060547,30.065000534057617,29.28856086730957,181677400
2024-03-07,30.774999618530273,31.65999984741211,30.454999923706055,31.405000686645508,30.593952178955078,142370800
2024-03-08,31.459999084472656,32.064998626708984,29.885000228881836,30.030000686645508,29.25446319580078,296451200
2024-03-11,29.704999923706055,29.940000534057617,29.280000686645508,29.68000030517578,28.913501739501953,146770000
2024-03-12,30.145000457763672,31.020000457763672,29.479999542236328,30.940000534057617,30.140960693359375,170560000
2024-03-13,30.719999313354492,30.729999542236328,29.985000610351562,30.219999313354492,29.43955421447754,143779800
2024-03-14,30.434999465942383,30.549999237060547,29.395000457763672,29.975000381469727,29.200883865356445,162480400
2024-03-15,29.344999313354492,29.459999084472656,28.645000457763672,28.8799991607666,28.1341609954834,140883800
2024-03-18,29.940000534057617,30.399999618530273,29.645000457763672,29.69499969482422,28.928112030029297,129193800
2024-03-19,29.270000457763672,29.989999771118164,28.84000015258789,29.899999618530273,29.127819061279297,118810000
2024-03-20,30.03499984741211,30.915000915527344,29.68000030517578,30.850000381469727,30.161724090576172,156556000
2024-03-21,31.875,31.975000381469727,31.209999084472656,31.25,30.55280113220215,126541800
2024-03-22,31.135000228881836,31.584999084472656,30.950000762939453,31.315000534057617,30.61635398864746,91574800
2024-03-25,30.739999771118164,31.315000534057617,30.530000686645508,30.9950008392334,30.303491592407227,86669400
2024-03-26,31.30500030517578,31.5049991607666,30.639999389648438,30.704999923706055,30.019960403442383,93986000
2024-03-27,31.28499984741211,31.315000534057617,30.354999542236328,30.975000381469727,30.283937454223633,111388600
2024-03-28,30.94499969482422,31.114999771118164,30.700000762939453,30.780000686645508,30.09328842163086,87023400
2024-04-01,30.959999084472656,31.4950008392334,30.559999465942383,30.969999313354492,30.279043197631836,112290600
2024-04-02,29.934999465942383,30.209999084472656,29.5,30.139999389648438,29.46756362915039,109672800
2024-04-03,29.700000762939453,30.729999542236328,29.690000534057617,30.34000015258789,29.663103103637695,111683800
2024-04-04,31.174999237060547,31.30500030517578,28.8700008392334,28.90999984741211,28.26500701904297,167520400
2024-04-05,29.200000762939453,30.46500015258789,29.030000686645508,29.93000030517578,29.262248992919922,154897200
2024-04-08,30.104999542236328,30.329999923706055,29.655000686645508,29.950000762939453,29.281803131103516,89725400
2024-04-09,30.405000686645508,30.469999313354492,29.290000915527344,30.260000228881836,29.58488655090332,119965000
2024-04-10,29.18000030517578,29.639999389648438,29.030000686645508,29.46500015258789,28.807626724243164,202080600
2024-04-11,29.80500030517578,31.030000686645508,29.34000015258789,30.850000381469727,30.161724090576172,146931200
2024-04-12,29.940000534057617,30.174999237060547,29.059999465942383,29.360000610351562,28.704967498779297,172589800
2024-04-15,30.100000381469727,30.114999771118164,27.719999313354492,27.885000228881836,27.262874603271484,203656200
2024-04-16,27.844999313354492,28.405000686645508,27.6200008392334,27.889999389648438,27.267763137817383,163766200
2024-04-17,28.270000457763672,28.274999618530273,26.674999237060547,26.854999542236328,26.255855560302734,171026400
2024-04-18,26.94499969482422,27.280000686645508,26.2549991607666,26.375,25.78656578063965,172781600
2024-04-19,26.139999389648438,26.235000610351562,24.424999237060547,24.739999771118164,24.188039779663086,250807600
2024-04-22,25.190000534057617,25.885000228881836,24.584999084472656,25.459999084472656,24.891977310180664,142604800
2024-04-23,25.809999465942383,26.809999465942383,25.7450008392334,26.594999313354492,26.00165557861328,151835000
2024-04-24,27.15999984741211,27.454999923706055,26.415000915527344,26.854999542236328,26.255855560302734,144316800
2024-04-25,25.450000762939453,26.594999313354492,25.239999771118164,26.424999237060547,25.835445404052734,172827200
2024-04-26,27.014999389648438,27.934999465942383,26.885000228881836,27.639999389648438,27.023340225219727,135994600
2024-04-29,28.040000915527344,28.165000915527344,27.440000534057617,27.969999313354492,27.345977783203125,102355000
2024-04-30,27.649999618530273,27.924999237060547,26.364999771118164,26.3700008392334,25.781673431396484,125248600
2024-05-01,26.075000762939453,27.399999618530273,25.635000228881836,25.799999237060547,25.224393844604492,208076800
2024-05-02,26.459999084472656,26.924999237060547,25.600000381469727,26.7549991607666,26.1580867767334,124829800
2024-05-03,28.165000915527344,28.55500030517578,27.864999771118164,28.350000381469727,27.71750259399414,150878000
2024-05-06,28.709999084472656,29.299999237060547,28.559999465942383,29.280000686645508,28.626754760742188,82530800
2024-05-07,29.360000610351562,29.614999771118164,29.139999389648438,29.280000686645508,28.626754760742188,93320400
2024-05-08,28.75,29.510000228881836,28.725000381469727,29.225000381469727,28.572978973388672,78027200
2024-05-09,29.25,29.5,28.875,29.385000228881836,28.729412078857422,81439200
2024-05-10,29.68000030517578,30.03499984741211,29.270000457763672,29.584999084472656,28.924945831298828,92669600
2024-05-13,29.959999084472656,29.985000610351562,29.489999771118164,29.780000686645508,29.115596771240234,67722000
2024-05-14,29.68000030517578,30.450000762939453,29.639999389648438,30.334999084472656,29.658212661743164,92952800
2024-05-15,30.844999313354492,31.809999465942383,30.530000686645508,31.735000610351562,31.026979446411133,130481400
2024-05-16,31.68000030517578,32.099998474121094,31.4950008392334,31.540000915527344,30.836332321166992,87715200
2024-05-17,31.545000076293945,31.68000030517578,31.010000228881836,31.469999313354492,30.76789093017578,70099600
2024-05-20,31.510000228881836,32.26499938964844,31.475000381469727,32.119998931884766,31.403390884399414,74539000
2024-05-21,31.719999313354492,32.334999084472656,31.674999237060547,32.28499984741211,31.564708709716797,62314000
2024-05-22,32.345001220703125,32.5,31.709999084472656,32.26499938964844,31.54515838623047,80039400
2024-05-23,33.25,33.255001068115234,31.399999618530273,31.78499984741211,31.07586669921875,130877800
2024-05-24,32.125,32.94499969482422,31.969999313354492,32.67499923706055,31.946002960205078,82558000
2024-05-28,32.93000030517578,33.04999923706055,32.400001525878906,33.029998779296875,32.293087005615234,83186400
2024-05-29,32.119998931884766,32.720001220703125,32.099998474121094,32.34000015258789,31.618480682373047,79282200
2024-05-30,32.125,32.150001525878906,30.9950008392334,31.299999237060547,30.601686477661133,84703600
2024-05-31,31.299999237060547,31.44499969482422,29.479999542236328,31.264999389648438,30.56746482849121,143746400
2024-06-03,31.864999771118164,32.07500076293945,30.479999542236328,31.56999969482422,30.86566162109375,111435000
2024-06-04,31.5,32.064998626708984,31.135000228881836,31.80500030517578,31.095420837402344,88491800
2024-06-05,32.560001373291016,33.7400016784668,32.32500076293945,33.724998474121094,32.97257614135742,104871400
2024-06-06,33.869998931884766,33.939998626708984,33.42499923706055,33.685001373291016,32.93347930908203,73031200
2024-06-07,33.560001373291016,34.165000915527344,33.310001373291016,33.560001373291016,32.81126403808594,89943400
2024-06-10,33.29499816894531,34.029998779296875,33.2400016784668,33.915000915527344,33.158348083496094,72041800
2024-06-11,33.65999984741211,34.65999984741211,33.33000183105469,34.6150016784668,33.84272766113281,71386800
2024-06-12,35.505001068115234,36.5099983215332,35.36000061035156,35.97999954223633,35.17727279663086,124402600
2024-06-13,36.78499984741211,36.94499969482422,36.03499984741211,36.55500030517578,35.739444732666016,87285000
2024-06-14,36.474998474121094,37.10499954223633,36.3650016784668,37.084999084472656,36.25762176513672,71555000
2024-06-17,37.13999938964844,38.86000061035156,36.834999084472656,38.43000030517578,37.572608947753906,93354600
2024-06-18,38.415000915527344,38.6150016784668,38.029998779296875,38.45000076293945,37.5921630859375,66433200
2024-06-20,38.72999954223633,38.83000183105469,37.11000061035156,37.54499816894531,36.70735168457031,105455000
2024-06-21,37.45000076293945,37.76499938964844,36.86000061035156,37.20000076293945,36.37005615234375,77341800
2024-06-24,36.90999984741211,37.314998626708984,35.900001525878906,35.939998626708984,35.138160705566406,93754600
2024-06-25,36.39500045776367,37.21500015258789,36.185001373291016,37.13999938964844,36.31138610839844,77675000
2024-06-26,36.79999923706055,37.349998474121094,36.70500183105469,37.22999954223633,36.5385856628418,72549600
2024-06-27,37.15999984741211,37.849998474121094,36.959999084472656,37.5,36.80358123779297,74115400
2024-06-28,37.64500045776367,38.76499938964844,36.724998474121094,36.90999984741211,36.22453308105469,107803000
2024-07-01,37.08000183105469,37.64500045776367,36.209999084472656,37.51499938964844,36.81829833984375,86557400
2024-07-02,37.14500045776367,38.689998626708984,37.119998931884766,38.665000915527344,37.94694900512695,74950200
2024-07-03,38.474998474121094,39.654998779296875,38.474998474121094,39.6150016784668,38.87929916381836,56150400
2024-07-05,39.78499984741211,40.92499923706055,39.71500015258789,40.814998626708984,40.05701446533203,79624600
2024-07-08,40.904998779296875,41.23500061035156,40.63999938964844,41.084999084472656,40.321998596191406,73365600
2024-07-09,41.459999084472656,41.744998931884766,40.810001373291016,41.17499923706055,40.41032791137695,72033600
2024-07-10,41.65999984741211,42.599998474121094,41.334999084472656,42.46500015258789,41.676368713378906,77554800
2024-07-11,42.48500061035156,42.529998779296875,39.349998474121094,39.67499923706055,38.93818664550781,149329000
2024-07-12,39.755001068115234,41.470001220703125,39.650001525878906,40.31999969482422,39.57120895385742,101019800
2024-07-15,40.73500061035156,41.810001373291016,40.1150016784668,40.619998931884766,39.86563491821289,109900400
2024-07-16,40.970001220703125,41.17499923706055,39.869998931884766,40.650001525878906,39.895076751708984,83637600
2024-07-17,38.665000915527344,38.78499984741211,37.04499816894531,37.07500076293945,36.386478424072266,142840000
2024-07-18,37.904998779296875,37.959999084472656,35.775001525878906,36.52000045776367,35.84178161621094,131678400
2024-07-19,36.400001525878906,36.98500061035156,35.220001220703125,35.529998779296875,34.87016677856445,118249600
2024-07-22,36.82500076293945,37.314998626708984,36.060001373291016,37.08000183105469,36.391380310058594,112808600
2024-07-23,36.8650016784668,37.564998626708984,36.56999969482422,36.68000030517578,35.99880599975586,87127000
2024-07-24,35.1150016784668,35.189998626708984,32.525001525878906,32.724998474121094,32.11725616455078,159575200
2024-07-25,32.779998779296875,33.66999816894531,31.065000534057617,31.635000228881836,31.047500610351562,188128000
2024-07-26,32.5,33.16999816894531,31.889999389648438,32.540000915527344,31.935693740844727,137407000
2024-07-29,33.1349983215332,33.595001220703125,32.2599983215332,32.72999954223633,32.122161865234375,115640800
2024-07-30,33.13999938964844,33.29499816894531,30.670000076293945,31.395000457763672,30.811960220336914,143063600
2024-07-31,33.4900016784668,34.5,33.189998626708984,34.13999938964844,33.5059814453125,173408400
2024-08-01,34.290000915527344,35.11000061035156,30.850000381469727,31.68000030517578,31.091663360595703,210693200
2024-08-02,29.825000762939453,30.360000610351562,28.5,29.3700008392334,28.824565887451172,209844000
2024-08-05,24.665000915527344,28.094999313354492,24.399999618530273,26.809999465942383,26.312103271484375,287924400
2024-08-06,27.065000534057617,28.875,26.56999969482422,27.479999542236328,26.969663619995117,192909400
2024-08-07,28.78499984741211,29.2549991607666,26.5,26.594999313354492,26.101099014282227,182751600
2024-08-08,27.725000381469727,29.174999237060547,27.0049991607666,29.030000686645508,28.490877151489258,152879200
2024-08-09,28.719999313354492,29.764999389648438,28.5,29.424999237060547,28.8785400390625,125592400
2024-08-12,29.614999771118164,30.200000762939453,29.05500030517578,29.625,29.0748291015625,108972600
2024-08-13,30.479999542236328,31.854999542236328,30.450000762939453,31.780000686645508,31.189807891845703,108962800
2024-08-14,31.9950008392334,32.31999969482422,30.934999465942383,31.834999084472656,31.243785858154297,124710600
2024-08-15,33.064998626708984,34.314998626708984,32.994998931884766,34.22999954223633,33.59430694580078,106424800
2024-08-16,33.810001373291016,34.630001068115234,33.595001220703125,34.31999969482422,33.68263626098633,89675200
2024-08-19,34.34000015258789,35.67499923706055,33.94499969482422,35.650001525878906,34.98793411254883,91599800
2024-08-20,35.45000076293945,36.029998779296875,35.04499816894531,35.43000030517578,34.77201843261719,97859000
2024-08-21,35.59000015258789,36.33000183105469,35.209999084472656,35.915000915527344,35.24801254272461,103000800
2024-08-22,36.43000030517578,36.58000183105469,33.959999084472656,34.189998626708984,33.555049896240234,127496400
2024-08-23,35.099998474121094,35.86000061035156,34.25,35.26499938964844,34.61008834838867,128753200
2024-08-26,35.1349983215332,35.334999084472656,33.76499938964844,34.22999954223633,33.59430694580078,84981400
2024-08-27,33.8650016784668,34.75,33.42499923706055,34.52000045776367,33.87892150878906,71532600
2024-08-28,34.400001525878906,34.560001373291016,32.58000183105469,33.349998474121094,32.730648040771484,118625800
2024-08-29,33.724998474121094,34.71500015258789,32.89500045776367,33.17499923706055,32.55889892578125,120033600
2024-08-30,34.060001373291016,34.435001373291016,33.09000015258789,34.30500030517578,33.66791534423828,92946800
2024-09-03,33.630001068115234,33.65999984741211,30.645000457763672,31.174999237060547,30.596040725708008,147572600
2024-09-04,30.520000457763672,31.684999465942383,30.325000762939453,30.90999984741211,30.33596420288086,96798400
2024-09-05,30.56999969482422,31.860000610351562,30.360000610351562,31.010000228881836,30.434106826782227,110171600
2024-09-06,30.80500030517578,30.985000610351562,28.360000610351562,28.4950008392334,27.9658145904541,169904600
2024-09-09,29.28499984741211,29.7450008392334,28.670000076293945,29.55500030517578,29.006128311157227,110835000
2024-09-10,29.889999389648438,30.459999084472656,29.100000381469727,30.350000381469727,29.78636360168457,91582400
2024-09-11,30.59000015258789,32.474998474121094,28.885000228881836,32.28499984741211,31.6854305267334,163475200
2024-09-12,32.314998626708984,33.44499969482422,31.94499969482422,33.2400016784668,32.62269973754883,109802600
2024-09-13,33.07500076293945,33.935001373291016,33.025001525878906,33.67499923706055,33.049617767333984,87966600
2024-09-16,33.209999084472656,33.35499954223633,32.51499938964844,33.224998474121094,32.607967376708984,82331000
2024-09-17,33.849998474121094,34.130001068115234,32.73500061035156,33.244998931884766,32.627601623535156,103114400
2024-09-18,33.5099983215332,34.380001068115234,32.69499969482422,32.810001373291016,32.20068359375,166396200
2024-09-19,35.150001525878906,35.900001525878906,34.70500183105469,35.290000915527344,34.634620666503906,114801400
2024-09-20,35.07500076293945,35.34000015258789,34.154998779296875,35.064998626708984,34.41379928588867,96759600
2024-09-23,35.310001373291016,35.57500076293945,35.02000045776367,35.32500076293945,34.66897201538086,69837000
2024-09-24,35.63999938964844,36.04499816894531,34.689998626708984,35.82500076293945,35.15968322753906,81259600
2024-09-25,35.56999969482422,36.244998931884766,35.529998779296875,35.834999084472656,35.28275680541992,64724800
2024-09-26,37.459999084472656,37.53499984741211,35.790000915527344,36.595001220703125,36.03104782104492,107003200
2024-09-27,36.810001373291016,36.83000183105469,35.69499969482422,35.96500015258789,35.41075897216797,82930600
2024-09-30,35.72999954223633,36.310001373291016,35.09000015258789,36.244998931884766,35.686439514160156,85862800
2024-10-01,36.13999938964844,36.21500015258789,33.849998474121094,34.709999084472656,34.17509460449219,134760200
2024-10-02,34.505001068115234,35.27000045776367,33.935001373291016,34.84000015258789,34.303096771240234,79119400
2024-10-03,34.3650016784668,35.404998779296875,34.19499969482422,34.7599983215332,34.224327087402344,97749400
2024-10-04,36.0,36.08000183105469,34.88999938964844,35.98500061035156,35.430450439453125,110700400
2024-10-07,35.525001525878906,35.790000915527344,34.529998779296875,34.79999923706055,34.26371765136719,82403400
2024-10-08,35.33000183105469,36.4900016784668,35.154998779296875,36.310001373291016,35.75044631958008,77914000
2024-10-09,36.2599983215332,37.314998626708984,36.029998779296875,37.185001373291016,36.61195755004883,78696200
2024-10-10,36.65999984741211,37.474998474121094,36.36000061035156,37.05500030517578,36.48396301269531,86060600
2024-10-11,36.584999084472656,37.400001525878906,36.45000076293945,37.150001525878906,36.57749938964844,70735200
2024-10-14,37.720001220703125,38.40999984741211,37.60499954223633,38.099998474121094,37.51285171508789,67691200
2024-10-15,38.17499923706055,38.32500076293945,36.06999969482422,36.58000183105469,36.01628112792969,106307600
2024-10-16,36.619998931884766,36.744998931884766,35.834999084472656,36.560001373291016,35.996585845947266,70784200
2024-10-17,37.790000915527344,37.79999923706055,36.625,36.66999816894531,36.10489273071289,97697800
2024-10-18,37.22999954223633,37.57500076293945,37.064998626708984,37.31999969482422,36.744876861572266,64151600
2024-10-21,37.029998779296875,37.709999084472656,36.59000015258789,37.525001525878906,36.94671630859375,74995800
2024-10-22,36.904998779296875,37.974998474121094,36.72999954223633,37.6349983215332,37.055023193359375,76308000
2024-10-23,37.084999084472656,37.23500061035156,35.13999938964844,35.89500045776367,35.341835021972656,118172200
2024-10-24,36.709999084472656,36.900001525878906,36.119998931884766,36.75,36.18366241455078,78612800
2024-10-25,37.349998474121094,38.5,37.19499969482422,37.369998931884766,36.794105529785156,114826000
2024-10-28,38.095001220703125,38.095001220703125,37.33000183105469,37.404998779296875,36.82856750488281,69162200
2024-10-29,37.46500015258789,38.72999954223633,37.03499984741211,38.439998626708984,37.84761428833008,78545200
2024-10-30,38.275001525878906,38.4900016784668,37.470001220703125,37.584999084472656,37.00579071044922,80473200
2024-10-31,36.654998779296875,36.665000915527344,34.71500015258789,34.724998474121094,34.18986511230469,138905200
2024-11-01,35.040000915527344,36.18000030517578,34.98500061035156,35.46500015258789,34.918460845947266,96678800
2024-11-04,35.31999969482422,35.880001068115234,34.755001068115234,35.1349983215332,34.59354782104492,82214400
2024-11-05,35.474998474121094,36.619998931884766,35.459999084472656,36.470001220703125,35.90797424316406,79352600
2024-11-06,38.33000183105469,39.61000061035156,38.095001220703125,39.43000030517578,38.82236099243164,118794200
2024-11-07,40.08000183105469,41.46500015258789,40.04999923706055,41.275001525878906,40.6389274597168,99545200
2024-11-08,41.11000061035156,41.55500030517578,40.95500183105469,41.375,40.73738479614258,70060000
2024-11-11,41.665000915527344,41.71500015258789,40.59000015258789,41.29999923706055,40.66353988647461,70806000
2024-11-12,41.27000045776367,41.48500061035156,40.32500076293945,41.07500076293945,40.44200897216797,68286000
2024-11-13,40.93000030517578,41.54499816894531,40.34000015258789,40.89500045776367,40.26478576660156,74989000
2024-11-14,40.79499816894531,41.01499938964844,39.810001373291016,40.029998779296875,39.41311264038086,77651400
2024-11-15,38.6349983215332,38.724998474121094,36.64500045776367,37.1349983215332,36.56272506713867,120601600
2024-11-18,37.46500015258789,38.369998931884766,37.154998779296875,37.8849983215332,37.30116653442383,77551200
2024-11-19,37.275001525878906,38.775001525878906,37.209999084472656,38.64500045776367,38.04945755004883,80088200
2024-11-20,38.57500076293945,38.64500045776367,37.05500030517578,38.599998474121094,38.005149841308594,101260600
2024-11-21,39.275001525878906,39.439998626708984,37.279998779296875,38.97999954223633,38.37929153442383,109865600
2024-11-22,38.81999969482422,39.30500030517578,38.439998626708984,39.125,38.52206039428711,79934800
2024-11-25,40.08000183105469,40.435001373291016,38.77000045776367,39.30500030517578,38.699283599853516,91515800
2024-11-26,39.64500045776367,40.125,39.44499969482422,39.915000915527344,39.29988479614258,69747200
2024-11-27,39.64500045776367,39.654998779296875,38.165000915527344,38.95000076293945,38.349761962890625,78463600
2024-11-29,39.064998626708984,40.084999084472656,38.92499923706055,39.94499969482422,39.32942199707031,40865800
2024-12-02,40.2400016784668,41.474998474121094,40.14500045776367,41.2400016784668,40.604469299316406,73638200
2024-12-03,40.900001525878906,41.665000915527344,40.76499938964844,41.60499954223633,40.963836669921875,84810800
2024-12-04,42.435001373291016,43.185001373291016,42.255001068115234,43.125,42.46041488647461,69992600
2024-12-05,43.125,43.31999969482422,42.66999816894531,42.77000045776367,42.11088943481445,54020400
2024-12-06,42.88999938964844,43.935001373291016,42.86000061035156,43.869998931884766,43.193939208984375,62740600
2024-12-09,43.625,43.83000183105469,42.540000915527344,42.845001220703125,42.18473434448242,69577600
2024-12-10,43.125,43.560001373291016,42.025001525878906,42.380001068115234,41.726898193359375,71541600
2024-12-11,43.439998626708984,44.810001373291016,43.34000015258789,44.64500045776367,43.956993103027344,74897800
2024-12-12,44.064998626708984,44.3849983215332,43.63999938964844,43.7599983215332,43.08563232421875,66348400
2024-12-13,44.709999084472656,45.3849983215332,43.92499923706055,44.70000076293945,44.01114273071289,79663600
2024-12-16,45.36000061035156,46.89500045776367,45.334999084472656,46.64500045776367,45.92617416381836,69967600
2024-12-17,46.165000915527344,46.45500183105469,45.584999084472656,46.02000045776367,45.3108024597168,69168200
2024-12-18,45.82500076293945,46.28499984741211,40.64500045776367,41.04499816894531,40.412471771240234,134849200
2024-12-19,42.1349983215332,42.26499938964844,40.375,40.46500015258789,39.84141540527344,113317600
2024-12-20,39.529998779296875,42.93000030517578,39.25,41.51499938964844,40.87522888183594,145241000
2024-12-23,41.724998474121094,42.619998931884766,40.915000915527344,42.529998779296875,42.01373291015625,83645800
2024-12-24,42.974998474121094,44.2400016784668,42.81999969482422,44.220001220703125,43.683223724365234,48139600
2024-12-26,43.810001373291016,44.540000915527344,43.29499816894531,44.125,43.58937454223633,59062000
2024-12-27,43.185001373291016,43.29499816894531,41.13999938964844,42.33000183105469,41.8161735534668,102139000
2024-12-30,40.599998474121094,41.529998779296875,39.70500183105469,40.630001068115234,40.136802673339844,102844000
2024-12-31,40.900001525878906,41.08000183105469,39.34000015258789,39.564998626708984,39.08472442626953,105177600
2025-01-02,40.27000045776367,40.80500030517578,38.26499938964844,39.314998626708984,38.83776092529297,141370600
2025-01-03,39.994998931884766,41.45500183105469,39.810001373291016,41.20000076293945,40.699886322021484,92431600
2025-01-06,42.48500061035156,43.42499923706055,42.01499938964844,42.60499954223633,42.087833404541016,92050000
2025-01-07,42.86000061035156,42.94499969482422,39.85499954223633,40.310001373291016,39.8206901550293,111021000
2025-01-08,40.279998779296875,40.70500183105469,39.220001220703125,40.34000015258789,39.85032653808594,96021200
2025-01-10,39.400001525878906,39.40999984741211,37.6150016784668,38.415000915527344,37.94868850708008,145651600
2025-01-13,37.025001525878906,38.099998474121094,36.66999816894531,38.01499938964844,37.55354690551758,113382000
2025-01-14,38.7400016784668,39.029998779296875,37.095001220703125,37.880001068115234,37.420188903808594,125271000
2025-01-15,39.654998779296875,40.73500061035156,39.29999923706055,40.439998626708984,39.9491081237793,106919200
2025-01-16,41.005001068115234,41.025001525878906,39.599998474121094,39.6150016784668,39.13412094116211,93055400
2025-01-17,41.845001220703125,41.970001220703125,40.91999816894531,41.56999969482422,41.065391540527344,87352200
2025-01-21,42.224998474121094,42.57500076293945,41.165000915527344,42.2599983215332,41.747013092041016,83451800
2025-01-22,43.41999816894531,44.45500183105469,43.35499954223633,43.900001525878906,43.36710739135742,86265400
2025-01-23,43.27000045776367,44.189998626708984,43.1349983215332,44.16999816894531,43.63383483886719,60481000
2025-01-24,44.21500015258789,44.415000915527344,43.005001068115234,43.375,42.84848403930664,72479200
2025-01-27,38.790000915527344,40.51499938964844,38.59000015258789,39.56999969482422,39.08967208862305,161821600
2025-01-28,39.790000915527344,41.584999084472656,39.0,41.32500076293945,40.82337188720703,101033400
2025-01-29,41.45500183105469,41.4900016784668,40.130001068115234,41.06999969482422,40.57146453857422,118481200
2025-01-30,41.73500061035156,42.29499816894531,40.43000030517578,41.584999084472656,41.080204010009766,115171000
2025-01-31,42.459999084472656,43.54499816894531,41.09000015258789,41.36000061035156,40.857940673828125,118146600
2025-02-03,39.26499938964844,40.994998931884766,38.66999816894531,40.36000061035156,39.870079040527344,153257000
2025-02-04,40.45500183105469,41.970001220703125,40.3650016784668,41.82500076293945,41.31729507446289,84634600
2025-02-05,41.17499923706055,42.40999984741211,40.880001068115234,42.369998931884766,41.85567855834961,79694800
2025-02-06,42.47999954223633,43.064998626708984,42.095001220703125,43.005001068115234,42.482975006103516,76431000
2025-02-07,43.130001068115234,43.595001220703125,41.17499923706055,41.3650016784668,40.86288070678711,110870400
2025-02-10,42.3650016784668,43.099998474121094,42.25,42.81999969482422,42.30021667480469,65594200
2025-02-11,42.03499984741211,42.994998931884766,42.005001068115234,42.51499938964844,41.99892044067383,62602800
2025-02-12,41.13999938964844,42.80500030517578,41.04999923706055,42.599998474121094,42.082889556884766,96986600
2025-02-13,42.9900016784668,44.47999954223633,42.790000915527344,44.39500045776367,43.856101989746094,92920200
2025-02-14,44.404998779296875,45.09000015258789,44.29999923706055,44.915000915527344,44.369789123535156,76057400
2025-02-18,45.314998626708984,45.375,44.375,45.19499969482422,44.64638900756836,68825200
2025-02-19,45.0,45.560001373291016,44.459999084472656,45.20000076293945,44.651329040527344,68515800
2025-02-20,45.025001525878906,45.1150016784668,43.44499969482422,44.650001525878906,44.10800552368164,80266000
2025-02-21,44.8849983215332,44.89500045776367,41.73500061035156,41.85499954223633,41.34693145751953,118627200
2025-02-24,42.25,42.525001525878906,40.25,40.349998474121094,39.860198974609375,106467400
2025-02-25,40.165000915527344,40.189998626708984,37.88999938964844,38.810001373291016,38.338897705078125,151194400
2025-02-26,39.290000915527344,40.224998474121094,38.345001220703125,39.060001373291016,38.58586502075195,126351400
2025-02-27,39.86000061035156,40.084999084472656,35.7400016784668,35.81999969482422,35.38519287109375,206751000
2025-02-28,35.72999954223633,37.584999084472656,35.040000915527344,37.459999084472656,37.005279541015625,186358000
2025-03-03,38.185001373291016,38.525001525878906,34.220001220703125,35.040000915527344,34.614662170410156,183891600
2025-03-04,34.380001068115234,36.3849983215332,33.005001068115234,34.654998779296875,34.23432922363281,261673800
2025-03-05,34.775001525878906,36.345001220703125,33.744998931884766,36.005001068115234,35.56794738769531,201266600
2025-03-06,34.19499969482422,35.25,32.584999084472656,33.02000045776367,32.619178771972656,245645400
2025-03-07,32.779998779296875,34.005001068115234,31.44499969482422,33.70500183105469,33.295867919921875,270354600
2025-03-10,32.0,32.095001220703125,28.940000534057617,29.905000686645508,29.5419921875,312271600
2025-03-11,29.700000762939453,30.924999237060547,28.684999465942383,29.55500030517578,29.196239471435547,278978600
2025-03-12,30.969999313354492,31.329999923706055,29.579999923706055,30.565000534057617,30.19398307800293,283837200
2025-03-13,30.399999618530273,30.424999237060547,28.520000457763672,28.895000457763672,28.544252395629883,242454600
2025-03-14,29.854999542236328,31.114999771118164,29.75,30.94499969482422,30.569366455078125,198217000
2025-03-17,30.940000534057617,32.13999938964844,30.575000762939453,31.545000076293945,31.162084579467773,180300800
2025-03-18,30.885000228881836,30.889999389648438,29.5049991607666,29.954999923706055,29.591384887695312,175652400
2025-03-19,30.34000015258789,31.954999923706055,29.969999313354492,31.1200008392334,30.74224281311035,185186400
2025-03-20,30.329999923706055,31.815000534057617,30.184999465942383,30.799999237060547,30.426124572753906,176818200
2025-03-21,29.764999389648438,31.209999084472656,29.53499984741211,31.09000015258789,30.71260643005371,160982000
2025-03-24,32.529998779296875,33.26499938964844,32.40999984741211,33.064998626708984,32.663631439208984,126823000
2025-03-25,33.2400016784668,33.685001373291016,33.04499816894531,33.654998779296875,33.246463775634766,111139400
2025-03-26,33.31999969482422,33.494998931884766,31.3799991607666,31.690000534057617,31.39768409729004,157006400
2025-03-27,31.299999237060547,32.1150016784668,30.875,31.149999618530273,30.8626651763916,144736000
2025-03-28,30.770000457763672,30.905000686645508,28.485000610351562,28.670000076293945,28.405540466308594,207264200
2025-03-31,27.360000610351562,28.815000534057617,26.520000457763672,28.649999618530273,28.385723114013672,213709000
2025-04-01,28.34000015258789,29.4950008392334,27.809999465942383,29.309999465942383,29.039634704589844,194196400
2025-04-02,28.094999313354492,30.600000381469727,28.045000076293945,29.96500015258789,29.688594818115234,246174800
2025-04-03,26.21500015258789,26.915000915527344,25.05500030517578,25.149999618530273,24.918010711669922,280231400
2025-04-04,22.9950008392334,23.389999389648438,20.514999389648438,20.545000076293945,20.355485916137695,516053400
2025-04-07,18.375,23.415000915527344,17.5,20.625,20.434749603271484,791455200
2025-04-08,22.69499969482422,23.405000686645508,18.549999237060547,19.450000762939453,19.27058982849121,502295400
2025-04-09,19.3799991607666,26.704999923706055,19.364999771118164,26.30500030517578,26.06235694885254,713864000
2025-04-10,24.34000015258789,24.670000076293945,20.78499984741211,23.06999969482422,22.857196807861328,563385400
2025-04-11,22.834999084472656,24.53499984741211,22.309999465942383,24.290000915527344,24.065940856933594,358585800
2025-04-14,25.950000762939453,26.024999618530273,24.03499984741211,24.799999237060547,24.571237564086914,294861400
2025-04-15,24.979999542236328,25.604999542236328,24.594999313354492,24.895000457763672,24.665363311767578,209340200
2025-04-16,23.415000915527344,24.0049991607666,21.579999923706055,22.645000457763672,22.43611717224121,269148800
2025-04-17,23.045000076293945,23.145000457763672,22.174999237060547,22.579999923706055,22.371715545654297,202191600
2025-04-21,21.684999465942383,21.81999969482422,20.1200008392334,20.93000030517578,20.7369384765625,229539400
2025-04-22,21.729999542236328,22.989999771118164,21.549999237060547,22.530000686645508,22.32217788696289,260222800
2025-04-23,24.6200008392334,25.415000915527344,23.815000534057617,24.024999618530273,23.803386688232422,303995400
2025-04-24,24.3700008392334,26.139999389648438,24.270000457763672,26.06999969482422,25.82952308654785,240615400
2025-04-25,26.020000457763672,27.03499984741211,25.739999771118164,26.93000030517578,26.681591033935547,226103200
2025-04-28,27.010000228881836,27.31999969482422,25.81999969482422,26.90999984741211,26.661773681640625,191356800
2025-04-29,26.520000457763672,27.584999084472656,26.415000915527344,27.434999465942383,27.18193244934082,169808000
2025-04-30,25.979999542236328,27.709999084472656,25.15999984741211,27.440000534057617,27.186885833740234,268446600
2025-05-01,28.780000686645508,29.44499969482422,28.315000534057617,28.385000228881836,28.1231689453125,205481600
2025-05-02,29.31999969482422,30.094999313354492,29.014999389648438,29.71500015258789,29.440900802612305,195097800
2025-05-05,28.950000762939453,29.75,28.850000381469727,29.200000762939453,28.930652618408203,138579000
2025-05-06,28.030000686645508,29.020000457763672,27.78499984741211,28.3700008392334,28.108308792114258,165885800
2025-05-07,28.479999542236328,29.1299991607666,27.545000076293945,28.700000762939453,28.435264587402344,207867200
2025-05-08,29.600000381469727,30.354999542236328,28.829999923706055,29.55500030517578,29.282377243041992,197621600
2025-05-09,29.899999618530273,30.135000228881836,29.165000915527344,29.485000610351562,29.213022232055664,146818800
2025-05-12,32.92499923706055,33.08000183105469,31.924999237060547,33.05500030517578,32.750091552734375,202490000
2025-05-13,33.334999084472656,34.93000030517578,33.18000030517578,34.56999969482422,34.25111770629883,170595400
2025-05-14,34.80500030517578,35.30500030517578,34.60499954223633,35.18000030517578,34.855491638183594,161184800
2025-05-15,34.7400016784668,35.845001220703125,34.46500015258789,35.290000915527344,34.9644775390625,161694800
2025-05-16,35.55500030517578,35.7599983215332,34.82500076293945,35.724998474121094,35.39546203613281,127627200
2025-05-19,34.23500061035156,35.93000030517578,34.21500015258789,35.81999969482422,35.489585876464844,143794200
2025-05-20,35.290000915527344,35.584999084472656,34.70000076293945,35.44499969482422,35.118045806884766,134069400
2025-05-21,34.619998931884766,35.994998931884766,33.59000015258789,33.970001220703125,33.65665054321289,219255200
2025-05-22,34.08000183105469,34.875,33.810001373291016,34.14500045776367,33.830039978027344,173542000
2025-05-23,32.54499816894531,33.66999816894531,32.43000030517578,33.15999984741211,32.8541259765625,214220800
2025-05-27,34.494998931884766,35.57500076293945,34.19499969482422,35.470001220703125,35.1428108215332,130539600
2025-05-28,35.66999816894531,35.970001220703125,34.88999938964844,35.01499938964844,34.692012786865234,132542600
2025-05-29,36.5,36.529998779296875,34.665000915527344,35.185001373291016,34.860443115234375,193248800
2025-05-30,35.064998626708984,35.29999923706055,33.52000045776367,35.0,34.67715072631836,187118200
2025-06-02,34.599998474121094,35.86000061035156,34.345001220703125,35.80500030517578,35.47472381591797,137925400
2025-06-03,35.880001068115234,36.939998626708984,35.70000076293945,36.63999938964844,36.302024841308594,128728400
2025-06-04,36.790000915527344,37.15999984741211,36.35499954223633,36.935001373291016,36.59430694580078,128889000
2025-06-05,37.224998474121094,37.82500076293945,35.650001525878906,36.07500076293945,35.74223327636719,198008800
2025-06-06,37.1349983215332,37.505001068115234,36.77000045776367,37.10499954223633,36.762733459472656,131215400
2025-06-09,37.154998779296875,37.619998931884766,36.91999816894531,37.27000045776367,36.92620849609375,100363800
2025-06-10,37.35499954223633,38.14500045776367,36.880001068115234,37.9900016784668,37.63957214355469,122693000
2025-06-11,38.29499816894531,38.540000915527344,37.11000061035156,37.599998474121094,37.2531623840332,181652000
2025-06-12,37.29999923706055,38.064998626708984,37.2599983215332,37.845001220703125,37.49591064453125,126110000
2025-06-13,36.54999923706055,37.44499969482422,36.1349983215332,36.415000915527344,36.0791015625,210666200
2025-06-16,37.11000061035156,38.125,37.11000061035156,37.900001525878906,37.5504035949707,116668600
2025-06-17,37.34000015258789,37.689998626708984,36.540000915527344,36.779998779296875,36.44072723388672,135418200
2025-06-18,36.959999084472656,37.47999954223633,36.41999816894531,36.72999954223633,36.39118957519531,142661400
2025-06-20,37.380001068115234,37.665000915527344,35.86000061035156,36.224998474121094,35.89085006713867,163355000
2025-06-23,36.3650016784668,37.46500015258789,35.709999084472656,37.349998474121094,37.005470275878906,167572800
2025-06-24,38.45500183105469,39.255001068115234,38.33000183105469,39.04999923706055,38.68979263305664,113191600
2025-06-25,39.439998626708984,39.709999084472656,38.86000061035156,39.2400016784668,38.98686599731445,101438200
2025-06-26,39.709999084472656,40.42499923706055,39.310001373291016,40.314998626708984,40.054927825927734,100144200
2025-06-27,40.51499938964844,41.125,39.92499923706055,40.709999084472656,40.44738006591797,146023600
2025-06-30,41.400001525878906,41.744998931884766,40.915000915527344,41.5,41.23228073120117,113721400
2025-07-01,41.060001373291016,41.27000045776367,39.904998779296875,40.44499969482422,40.18408966064453,140390000
2025-07-02,40.22999954223633,41.29499816894531,40.21500015258789,41.25,40.98389434814453,100285000
2025-07-03,41.744998931884766,42.64500045776367,41.744998931884766,42.404998779296875,42.13144302368164,83484600
2025-07-07,41.79999923706055,41.98500061035156,40.900001525878906,41.459999084472656,41.19253921508789,139674800
2025-07-08,41.7400016784668,41.88999938964844,41.23500061035156,41.51499938964844,41.24718475341797,115515400
2025-07-09,41.98500061035156,42.69499969482422,41.67499923706055,42.375,42.10163497924805,117976200
2025-07-10,42.51499938964844,42.61000061035156,41.56999969482422,42.18000030517578,41.90789794921875,110317800
2025-07-11,41.65999984741211,42.224998474121094,41.375,41.86000061035156,41.589962005615234,106937600
2025-07-14,41.814998626708984,42.470001220703125,41.275001525878906,42.30500030517578,42.03208923339844,97311400
2025-07-15,43.21500015258789,43.334999084472656,42.400001525878906,42.415000915527344,42.141380310058594,123257600
2025-07-16,42.529998779296875,42.67499923706055,41.220001220703125,42.53499984741211,42.2606086730957,166357600
2025-07-17,42.685001373291016,43.65999984741211,42.5,43.525001525878906,43.244224548339844,97330800
2025-07-18,43.81999969482422,43.869998931884766,43.095001220703125,43.375,43.09518814086914,98496200
2025-07-21,43.57500076293945,44.4900016784668,43.560001373291016,44.03499984741211,43.75093078613281,87720400
2025-07-22,44.064998626708984,44.08000183105469,42.73500061035156,43.349998474121094,43.07034683227539,108345200
2025-07-23,43.59000015258789,43.939998626708984,42.95000076293945,43.91999816894531,43.63667297363281,118025200
2025-07-24,44.224998474121094,44.47999954223633,43.79999923706055,44.209999084472656,43.924800872802734,90378200
2025-07-25,44.154998779296875,44.790000915527344,43.9900016784668,44.459999084472656,44.173187255859375,79003200
2025-07-28,44.79499816894531,45.095001220703125,44.59000015258789,44.89500045776367,44.605384826660156,95592000
2025-07-29,45.494998931884766,45.814998626708984,44.4900016784668,44.689998626708984,44.401702880859375,116251200
2025-07-30,44.869998931884766,45.439998626708984,44.130001068115234,44.845001220703125,44.55570602416992,145527600
2025-07-31,46.35499954223633,46.375,43.83000183105469,44.10499954223633,43.82048034667969,178874600
2025-08-01,42.625,42.65999984741211,40.93000030517578,41.459999084472656,41.19253921508789,219781200
2025-08-04,42.61000061035156,43.78499984741211,42.58000183105469,43.72999954223633,43.447898864746094,108586000
2025-08-05,44.025001525878906,44.30500030517578,42.709999084472656,42.81999969482422,42.54376983642578,152088400
2025-08-06,43.01499938964844,44.53499984741211,42.904998779296875,44.41999816894531,44.13344192504883,128995200
2025-08-07,45.44499969482422,45.834999084472656,43.90999984741211,44.869998931884766,44.580543518066406,169239200
2025-08-08,45.119998931884766,46.13999938964844,45.04999923706055,46.08000183105469,45.782737731933594,104522600
2025-08-11,46.1150016784668,46.619998931884766,45.36000061035156,45.67499923706055,45.380348205566406,94617000
2025-08-12,46.209999084472656,47.44499969482422,45.564998626708984,47.36000061035156,47.054481506347656,119469600
2025-08-13,48.025001525878906,48.15999984741211,47.09000015258789,47.43000030517578,47.12403106689453,96058600
2025-08-14,46.91999816894531,47.79499816894531,46.81999969482422,47.29999923706055,46.99486541748047,106385800
2025-08-15,47.23500061035156,47.255001068115234,46.209999084472656,46.630001068115234,46.32918930053711,96167400
2025-08-18,46.400001525878906,46.72999954223633,46.1150016784668,46.56999969482422,46.26957702636719,73371400
2025-08-19,46.3849983215332,46.43000030517578,44.40999984741211,44.66999816894531,44.381832122802734,111118600
2025-08-20,44.415000915527344,44.44499969482422,42.189998626708984,43.85499954223633,43.57209396362305,164404200
2025-08-21,43.474998474121094,43.974998474121094,42.69499969482422,43.244998931884766,42.966026306152344,119920000
2025-08-22,43.5099983215332,45.65999984741211,43.185001373291016,45.189998626708984,44.898475646972656,132726400
2025-08-25,44.810001373291016,45.4900016784668,44.51499938964844,44.79499816894531,44.50602722167969,80452600
2025-08-26,44.654998779296875,45.3849983215332,44.41999816894531,45.314998626708984,45.02267074584961,84374600
2025-08-27,45.06999969482422,45.720001220703125,44.77000045776367,45.52000045776367,45.22634506225586,90055200
2025-08-28,45.63999938964844,46.55500030517578,45.255001068115234,46.349998474121094,46.050994873046875,90658000
2025-08-29,45.709999084472656,45.79499816894531,44.244998931884766,44.68000030517578,44.39176940917969,121887000
2025-09-02,42.55500030517578,43.619998931884766,42.125,43.540000915527344,43.259124755859375,166668000
2025-09-03,44.3650016784668,44.939998626708984,43.79499816894531,44.55500030517578,44.267578125,119929800
2025-09-04,44.70000076293945,45.83000183105469,44.310001373291016,45.7599983215332,45.46480178833008,101759600
2025-09-05,46.970001220703125,47.119998931884766,44.845001220703125,45.90999984741211,45.613834381103516,172625800
2025-09-08,46.45500183105469,47.04999923706055,46.31999969482422,46.564998626708984,46.26460647583008,101696800
2025-09-09,46.75,47.05500030517578,46.119998931884766,46.94499969482422,46.64215850830078,94620800
2025-09-10,47.724998474121094,47.72999954223633,46.470001220703125,46.994998931884766,46.69183349609375,120818800
2025-09-11,47.595001220703125,47.9900016784668,47.20500183105469,47.78499984741211,47.47673797607422,91247200
2025-09-12,47.97999954223633,48.685001373291016,47.76499938964844,48.380001068115234,48.067901611328125,92235200
2025-09-15,48.81999969482422,49.6349983215332,48.78499984741211,49.6150016784668,49.2949333190918,78114400
2025-09-16,49.834999084472656,49.904998779296875,49.30500030517578,49.47999954223633,49.16080093383789,77137200
2025-09-17,49.44499969482422,49.599998474121094,47.755001068115234,49.165000915527344,48.84783935546875,147697200
2025-09-18,50.380001068115234,51.185001373291016,49.89500045776367,50.4900016784668,50.16429138183594,123401600
2025-09-19,50.939998626708984,51.64500045776367,50.57500076293945,51.4900016784668,51.157840728759766,84365400
2025-09-22,51.209999084472656,52.540000915527344,51.209999084472656,52.36000061035156,52.0222282409668,81054600
2025-09-23,52.39500045776367,52.45000076293945,50.9900016784668,51.30500030517578,50.974029541015625,99930600
2025-09-24,51.60499954223633,51.68000030517578,49.994998931884766,50.70500183105469,50.426063537597656,101055600
2025-09-25,49.70000076293945,50.435001373291016,48.75,50.025001525878906,49.74980163574219,122820600
2025-09-26,50.20000076293945,50.689998626708984,49.369998931884766,50.625,50.346500396728516,124097400
2025-09-29,51.39500045776367,52.13999938964844,50.970001220703125,51.29999923706055,51.01778793334961,92393200
2025-09-30,51.20500183105469,51.78499984741211,50.61000061035156,51.70000076293945,51.41558837890625,92323800
2025-10-01,50.8650016784668,52.56999969482422,50.650001525878906,52.43000030517578,52.141571044921875,93996400
2025-10-02,53.404998779296875,53.41999816894531,52.33000183105469,53.06999969482422,52.77804946899414,89158600
2025-10-03,53.220001220703125,53.435001373291016,51.880001068115234,52.349998474121094,52.06201171875,103096400
2025-10-06,53.70000076293945,53.939998626708984,53.064998626708984,53.52000045776367,53.2255744934082,82476800
2025-10-07,53.849998474121094,54.029998779296875,52.2599983215332,52.654998779296875,52.365333557128906,100185800
2025-10-08,52.86000061035156,54.525001525878906,52.83000183105469,54.439998626708984,54.1405143737793,86931000
2025-10-09,54.439998626708984,54.47999954223633,53.380001068115234,54.224998474121094,53.92669677734375,87956200
2025-10-10,54.3650016784668,54.83000183105469,48.415000915527344,48.53499984741211,48.268001556396484,238009400
2025-10-13,51.029998779296875,51.84000015258789,50.42499923706055,51.6150016784668,51.331058502197266,114511200
2025-10-14,49.8650016784668,51.76499938964844,48.53499984741211,50.564998626708984,50.286827087402344,147230000
2025-10-15,52.06999969482422,52.755001068115234,50.02000045776367,51.599998474121094,51.316139221191406,127069400
2025-10-16,52.34000015258789,53.165000915527344,49.875,51.025001525878906,50.744300842285156,159344000
2025-10-17,50.459999084472656,52.3849983215332,50.060001373291016,51.994998931884766,51.70896530151367,142274000
2025-10-20,52.80500030517578,54.2599983215332,52.775001525878906,53.94499969482422,53.64823532104492,79928800
2025-10-21,53.95000076293945,54.2400016784668,53.334999084472656,53.8849983215332,53.588565826416016,79811400
2025-10-22,53.724998474121094,53.869998931884766,50.790000915527344,52.29999923706055,52.01228713989258,134380800
2025-10-23,52.1349983215332,53.814998626708984,52.040000915527344,53.61000061035156,53.31507873535156,91245000
2025-10-24,54.994998931884766,55.630001068115234,54.76499938964844,55.279998779296875,54.97589111328125,84387600
2025-10-27,57.2599983215332,58.345001220703125,57.1349983215332,58.21500015258789,57.894744873046875,77489400
2025-10-28,58.82500076293945,60.040000915527344,58.529998779296875,59.54499816894531,59.217430114746094,92239400
2025-10-29,60.28499984741211,60.685001373291016,58.77000045776367,60.30500030517578,59.97325134277344,133060800
2025-10-30,59.29499816894531,59.66999816894531,57.51499938964844,57.54499816894531,57.22842788696289,127234200
2025-10-31,59.744998931884766,59.744998931884766,57.689998626708984,58.36000061035156,58.03894805908203,122666800
2025-11-03,60.0,60.209999084472656,58.540000915527344,59.15999984741211,58.83454895019531,83598000
2025-11-04,56.68000030517578,57.70500183105469,55.31999969482422,55.540000915527344,55.234466552734375,124762800
2025-11-05,55.34000015258789,57.5,54.970001220703125,56.619998931884766,56.30852127075195,109730000
2025-11-06,56.185001373291016,56.25,53.060001373291016,53.44499969482422,53.15098571777344,156461400
2025-11-07,52.5099983215332,52.91999816894531,49.97999954223633,52.88999938964844,52.59904098510742,183589400
2025-11-10,55.21500015258789,56.625,54.70500183105469,56.35499954223633,56.044979095458984,119878800
2025-11-11,55.6349983215332,56.209999084472656,54.79999923706055,55.88999938964844,55.58253860473633,102665600
2025-11-12,56.76499938964844,56.77000045776367,54.8650016784668,55.775001525878906,55.46817398071289,125708400
2025-11-13,54.78499984741211,54.939998626708984,51.70000076293945,52.33000183105469,52.0421257019043,201264400
2025-11-14,49.9900016784668,53.54499816894531,49.3849983215332,52.369998931884766,52.08190155029297,222397600
2025-11-17,51.70500183105469,53.314998626708984,50.05500030517578,51.025001525878906,50.744300842285156,186327000
2025-11-18,49.98500061035156,50.66999816894531,47.900001525878906,49.18000030517578,48.909454345703125,267348000
2025-11-19,49.32500076293945,51.57500076293945,48.71500015258789,50.025001525878906,49.74980163574219,184263600
2025-11-20,52.95000076293945,53.540000915527344,46.22999954223633,46.45000076293945,46.1944694519043,178246300
2025-11-21,46.849998474121094,49.099998474121094,45.2400016784668,47.47999954223633,47.21879959106445,179618600
2025-11-24,48.70000076293945,51.45000076293945,48.66999816894531,51.08000183105469,50.79900360107422,93894200
2025-11-25,50.63999938964844,52.36000061035156,49.08000183105469,52.0099983215332,51.723880767822266,101851900
2025-11-26,52.90999984741211,53.86000061035156,52.369998931884766,53.369998931884766,53.07640075683594,75598100
2025-11-28,53.81999969482422,54.61000061035156,53.630001068115234,54.540000915527344,54.23996353149414,34381600
2025-12-01,53.11000061035156,54.650001525878906,52.81999969482422,54.04999923706055,53.752655029296875,66359600
2025-12-02,54.630001068115234,55.7599983215332,54.13999938964844,55.29999923706055,54.995784759521484,79504400
2025-12-03,54.65999984741211,55.880001068115234,54.22999954223633,55.689998626708984,55.383636474609375,69844900
2025-12-04,56.040000915527344,56.04999923706055,54.61000061035156,55.5099983215332,55.204627990722656,63958000
2025-12-05,55.86000061035156,57.08000183105469,55.68000030517578,56.150001525878906,55.84111022949219,73206000
2025-12-08,56.56999969482422,57.040000915527344,55.119998931884766,55.79999923706055,55.4930305480957,69700000
2025-12-09,55.45000076293945,56.220001220703125,55.09000015258789,56.0099983215332,55.701873779296875,48736000
2025-12-10,55.650001525878906,57.09000015258789,54.88999938964844,56.650001525878906,56.33835983276367,100261100
2025-12-11,55.630001068115234,56.15999984741211,53.97999954223633,56.11000061035156,55.80133056640625,99683900
2025-12-12,55.11000061035156,55.52000045776367,52.22999954223633,52.81999969482422,52.5294303894043,138448500
2025-12-15,54.060001373291016,54.060001373291016,51.720001220703125,52.02000045776367,51.733829498291016,98696300
2025-12-16,51.43000030517578,52.77000045776367,51.099998474121094,52.33000183105469,52.0421257019043,105953700
2025-12-17,52.650001525878906,52.79999923706055,49.369998931884766,49.400001525878906,49.128238677978516,125606200
2025-12-18,51.66999816894531,52.459999084472656,50.97999954223633,51.5099983215332,51.22663116455078,109222100
2025-12-19,52.20000076293945,53.63999938964844,52.189998626708984,53.52000045776367,53.2255744934082,72957800
2025-12-22,54.810001373291016,54.88999938964844,53.880001068115234,54.25,53.951560974121094,64783100
2025-12-23,53.970001220703125,55.06999969482422,53.86000061035156,55.0099983215332,54.70737838745117,48197100
2025-12-24,54.869998931884766,55.45000076293945,54.779998779296875,55.36000061035156,55.14166259765625,25855000
2025-12-26,55.52000045776367,55.75,55.11000061035156,55.310001373291016,55.09185791015625,37244200
2025-12-29,54.290000915527344,54.9900016784668,53.91999816894531,54.4900016784668,54.27509307861328,50635300
2025-12-30,54.20000076293945,54.81999969482422,54.040000915527344,54.099998474121094,53.886627197265625,38976800
2025-12-31,54.130001068115234,54.20000076293945,52.63999938964844,52.720001220703125,52.5120735168457,57199400
2026-01-02,54.16999816894531,54.880001068115234,51.61000061035156,52.349998474121094,52.143531799316406,107226600
2026-01-05,53.95000076293945,54.33000183105469,53.290000915527344,53.599998474121094,53.38859939575195,77968000
2026-01-06,53.91999816894531,55.16999816894531,53.7400016784668,55.0099983215332,54.79303741455078,68915800
2026-01-07,54.88999938964844,56.189998626708984,54.77000045776367,55.16999816894531,54.95240783691406,65588300
2026-01-08,54.869998931884766,54.97999954223633,53.5,54.189998626708984,53.97627258300781,83760300
2026-01-09,54.38999938964844,56.099998474121094,53.790000915527344,55.7599983215332,55.540077209472656,78706300
2026-01-12,54.599998474121094,56.34000015258789,54.58000183105469,55.88999938964844,55.6695671081543,59673900
2026-01-13,55.90999984741211,56.5,54.959999084472656,55.599998474121094,55.380714416503906,88611000
2026-01-14,54.54999923706055,54.880001068115234,52.5,53.83000183105469,53.617698669433594,117421500
2026-01-15,55.650001525878906,55.83000183105469,54.130001068115234,54.380001068115234,54.16552734375,90483000
2026-01-16,55.31999969482422,55.459999084472656,53.58000183105469,54.13999938964844,53.92646789550781,75855900
2026-01-20,51.38999938964844,52.560001373291016,50.47999954223633,50.72999954223633,50.5299186706543,129209100
2026-01-21,51.06999969482422,53.79999923706055,50.66999816894531,52.72999954223633,52.52203369140625,150230100
2026-01-22,54.31999969482422,54.33000183105469,53.150001525878906,53.900001525878906,53.68741989135742,90992300
2026-01-23,53.59000015258789,55.06999969482422,53.31999969482422,54.380001068115234,54.16552734375,78066100
2026-01-26,54.470001220703125,55.630001068115234,54.209999084472656,55.08000183105469,54.86276626586914,58084300
2026-01-27,55.97999954223633,56.79999923706055,55.560001373291016,56.540000915527344,56.31700897216797,51981200
2026-01-28,57.70000076293945,58.0099983215332,56.72999954223633,57.060001373291016,56.834957122802734,76172100
2026-01-29,56.95000076293945,57.209999084472656,53.060001373291016,56.040000915527344,55.81897735595703,122642300
2026-01-30,55.02000045776367,55.709999084472656,53.31999969482422,54.0,53.787025451660156,110170700
2026-02-02,53.15999984741211,55.709999084472656,53.150001525878906,55.099998474121094,54.88268280029297,74665800
2026-02-03,55.63999938964844,55.7599983215332,51.08000183105469,52.52000045776367,52.31285858154297,129992200
2026-02-04,52.13999938964844,52.150001525878906,48.43000030517578,49.7599983215332,49.56374740600586,142536200
2026-02-05,48.38999938964844,49.529998779296875,47.060001373291016,47.63999938964844,47.45210647583008,158712900
2026-02-06,48.34000015258789,51.0099983215332,48.0,50.59000015258789,50.39047622680664,117934600
2026-02-09,50.060001373291016,52.27000045776367,49.439998626708984,51.7400016784668,51.53593826293945,71272700
2026-02-10,51.970001220703125,52.400001525878906,50.88999938964844,51.02000045776367,50.81877517700195,70660900
2026-02-11,52.209999084472656,52.5,50.040000915527344,51.400001525878906,51.19728088378906,92393800
2026-02-12,51.79999923706055,52.06999969482422,47.9900016784668,48.2599983215332,48.06966018676758,131150000
2026-02-13,48.150001525878906,49.59000015258789,47.18000030517578,48.470001220703125,48.27883529663086,123216600
2026-02-17,47.63999938964844,48.97999954223633,46.41999816894531,48.349998474121094,48.159305572509766,117089700
2026-02-18,48.529998779296875,50.36000061035156,48.20000076293945,49.38999938964844,49.19520568847656,81370800
2026-02-19,48.66999816894531,49.400001525878906,48.15999984741211,48.83000183105469,48.63741683959961,83447500
2026-02-20,47.959999084472656,50.45000076293945,47.7599983215332,50.060001373291016,49.86256408691406,118813800
2026-02-23,49.529998779296875,49.880001068115234,47.65999984741211,48.2400016784668,48.049739837646484,91951800
2026-02-24,48.45000076293945,50.040000915527344,47.81999969482422,49.779998779296875,49.58366775512695,71023300
2026-02-25,50.54999923706055,51.959999084472656,50.529998779296875,51.869998931884766,51.66542434692383,54217200
2026-02-26,51.630001068115234,51.63999938964844,48.709999084472656,50.04999923706055,49.85260009765625,105583800
2026-02-27,48.45000076293945,49.77000045776367,48.2599983215332,49.52000045776367,49.3246955871582,93802200
2026-03-02,47.459999084472656,50.150001525878906,47.22999954223633,49.70000076293945,49.50398635864258,108545900
2026-03-03,46.810001373291016,48.66999816894531,45.720001220703125,48.099998474121094,47.91029357910156,163365500
2026-03-04,48.689998626708984,50.790000915527344,48.52000045776367,50.2599983215332,50.061771392822266,99738400
2026-03-05,49.439998626708984,50.7599983215332,48.16999816894531,49.79999923706055,49.60358810424805,129713200
2026-03-06,47.65999984741211,49.04999923706055,47.18000030517578,47.540000915527344,47.352500915527344,141012200
2026-03-09,46.189998626708984,49.77000045776367,45.5,49.38999938964844,49.19520568847656,159005500
2026-03-10,49.40999984741211,50.7400016784668,48.83000183105469,49.400001525878906,49.20516586303711,115057200
2026-03-11,49.68000030517578,50.52000045776367,48.72999954223633,49.349998474121094,49.15536117553711,91104300
2026-03-12,48.150001525878906,48.4900016784668,46.75,46.83000183105469,46.64530563354492,130823900
2026-03-13,47.349998474121094,48.25,45.66999816894531,45.93000030517578,45.74885177612305,141952500
2026-03-16,47.369998931884766,48.27000045776367,47.18000030517578,47.459999084472656,47.2728157043457,81421500
2026-03-17,48.119998931884766,48.7599983215332,47.810001373291016,48.15999984741211,47.97005844116211,74570100
2026-03-18,47.720001220703125,48.11000061035156,46.04999923706055,46.099998474121094,45.91817855834961,105059300
2026-03-19,44.869998931884766,46.31999969482422,44.29999923706055,45.689998626708984,45.509796142578125,138384900
2026-03-20,45.18000030517578,45.209999084472656,42.29999923706055,43.08000183105469,42.91009521484375,137952500
2026-03-23,45.11000061035156,46.150001525878906,44.130001068115234,44.56999969482422,44.39421463012695,139354300
2026-03-24,43.84000015258789,44.54999923706055,43.189998626708984,43.619998931884766,43.447959899902344,105505200
2026-03-25,44.70000076293945,45.220001220703125,43.95000076293945,44.38999938964844,44.288028717041016,79294400
2026-03-26,43.22999954223633,43.68000030517578,41.150001525878906,41.22999954223633,41.13528823852539,117558900
2026-03-27,40.560001373291016,40.59000015258789,38.560001373291016,38.779998779296875,38.690914154052734,124795700
2026-03-30,39.75,39.90999984741211,37.31999969482422,37.88999938964844,37.80295944213867,111446500
2026-03-31,39.09000015258789,42.0,39.06999969482422,41.68000030517578,41.58425521850586,149516200
2026-04-01,42.630001068115234,43.97999954223633,42.40999984741211,43.22999954223633,43.13069152832031,116135500
2026-04-02,40.880001068115234,43.54999923706055,40.439998626708984,43.33000183105469,43.230464935302734,111377300
2026-04-06,43.599998474121094,44.59000015258789,43.27000045776367,44.099998474121094,43.998695373535156,69245100
2026-04-07,43.45000076293945,44.209999084472656,41.84000015258789,44.150001525878906,44.048580169677734,131796200
2026-04-08,48.63999938964844,48.91999816894531,47.150001525878906,48.0,47.88973617553711,102015100
2026-04-09,48.02000045776367,49.09000015258789,47.310001373291016,48.959999084472656,48.847530364990234,78953600
2026-04-10,49.36000061035156,49.810001373291016,48.81999969482422,49.16999816894531,49.057044982910156,65481600
2026-04-13,48.779998779296875,50.7400016784668,48.459999084472656,50.65999984741211,50.54362487792969,67169100
2026-04-14,51.38999938964844,53.43000030517578,51.380001068115234,53.40999984741211,53.28730773925781,72362300
2026-04-15,53.56999969482422,55.7400016784668,53.33000183105469,55.650001525878906,55.52216339111328,83244000
2026-04-16,56.130001068115234,56.91999816894531,55.099998474121094,56.43000030517578,56.30037307739258,86398100
2026-04-17,57.779998779296875,58.939998626708984,57.369998931884766,58.59000015258789,58.45541000366211,103604000
2026-04-20,58.400001525878906,58.58000183105469,56.90999984741211,58.08000183105469,57.94658279418945,67652800
2026-04-21,58.47999954223633,58.970001220703125,56.81999969482422,57.400001525878906,57.26814270019531,91775200
2026-04-22,58.93000030517578,60.29999923706055,58.4900016784668,60.209999084472656,60.071685791015625,73399800
2026-04-23,59.79999923706055,60.72999954223633,57.59000015258789,59.220001220703125,59.083961486816406,92856900
2026-04-24,61.08000183105469,62.7400016784668,60.560001373291016,62.560001373291016,62.416290283203125,80250700
2026-04-27,62.40999984741211,62.70000076293945,61.63999938964844,62.63999938964844,62.4961051940918,56615000
2026-04-28,60.720001220703125,61.33000183105469,59.68000030517578,60.7400016784668,60.60047149658203,80631600
2026-04-29,61.0,61.869998931884766,60.45000076293945,61.86000061035156,61.717899322509766,77081400
2026-04-30,62.88999938964844,63.79999923706055,60.70000076293945,63.540000915527344,63.394039154052734,81042700
2026-05-01,63.88999938964844,65.83999633789062,63.810001373291016,65.30000305175781,65.1500015258789,67762900
2026-05-04,65.44000244140625,66.05000305175781,63.779998779296875,64.91000366210938,64.76089477539062,60813800
2026-05-05,66.37000274658203,67.7699966430664,66.25,67.38999938964844,67.23519134521484,54098800
2026-05-06,69.26000213623047,71.66000366210938,68.87999725341797,71.56999969482422,71.40559387207031,70169000
2026-05-07,71.87000274658203,73.30000305175781,70.37999725341797,71.33999633789062,71.17611694335938,93509100
2026-05-08,72.81999969482422,76.30999755859375,72.69999694824219,76.27999877929688,76.10477447509766,68713700
2026-05-11,76.0,77.36000061035156,75.55000305175781,76.95999908447266,76.78321075439453,60475000
2026-05-12,75.30000305175781,75.93000030517578,71.55000305175781,74.95999908447266,74.78780364990234,90651600
2026-05-13,75.80999755859375,77.94000244140625,74.19000244140625,77.23999786376953,77.06256866455078,64416400
2026-05-14,77.29000091552734,79.68000030517578,77.16000366210938,78.94999694824219,78.76863861083984,58472800
2026-05-15,75.7300033569336,77.37000274658203,74.2300033569336,75.33999633789062,75.16693115234375,81260600
2026-05-18,76.12999725341797,76.2699966430664,72.0999984741211,74.31999969482422,74.14927673339844,87710100
2026-05-19,72.41000366210938,74.5,70.95999908447266,72.93000030517578,72.76246643066406,85973700
2026-05-20,74.08999633789062,76.52999877929688,73.62000274658203,76.51000213623047,76.33424377441406,70647500
2026-05-21,75.18000030517578,77.79000091552734,74.47000122070312,76.94999694824219,76.77323150634766,74958100
2026-05-22,78.04000091552734,79.33000183105469,77.33000183105469,77.83999633789062,77.66118621826172,58330500
2026-05-26,80.58999633789062,82.2699966430664,79.9800033569336,81.94999694824219,81.7617416381836,62579600
2026-05-27,82.87000274658203,82.91000366210938,80.33000183105469,81.66999816894531,81.48239135742188,66221000
2026-05-28,81.73999786376953,84.05000305175781,80.66000366210938,83.68000030517578,83.4877700805664,55265900
2026-05-29,84.41000366210938,85.69999694824219,83.52999877929688,84.55999755859375,84.36575317382812,67644100
2026-06-01,84.1500015258789,87.05999755859375,83.75,86.04000091552734,85.84235382080078,57216000
2026-06-02,85.94000244140625,87.31999969482422,84.83000183105469,87.22000122070312,87.01964569091797,48355000
2026-06-03,87.68000030517578,88.08999633789062,85.41000366210938,86.55999755859375,86.36115264892578,62154500
2026-06-04,83.47000122070312,86.25,82.4800033569336,85.22000122070312,85.02423858642578,59614600
2026-06-05,81.56999969482422,82.08000183105469,72.68000030517578,73.05000305175781,72.88219451904297,118961300
2026-06-08,76.86000061035156,78.47000122070312,75.37999725341797,76.2699966430664,76.09479522705078,77319000
2026-06-09,78.4800033569336,79.33999633789062,66.79000091552734,73.72000122070312,73.55065155029297,132485700
2026-06-10,71.68000030517578,74.69999694824219,69.0,69.2699966430664,69.11087036132812,91465200
2026-06-11,70.88999938964844,76.5999984741211,69.58999633789062,76.01000213623047,75.83539581298828,116288800
2026-06-12,76.33999633789062,78.36000061035156,74.29000091552734,77.5199966430664,77.3419189453125,94070700
2026-06-15,82.87999725341797,85.02999877929688,82.63999938964844,84.58999633789062,84.39567565917969,59758000
2026-06-16,84.19000244140625,84.83000183105469,79.86000061035156,79.93000030517578,79.74639129638672,67086700
2026-06-17,81.66999816894531,81.80999755859375,76.94000244140625,77.54000091552734,77.36187744140625,78089600
2026-06-18,82.0999984741211,83.5999984741211,80.62999725341797,82.87000274658203,82.67963409423828,61063000
2026-06-22,83.94999694824219,85.11000061035156,81.38999938964844,82.58000183105469,82.39030456542969,61888900
2026-06-23,75.12000274658203,77.73999786376953,73.91000366210938,74.44000244140625,74.26900482177734,82341800
2026-06-24,74.79000091552734,76.18000030517578,71.3499984741211,73.30000305175781,73.30000305175781,72009700
2026-06-25,77.95999908447266,78.23999786376953,71.5999984741211,74.94999694824219,74.94999694824219,105261200
2026-06-26,72.08999633789062,74.69000244140625,70.72000122070312,71.83000183105469,71.83000183105469,70427700
2026-06-29,74.12000274658203,77.37999725341797,71.44999694824219,77.19000244140625,77.19000244140625,79128400
2026-06-30,77.23999786376953,81.54000091552734,77.1500015258789,81.0,81.0,58466200
2026-07-01,78.72000122070312,79.63999938964844,77.2300033569336,77.45999908447266,77.45999908447266,63348200
2026-07-02,77.44999694824219,79.13999938964844,71.72000122070312,73.3499984741211,73.3499984741211,87308500
2026-07-06,75.54000091552734,77.44999694824219,75.11000061035156,76.41999816894531,76.41999816894531,54545100
2026-07-07,73.69999694824219,74.38999938964844,70.76000213623047,72.2300033569336,72.2300033569336,70992900
2026-07-08,70.80000305175781,73.0199966430664,69.56999969482422,72.72000122070312,72.72000122070312,70748500
2026-07-09,74.8499984741211,76.69000244140625,73.88999938964844,76.33999633789062,76.33999633789062,51726600
2026-07-10,75.52999877929688,77.31999969482422,74.33000183105469,77.02999877929688,77.02999877929688,46034400
2026-07-13,74.54000091552734,74.8499984741211,72.08999633789062,72.63999938964844,72.63999938964844,63317500
2026-07-14,75.19999694824219,75.8499984741211,73.41000366210938,75.0199966430664,75.0199966430664,58097300
2026-07-15,76.29000091552734,76.47000122070312,72.05999755859375,74.44000244140625,74.44000244140625,68547800
2026-07-16,72.61000061035156,73.12000274658203,69.69000244140625,70.73999786376953,70.73999786376953,66953300
2026-07-17,66.37999725341797,69.55999755859375,64.91000366210938,67.52999877929688,67.52999877929688,75465200
2026-07-20,69.47000122070312,70.51000213623047,67.5,67.6500015258789,67.6500015258789,50076700
2026-07-21,70.70999908447266,71.72000122070312,69.61000061035156,71.37000274658203,71.37000274658203,37772500
2026-07-22,69.7699966430664,71.58999633789062,69.7699966430664,70.27999877929688,70.27999877929688,36062100
2026-07-23,67.11000061035156,68.2699966430664,65.0199966430664,66.30000305175781,66.30000305175781,80277500
2026-07-24,65.77999877929688,66.4000015258789,63.4900016784668,64.0,64.0,69267700
2026-07-27,66.05999755859375,66.2300033569336,61.63999938964844,63.400001525878906,63.400001525878906,70531600
2026-07-28,61.77000045776367,62.61000061035156,59.400001525878906,61.560001373291016,61.560001373291016,73235900
2026-07-29,61.5099983215332,62.7400016784668,57.59000015258789,57.75,57.75,103582900
2026-07-30,61.130001068115234,63.84000015258789,60.7400016784668,63.29999923706055,63.29999923706055,75877800
2026-07-31,65.73999786376953,66.7699966430664,62.38999938964844,64.62000274658203,64.62000274658203,86709900
2026-08-03,64.70999908447266,68.41000366210938,63.9900016784668,67.95999908447266,67.95999908447266,62223600
2026-08-04,70.30999755859375,75.41000366210938,70.13999938964844,74.81999969482422,74.81999969482422,73728500
2026-08-05,75.61000061035156,76.33000183105469,72.73999786376953,72.83999633789062,72.83999633789062,70885800
2026-08-06,70.8499984741211,73.44999694824219,70.16000366210938,72.02999877929688,72.02999877929688,60887200
2026-08-07,73.66000366210938,74.66999816894531,72.5199966430664,74.47000122070312,74.47000122070312,59409800
2026-08-10,74.2699966430664,74.9800033569336,73.63999938964844,73.80000305175781,73.80000305175781,44224500
2026-08-11,74.54000091552734,74.54000091552734,72.23999786376953,73.05999755859375,73.05999755859375,43674100
2026-08-12,75.62000274658203,75.69000244140625,74.37999725341797,74.5999984741211,74.5999984741211,46867300
2026-08-13,75.04000091552734,77.7699966430664,74.70999908447266,77.1500015258789,77.1500015258789,49822600
2026-08-14,77.56999969482422,77.8499984741211,75.94000244140625,76.79000091552734,76.79000091552734,36616800
