date,open,high,low,close,adjclose,volume
2016-08-18,200.3699951171875,200.86000061035156,200.25,200.82000732421875,170.23162841796875,5211200
2016-08-19,200.33999633789062,200.72000122070312,199.80999755859375,200.5399932861328,169.99427795410156,1190800
2016-08-22,200.3000030517578,200.75,199.8800048828125,200.52000427246094,169.97731018066406,880300
2016-08-23,201.17999267578125,201.50999450683594,200.86000061035156,200.88999938964844,170.29098510742188,1214400
2016-08-24,200.77999877929688,200.8699951171875,199.4600067138672,199.9199981689453,169.46875,1161300
2016-08-25,199.47999572753906,200.2100067138672,199.3300018310547,199.75999450683594,169.33303833007812,1262600
2016-08-26,199.9600067138672,201.0500030517578,198.44000244140625,199.3800048828125,169.01104736328125,2890600
2016-08-29,199.52999877929688,200.64999389648438,199.49000549316406,200.38999938964844,169.86709594726562,1140700
2016-08-30,200.27999877929688,200.57000732421875,199.4499969482422,200.00999450683594,169.5449981689453,1407400
2016-08-31,199.6999969482422,199.82000732421875,198.64999389648438,199.52000427246094,169.12965393066406,2343900
2016-09-01,199.5,199.7899932861328,198.24000549316406,199.47999572753906,169.09573364257812,2196100
2016-09-02,200.41000366210938,200.8300018310547,199.77999877929688,200.3699951171875,169.8501434326172,1555800
2016-09-06,200.69000244140625,201.0399932861328,199.9199981689453,201.0,170.3842010498047,1589600
2016-09-07,200.82000732421875,201.14999389648438,200.32000732421875,200.99000549316406,170.37570190429688,1455400
2016-09-08,200.6199951171875,200.9199981689453,200.19000244140625,200.52000427246094,169.97731018066406,2180400
2016-09-09,199.0800018310547,199.17999267578125,195.6699981689453,195.67999267578125,165.87451171875,3435600
2016-09-12,194.8800048828125,198.9499969482422,194.8000030517578,198.47999572753906,168.24803161621094,2799900
2016-09-13,196.25,196.50999450683594,194.1199951171875,194.77999877929688,165.84947204589844,3365300
2016-09-14,194.8300018310547,196.1199951171875,194.1199951171875,194.66000366210938,165.74729919433594,2967100
2016-09-15,194.50999450683594,197.07000732421875,194.3699951171875,196.66000366210938,167.4502716064453,1874400
2016-09-16,196.02000427246094,196.19000244140625,195.1699981689453,195.88999938964844,166.7946014404297,1774100
2016-09-19,196.6300048828125,197.27999877929688,195.63999938964844,195.9499969482422,166.84567260742188,2061400
2016-09-20,196.86000061035156,197.02999877929688,195.92999267578125,195.97000122070312,166.86268615722656,1294100
2016-09-21,196.69000244140625,198.33999633789062,195.97999572753906,198.1699981689453,168.73593139648438,2238800
2016-09-22,199.25999450683594,199.7100067138672,198.97999572753906,199.36000061035156,169.74925231933594,2215200
2016-09-23,198.97999572753906,199.11000061035156,198.22000122070312,198.2899932861328,168.83815002441406,1413400
2016-09-26,197.47000122070312,197.60000610351562,196.5,196.7100067138672,167.4927978515625,2451600
2016-09-27,196.52999877929688,198.00999450683594,196.16000366210938,197.91000366210938,168.5145721435547,1468000
2016-09-28,198.17999267578125,199.07000732421875,197.1300048828125,198.97999572753906,169.42559814453125,1419900
2016-09-29,198.7100067138672,199.11000061035156,196.5399932861328,197.11000061035156,167.8333740234375,2074600
2016-09-30,198.00999450683594,199.33999633789062,197.75,198.69000244140625,169.17872619628906,3147400
2016-10-03,198.17999267578125,198.35000610351562,197.4499969482422,198.05999755859375,168.64230346679688,2136000
2016-10-04,198.25,198.47000122070312,196.47999572753906,197.13999938964844,167.85890197753906,2846600
2016-10-05,197.77000427246094,198.44000244140625,197.72000122070312,197.9600067138672,168.55715942382812,1126700
2016-10-06,197.74000549316406,198.33999633789062,197.16000366210938,198.19000244140625,168.75299072265625,1117400
2016-10-07,198.4199981689453,198.60000610351562,196.64999389648438,197.4600067138672,168.1313934326172,1795100
2016-10-10,197.4600067138672,198.9499969482422,197.4600067138672,198.3699951171875,168.90623474121094,1297400
2016-10-11,198.0,198.07000732421875,195.19000244140625,195.9600067138672,166.85421752929688,2643500
2016-10-12,196.1199951171875,196.74000549316406,195.58999633789062,196.2100067138672,167.06704711914062,1458700
2016-10-13,194.8300018310547,196.11000061035156,193.9199981689453,195.5800018310547,166.53062438964844,2407100
2016-10-14,196.64999389648438,197.1199951171875,195.61000061035156,195.6300048828125,166.57325744628906,1218800
2016-10-17,195.63999938964844,195.92999267578125,194.80999755859375,195.0500030517578,166.079345703125,1323200
2016-10-18,196.6999969482422,196.75999450683594,195.82000732421875,196.1999969482422,167.05857849121094,1263300
2016-10-19,196.49000549316406,197.0800018310547,196.1300048828125,196.74000549316406,167.51837158203125,1041300
2016-10-20,196.3699951171875,196.97000122070312,195.6999969482422,196.4199981689453,167.2458953857422,1309600
2016-10-21,195.5399932861328,196.57000732421875,195.3800048828125,196.47000122070312,167.28842163085938,1376300
2016-10-24,197.3699951171875,197.64999389648438,196.9499969482422,197.27000427246094,167.96966552734375,817000
2016-10-25,197.1300048828125,197.38999938964844,196.47999572753906,196.7100067138672,167.4927978515625,1465300
2016-10-26,195.75999450683594,196.86000061035156,195.52999877929688,196.27000427246094,167.1181640625,1202300
2016-10-27,197.0399932861328,197.07000732421875,195.64999389648438,195.75,166.67539978027344,1635500
2016-10-28,195.7100067138672,196.39999389648438,194.39999389648438,195.1300048828125,166.1474609375,2632000
2016-10-31,195.49000549316406,195.74000549316406,194.97999572753906,195.1300048828125,166.1474609375,1816300
2016-11-01,195.52000427246094,195.5399932861328,192.4499969482422,193.77000427246094,164.9894561767578,2456600
2016-11-02,193.4199981689453,193.80999755859375,192.10000610351562,192.49000549316406,163.89959716796875,3395900
2016-11-03,192.7899932861328,193.0,191.38999938964844,191.74000549316406,163.260986328125,1512200
2016-11-04,191.8000030517578,192.7100067138672,191.32000732421875,191.47999572753906,163.0396270751953,2221300
2016-11-07,194.1699981689453,195.74000549316406,194.00999450683594,195.67999267578125,166.61575317382812,2699100
2016-11-08,195.30999755859375,197.17999267578125,195.02000427246094,196.5800018310547,167.3821258544922,3055900
2016-11-09,194.94000244140625,199.33999633789062,194.9199981689453,198.67999267578125,169.170166015625,6119100
2016-11-10,199.52999877929688,200.44000244140625,197.61000061035156,199.13999938964844,169.56185913085938,5126400
2016-11-11,198.4199981689453,198.9600067138672,197.6999969482422,198.77000427246094,169.24681091308594,1954200
2016-11-14,199.3000030517578,199.49000549316406,198.05999755859375,198.8000030517578,169.27235412597656,2651000
2016-11-15,199.2899932861328,200.4199981689453,199.07000732421875,200.41000366210938,170.6432647705078,2532400
2016-11-16,199.77999877929688,200.2899932861328,199.64999389648438,200.07000732421875,170.35374450683594,1195000
2016-11-17,200.2100067138672,201.1300048828125,200.1199951171875,201.02000427246094,171.1626739501953,1178200
2016-11-18,201.16000366210938,201.32000732421875,200.44000244140625,200.66000366210938,170.85610961914062,1668300
2016-11-21,201.25,202.17999267578125,201.11000061035156,202.13999938964844,172.11631774902344,2641300
2016-11-22,202.5800018310547,202.72999572753906,201.77000427246094,202.50999450683594,172.4313201904297,2773400
2016-11-23,202.13999938964844,202.7100067138672,201.77000427246094,202.69000244140625,172.58460998535156,1466300
2016-11-25,203.0800018310547,203.5,202.9600067138672,203.5,173.2742919921875,1843100
2016-11-28,203.07000732421875,203.3699951171875,202.35000610351562,202.5399932861328,172.45684814453125,2193000
2016-11-29,202.50999450683594,203.35000610351562,202.1699981689453,202.86000061035156,172.72930908203125,1689600
2016-11-30,203.52999877929688,203.69000244140625,202.30999755859375,202.39999389648438,172.337646484375,2360100
2016-12-01,202.67999267578125,202.7100067138672,201.24000549316406,201.61000061035156,171.66500854492188,3284100
2016-12-02,201.6999969482422,202.22999572753906,201.35000610351562,201.75,171.7842254638672,2118900
2016-12-05,202.63999938964844,203.3000030517578,202.4199981689453,202.91000366210938,172.77191162109375,2070500
2016-12-06,203.1699981689453,203.6300048828125,202.63999938964844,203.6199951171875,173.37648010253906,2413300
2016-12-07,203.4499969482422,206.32000732421875,203.3000030517578,206.1999969482422,175.5732421875,2253900
2016-12-08,206.25,207.27000427246094,205.9499969482422,206.74000549316406,176.03306579589844,2983000
2016-12-09,207.02000427246094,208.02999877929688,206.97999572753906,208.0,177.10589599609375,1972000
2016-12-12,207.9199981689453,208.4199981689453,207.33999633789062,207.77000427246094,176.91006469726562,2419600
2016-12-13,208.52999877929688,209.6999969482422,208.47000122070312,209.19000244140625,178.11911010742188,2670200
2016-12-14,208.83999633789062,209.58999633789062,206.97999572753906,207.4600067138672,176.64613342285156,4232900
2016-12-15,207.72000122070312,209.22999572753906,207.5800018310547,208.22999572753906,177.3017578125,2812500
2016-12-16,208.82000732421875,208.83999633789062,207.5500030517578,207.8699951171875,176.99522399902344,3074000
2016-12-19,208.10000610351562,208.8000030517578,207.92999267578125,208.33999633789062,177.3953857421875,2042000
2016-12-20,208.9199981689453,209.30999755859375,208.67999267578125,209.13999938964844,178.07656860351562,3195300
2016-12-21,209.05999755859375,209.1999969482422,208.57000732421875,208.57000732421875,177.59124755859375,1546600
2016-12-22,207.16000366210938,207.24000549316406,206.5,207.00999450683594,177.3650665283203,1863700
2016-12-23,206.97999572753906,207.22000122070312,206.77000427246094,207.19000244140625,177.5192413330078,1278900
2016-12-27,207.47999572753906,208.14999389648438,207.47999572753906,207.6999969482422,177.95623779296875,1818500
2016-12-28,208.0,208.07000732421875,205.91000366210938,206.05999755859375,176.55104064941406,2228000
2016-12-29,206.10000610351562,206.47000122070312,205.50999450683594,206.02000427246094,176.51683044433594,1772700
2016-12-30,206.3699951171875,206.42999267578125,204.50999450683594,205.30999755859375,175.90846252441406,4251000
2017-01-03,206.67999267578125,207.3300018310547,205.55999755859375,206.74000549316406,177.1337127685547,4750200
2017-01-04,207.1999969482422,208.17999267578125,207.1199951171875,207.9600067138672,178.1790008544922,4622400
2017-01-05,207.75,208.0399932861328,207.00999450683594,207.8000030517578,178.0419158935547,2772100
2017-01-06,207.99000549316406,209.08999633789062,207.39999389648438,208.61000061035156,178.7359161376953,2194600
2017-01-09,208.33999633789062,208.47999572753906,207.88999938964844,207.9499969482422,178.17042541503906,1705200
2017-01-10,207.89999389648438,208.82000732421875,207.50999450683594,207.9199981689453,178.14474487304688,2189400
2017-01-11,207.83999633789062,208.50999450683594,207.1199951171875,208.50999450683594,178.65023803710938,5677600
2017-01-12,207.97000122070312,208.19000244140625,206.5399932861328,208.0500030517578,178.256103515625,3244600
2017-01-13,208.17999267578125,208.77999877929688,208.1300048828125,208.4600067138672,178.60739135742188,2822700
2017-01-17,207.7899932861328,208.2100067138672,207.3300018310547,207.72000122070312,177.973388671875,1690000
2017-01-18,208.00999450683594,208.22000122070312,207.4199981689453,208.16000366210938,178.35040283203125,1980500
2017-01-19,208.27000427246094,208.42999267578125,206.97000122070312,207.4600067138672,177.75062561035156,1666900
2017-01-20,208.13999938964844,208.6999969482422,207.55999755859375,208.1300048828125,178.32467651367188,2082500
2017-01-23,207.83999633789062,208.2100067138672,206.8300018310547,207.64999389648438,177.9133758544922,4586600
2017-01-24,207.86000061035156,209.39999389648438,207.75,208.97000122070312,179.0443572998047,1940100
2017-01-25,209.97999572753906,210.77000427246094,209.7899932861328,210.7100067138672,180.53517150878906,2873000
2017-01-26,210.64999389648438,210.89999389648438,210.25,210.5500030517578,180.3981170654297,2485100
2017-01-27,210.64999389648438,210.75999450683594,210.02999877929688,210.25,180.14105224609375,1428200
2017-01-30,209.47999572753906,209.52000427246094,207.8800048828125,208.97999572753906,179.05291748046875,2782300
2017-01-31,208.33999633789062,208.97000122070312,207.7899932861328,208.97000122070312,179.0443572998047,3787100
2017-02-01,209.6199951171875,209.86000061035156,208.3699951171875,209.0,179.07009887695312,2698800
2017-02-02,208.58999633789062,209.39999389648438,208.22999572753906,209.08999633789062,179.1471405029297,1661300
2017-02-03,210.0800018310547,210.72999572753906,209.77000427246094,210.63999938964844,180.47520446777344,4264400
2017-02-06,210.1199951171875,210.5399932861328,209.83999633789062,210.1999969482422,180.09820556640625,1345500
2017-02-07,210.64999389648438,210.83999633789062,209.99000549316406,210.25,180.14105224609375,1194600
2017-02-08,210.25,210.61000061035156,209.6300048828125,210.52000427246094,180.37240600585938,1096100
2017-02-09,210.52000427246094,212.0399932861328,210.52000427246094,211.72000122070312,181.40060424804688,1237100
2017-02-10,212.1300048828125,212.8000030517578,212.00999450683594,212.57000732421875,182.1288299560547,1412400
2017-02-13,213.11000061035156,214.0,213.07000732421875,213.6999969482422,183.09703063964844,1756300
2017-02-14,213.5500030517578,214.58999633789062,213.16000366210938,214.58999633789062,183.85955810546875,2528100
2017-02-15,214.33999633789062,215.88999938964844,214.30999755859375,215.67999267578125,184.79347229003906,2050200
2017-02-16,215.74000549316406,215.89999389648438,214.72999572753906,215.50999450683594,184.64784240722656,1920100
2017-02-17,214.83999633789062,215.83999633789062,214.7899932861328,215.83999633789062,184.9304962158203,1452600
2017-02-21,216.32000732421875,217.32000732421875,216.25,217.11000061035156,186.0186309814453,1893000
2017-02-22,216.72000122070312,217.19000244140625,216.5500030517578,217.00999450683594,185.93296813964844,1471400
2017-02-23,217.5399932861328,217.5399932861328,216.3000030517578,217.1300048828125,186.03582763671875,1717200
2017-02-24,216.22000122070312,217.4199981689453,216.16000366210938,217.38999938964844,186.25856018066406,1637700
2017-02-27,217.32000732421875,217.89999389648438,217.02000427246094,217.7100067138672,186.53274536132812,1942200
2017-02-28,217.33999633789062,217.5800018310547,216.72000122070312,217.07000732421875,185.9844207763672,2181000
2017-03-01,218.89999389648438,220.66000366210938,218.8699951171875,220.14999389648438,188.62330627441406,3325500
2017-03-02,219.99000549316406,220.02000427246094,218.75,218.86000061035156,187.51805114746094,1657100
2017-03-03,218.6999969482422,219.08999633789062,218.30999755859375,218.97999572753906,187.62086486816406,1765900
2017-03-06,218.07000732421875,218.64999389648438,217.6300048828125,218.3000030517578,187.03826904296875,1530600
2017-03-07,217.97999572753906,218.3300018310547,217.4199981689453,217.63999938964844,186.4727783203125,1743200
2017-03-08,217.9499969482422,218.1999969482422,217.07000732421875,217.17999267578125,186.07859802246094,1784400
2017-03-09,217.3300018310547,217.83999633789062,216.4600067138672,217.41000366210938,186.27572631835938,1636200
2017-03-10,218.5500030517578,218.55999755859375,217.25999450683594,218.1699981689453,186.92686462402344,1819900
2017-03-13,218.17999267578125,218.41000366210938,217.86000061035156,218.3000030517578,187.03826904296875,1388100
2017-03-14,217.77000427246094,217.80999755859375,216.88999938964844,217.55999755859375,186.4042205810547,1428400
2017-03-15,218.1300048828125,219.85000610351562,217.8699951171875,219.3699951171875,187.95501708984375,3358800
2017-03-16,219.61000061035156,219.64999389648438,218.64999389648438,219.0,187.63803100585938,1710900
2017-03-17,219.3000030517578,219.44000244140625,218.55999755859375,218.55999755859375,187.26100158691406,1588500
2017-03-20,218.58999633789062,218.88999938964844,217.97999572753906,218.3699951171875,187.0981903076172,1035900
2017-03-21,219.0,219.1300048828125,215.41000366210938,215.5800018310547,184.70779418945312,3468700
2017-03-22,214.5800018310547,215.33999633789062,213.9499969482422,215.02000427246094,185.08477783203125,2600300
2017-03-23,214.8000030517578,216.02000427246094,214.44000244140625,214.8000030517578,184.89544677734375,2436700
2017-03-24,215.13999938964844,215.77000427246094,213.8800048828125,214.72999572753906,184.83518981933594,2647600
2017-03-27,212.8699951171875,214.72000122070312,212.6199951171875,214.3800048828125,184.53387451171875,2082900
2017-03-28,214.16000366210938,216.4600067138672,214.0500030517578,215.97000122070312,185.90252685546875,3057200
2017-03-29,215.72000122070312,216.47000122070312,215.47999572753906,216.2899932861328,186.17799377441406,1748500
2017-03-30,216.1699981689453,217.1300048828125,215.97999572753906,216.8699951171875,186.67726135253906,2494800
2017-03-31,216.55999755859375,217.11000061035156,216.35000610351562,216.35000610351562,186.22964477539062,1331400
2017-04-03,216.50999450683594,216.69000244140625,214.74000549316406,216.0800018310547,185.99717712402344,2843700
2017-04-04,215.7100067138672,216.25,215.3300018310547,216.1999969482422,186.1005096435547,2481600
2017-04-05,216.88999938964844,217.92999267578125,215.33999633789062,215.5399932861328,185.5324249267578,2311800
2017-04-06,215.7100067138672,216.67999267578125,215.22000122070312,216.10000610351562,186.01446533203125,1635500
2017-04-07,215.86000061035156,216.63999938964844,215.39999389648438,215.91000366210938,185.85086059570312,1835900
2017-04-10,216.05999755859375,216.8800048828125,215.5,216.05999755859375,185.97994995117188,1311900
2017-04-11,215.6300048828125,215.8800048828125,214.25,215.7899932861328,185.74757385253906,1787300
2017-04-12,215.49000549316406,215.69000244140625,214.6199951171875,214.89999389648438,184.98153686523438,2002700
2017-04-13,214.5,215.24000549316406,213.47000122070312,213.47000122070312,183.75059509277344,1806800
2017-04-17,214.0,215.35000610351562,213.8000030517578,215.33999633789062,185.36024475097656,1746900
2017-04-18,214.5500030517578,215.24000549316406,213.97999572753906,214.75,184.85235595703125,2695900
2017-04-19,215.30999755859375,215.6999969482422,214.05999755859375,214.27999877929688,184.44781494140625,2032400
2017-04-20,214.97999572753906,216.5,214.6199951171875,216.02999877929688,185.95419311523438,2734000
2017-04-21,215.97000122070312,216.02000427246094,214.92999267578125,215.39999389648438,185.4119415283203,2594400
2017-04-24,217.75,217.9499969482422,217.22999572753906,217.6999969482422,187.3916778564453,2366400
2017-04-25,218.41000366210938,219.36000061035156,218.2899932861328,219.00999450683594,188.51931762695312,1745100
2017-04-26,218.9600067138672,219.89999389648438,218.80999755859375,218.85000610351562,188.381591796875,2824500
2017-04-27,219.1999969482422,219.36000061035156,218.47000122070312,219.02000427246094,188.5279083251953,1154200
2017-04-28,219.3300018310547,219.33999633789062,218.42999267578125,218.60000610351562,188.1663818359375,1257600
2017-05-01,219.16000366210938,219.57000732421875,218.64999389648438,219.1300048828125,188.62258911132812,1506700
2017-05-02,219.2899932861328,219.3800048828125,218.77000427246094,219.1999969482422,188.68284606933594,2573000
2017-05-03,218.77999877929688,219.1699981689453,218.24000549316406,218.97999572753906,188.4934844970703,1654600
2017-05-04,219.27000427246094,219.35000610351562,218.30999755859375,219.17999267578125,188.6656494140625,1439100
2017-05-05,219.55999755859375,220.05999755859375,219.1199951171875,220.05999755859375,189.42312622070312,1729700
2017-05-08,220.1300048828125,220.25,219.57000732421875,220.07000732421875,189.4317626953125,2225000
2017-05-09,220.2899932861328,220.49000549316406,219.44000244140625,219.7899932861328,189.19068908691406,1636900
2017-05-10,219.75999450683594,220.22000122070312,219.5500030517578,220.1999969482422,189.54360961914062,1066900
2017-05-11,219.74000549316406,219.92999267578125,218.6199951171875,219.75,189.15631103515625,1855700
2017-05-12,219.5,219.60000610351562,219.1199951171875,219.41000366210938,188.86363220214844,1056500
2017-05-15,219.8800048828125,220.72000122070312,219.8300018310547,220.52000427246094,189.8190460205078,1440600
2017-05-16,220.8800048828125,220.94000244140625,220.0,220.47999572753906,189.78466796875,2452500
2017-05-17,218.61000061035156,219.07000732421875,216.4199981689453,216.57000732421875,186.41900634765625,3507700
2017-05-18,216.3300018310547,218.24000549316406,216.1300048828125,217.36000061035156,187.09902954101562,2894500
2017-05-19,217.8800048828125,219.47000122070312,217.8300018310547,218.7100067138672,188.26107788085938,2436500
2017-05-22,219.25999450683594,220.0500030517578,219.22999572753906,219.92999267578125,189.31117248535156,1865000
2017-05-23,220.30999755859375,220.5399932861328,219.89999389648438,220.36000061035156,189.68133544921875,1259000
2017-05-24,220.63999938964844,221.0,220.27999877929688,220.88999938964844,190.13755798339844,1453900
2017-05-25,221.42999267578125,222.24000549316406,221.2100067138672,221.9199981689453,191.02418518066406,1564600
2017-05-26,221.75999450683594,222.07000732421875,221.6699981689453,221.92999267578125,191.03277587890625,1196000
2017-05-30,221.55999755859375,221.97000122070312,221.4199981689453,221.72000122070312,190.85206604003906,1511700
2017-05-31,222.0399932861328,222.0800018310547,220.9199981689453,221.6699981689453,190.8089599609375,2326200
2017-06-01,222.13999938964844,223.4499969482422,221.86000061035156,223.39999389648438,192.29818725585938,2112900
2017-06-02,223.47999572753906,224.32000732421875,223.1699981689453,224.10000610351562,192.90065002441406,1857600
2017-06-05,223.99000549316406,224.27999877929688,223.80999755859375,223.9499969482422,192.7715606689453,1831200
2017-06-06,223.3699951171875,223.9499969482422,223.1999969482422,223.30999755859375,192.22064208984375,1449400
2017-06-07,223.69000244140625,223.92999267578125,222.92999267578125,223.67999267578125,192.53912353515625,1328800
2017-06-08,223.82000732421875,224.30999755859375,223.24000549316406,223.75999450683594,192.6079864501953,1116100
2017-06-09,224.1199951171875,224.92999267578125,222.10000610351562,223.5,192.38424682617188,2117600
2017-06-12,223.2100067138672,223.47999572753906,222.50999450683594,223.41000366210938,192.3067626953125,1812100
2017-06-13,223.99000549316406,224.57000732421875,223.63999938964844,224.5,193.2449951171875,2170700
2017-06-14,224.82000732421875,224.83999633789062,223.3800048828125,224.25999450683594,193.0384063720703,1886000
2017-06-15,222.86000061035156,223.92999267578125,222.50999450683594,223.80999755859375,192.6510467529297,2170900
2017-06-16,224.0,224.05999755859375,222.94000244140625,223.8699951171875,192.70272827148438,1603600
2017-06-19,224.72999572753906,225.77000427246094,224.6199951171875,225.6999969482422,194.2779541015625,1433100
2017-06-20,225.36000061035156,225.36000061035156,224.17999267578125,224.22000122070312,193.00399780273438,1366000
2017-06-21,224.57000732421875,224.6999969482422,223.63999938964844,224.1300048828125,192.92648315429688,1422000
2017-06-22,224.1699981689453,224.66000366210938,223.8699951171875,224.0,192.81460571289062,1344400
2017-06-23,223.1199951171875,223.64999389648438,222.72000122070312,223.3699951171875,193.14312744140625,1257400
2017-06-26,224.0,224.4499969482422,223.24000549316406,223.44000244140625,193.20370483398438,1321700
2017-06-27,223.2100067138672,223.52000427246094,221.6300048828125,221.66000366210938,191.66453552246094,3476700
2017-06-28,222.72999572753906,223.83999633789062,222.5,223.6199951171875,193.3593292236328,2875800
2017-06-29,223.80999755859375,223.9199981689453,220.4199981689453,221.69000244140625,191.69049072265625,4613000
2017-06-30,222.57000732421875,222.91000366210938,221.86000061035156,222.05999755859375,192.01046752929688,2982300
2017-07-03,223.08999633789062,223.52999877929688,222.47000122070312,222.5500030517578,192.4341278076172,1762500
2017-07-05,222.83999633789062,223.1699981689453,222.0,222.94000244140625,192.77137756347656,2043800
2017-07-06,222.16000366210938,222.25,220.72000122070312,220.94000244140625,191.0419921875,2540700
2017-07-07,221.52000427246094,222.52000427246094,221.3800048828125,222.33999633789062,192.25253295898438,2148000
2017-07-10,222.1999969482422,222.99000549316406,222.0399932861328,222.57000732421875,192.45144653320312,1800100
2017-07-11,222.4199981689453,222.75999450683594,221.22000122070312,222.39999389648438,192.30442810058594,1638700
2017-07-12,223.47000122070312,224.27999877929688,223.47000122070312,224.07000732421875,193.7484588623047,1492100
2017-07-13,224.16000366210938,224.61000061035156,223.88999938964844,224.4499969482422,194.07705688476562,1485500
2017-07-14,224.52000427246094,225.89999389648438,224.38999938964844,225.47000122070312,194.95896911621094,1642400
2017-07-17,225.4499969482422,225.86000061035156,225.33999633789062,225.5,194.9849395751953,1176200
2017-07-18,225.1300048828125,225.69000244140625,224.72999572753906,225.6699981689453,195.13192749023438,3146500
2017-07-19,225.97999572753906,226.86000061035156,225.9600067138672,226.86000061035156,196.16090393066406,1255300
2017-07-20,227.1300048828125,227.25,226.39999389648438,226.92999267578125,196.2213897705078,1698100
2017-07-21,226.36000061035156,226.77999877929688,226.11000061035156,226.77000427246094,196.0830841064453,2461700
2017-07-24,226.6699981689453,226.8300018310547,226.22000122070312,226.69000244140625,196.01394653320312,1278200
2017-07-25,227.50999450683594,227.58999633789062,227.02000427246094,227.22999572753906,196.48081970214844,1349500
2017-07-26,227.57000732421875,227.58999633789062,226.97999572753906,227.3000030517578,196.54136657714844,1574100
2017-07-27,227.75,227.77999877929688,225.64999389648438,227.02999877929688,196.307861328125,1834500
2017-07-28,226.5399932861328,226.9199981689453,226.08999633789062,226.77000427246094,196.0830841064453,2364100
2017-07-31,227.22999572753906,227.3000030517578,226.44000244140625,226.63999938964844,195.9706573486328,3020000
2017-08-01,227.3000030517578,227.32000732421875,226.67999267578125,227.14999389648438,196.41165161132812,1674500
2017-08-02,227.30999755859375,227.4199981689453,226.2899932861328,227.27999877929688,196.5241241455078,1889300
2017-08-03,227.17999267578125,227.17999267578125,226.5500030517578,226.8800048828125,196.1781768798828,1266400
2017-08-04,227.36000061035156,227.58999633789062,226.83999633789062,227.25999450683594,196.50674438476562,1039800
2017-08-07,227.3300018310547,227.66000366210938,227.1999969482422,227.6300048828125,196.82669067382812,848500
2017-08-08,227.33999633789062,228.6199951171875,226.72999572753906,227.17999267578125,196.4375762939453,1064700
2017-08-09,226.35000610351562,227.14999389648438,226.0,227.0500030517578,196.3251953125,1536600
2017-08-10,226.24000549316406,226.35000610351562,223.85000610351562,223.92999267578125,193.6273651123047,3043300
2017-08-11,224.1300048828125,224.82000732421875,223.8699951171875,224.22999572753906,193.88682556152344,1584300
2017-08-14,225.55999755859375,226.6699981689453,225.55999755859375,226.42999267578125,195.78909301757812,2201900
2017-08-15,226.83999633789062,226.8699951171875,226.10000610351562,226.4499969482422,195.8063507080078,1309700
2017-08-16,226.9499969482422,227.38999938964844,226.3699951171875,226.80999755859375,196.11764526367188,1531400
2017-08-17,226.19000244140625,226.5,223.27999877929688,223.27999877929688,193.0653533935547,3396200
2017-08-18,223.08999633789062,224.27000427246094,222.4499969482422,222.8699951171875,192.71083068847656,2691100
2017-08-21,222.85000610351562,223.36000061035156,222.1199951171875,223.13999938964844,192.94427490234375,1281300
2017-08-22,223.72000122070312,225.60000610351562,223.69000244140625,225.39999389648438,194.89845275878906,1455700
2017-08-23,224.4600067138672,225.05999755859375,224.25999450683594,224.6300048828125,194.23268127441406,1462900
2017-08-24,225.0399932861328,225.1699981689453,223.8800048828125,224.11000061035156,193.7830352783203,1345100
2017-08-25,224.9499969482422,225.5800018310547,224.47000122070312,224.60000610351562,194.20672607421875,1220800
2017-08-28,225.16000366210938,225.2100067138672,224.19000244140625,224.67999267578125,194.27589416503906,801000
2017-08-29,223.25,225.16000366210938,223.14999389648438,224.85000610351562,194.42294311523438,1397400
2017-08-30,224.86000061035156,226.24000549316406,224.69000244140625,225.97000122070312,195.3912811279297,1377800
2017-08-31,226.6300048828125,227.5800018310547,226.5500030517578,227.3000030517578,196.54136657714844,2202700
2017-09-01,227.75999450683594,228.11000061035156,227.50999450683594,227.69000244140625,196.8786163330078,1393700
2017-09-05,227.10000610351562,227.35000610351562,224.97999572753906,226.00999450683594,195.4259490966797,2222300
2017-09-06,226.75999450683594,227.13999938964844,226.19000244140625,226.8000030517578,196.1090087890625,1523300
2017-09-07,227.1300048828125,227.1300048828125,226.33999633789062,226.75,196.06578063964844,1620300
2017-09-08,226.4499969482422,226.97999572753906,226.25,226.39999389648438,195.76312255859375,1896900
2017-09-11,227.85000610351562,229.00999450683594,227.83999633789062,228.8699951171875,197.89889526367188,2007200
2017-09-12,229.32000732421875,229.72000122070312,229.1300048828125,229.7100067138672,198.62518310546875,1535000
2017-09-13,229.3699951171875,229.85000610351562,229.27999877929688,229.85000610351562,198.74630737304688,1155800
2017-09-14,229.47000122070312,229.94000244140625,229.30999755859375,229.77000427246094,198.6771240234375,1857300
2017-09-15,229.6199951171875,230.1300048828125,229.49000549316406,230.08999633789062,198.95376586914062,1419700
2017-09-18,230.4600067138672,230.89999389648438,230.1199951171875,230.49000549316406,199.29969787597656,1325200
2017-09-19,230.7899932861328,230.85000610351562,230.44000244140625,230.77000427246094,199.54177856445312,1302400
2017-09-20,229.67999267578125,229.77999877929688,228.6300048828125,229.72000122070312,199.6512908935547,1850500
2017-09-21,229.5399932861328,229.5800018310547,228.8699951171875,229.07000732421875,199.08636474609375,1899900
2017-09-22,228.75,229.25999450683594,228.72000122070312,229.0399932861328,199.06027221679688,1599200
2017-09-25,228.82000732421875,229.1999969482422,227.86000061035156,228.6999969482422,198.76478576660156,1523300
2017-09-26,229.08999633789062,229.32000732421875,228.52999877929688,228.77999877929688,198.83432006835938,2335000
2017-09-27,229.52999877929688,230.05999755859375,228.60000610351562,229.6699981689453,199.6078338623047,2103600
2017-09-28,229.36000061035156,230.00999450683594,229.2899932861328,229.94000244140625,199.842529296875,1084700
2017-09-29,229.91000366210938,230.8300018310547,229.74000549316406,230.75999450683594,200.55519104003906,1726200
2017-10-02,231.0,231.72999572753906,230.91000366210938,231.72999572753906,201.39820861816406,1960600
2017-10-03,231.89999389648438,232.25,231.6699981689453,232.1999969482422,201.8066864013672,1316400
2017-10-04,232.1199951171875,232.77999877929688,231.97999572753906,232.52000427246094,202.08477783203125,1006700
2017-10-05,232.86000061035156,233.92999267578125,232.75999450683594,233.89999389648438,203.2841339111328,1471800
2017-10-06,233.4600067138672,233.6999969482422,233.17999267578125,233.67999267578125,203.09295654296875,1101500
2017-10-09,233.9199981689453,233.92999267578125,232.97999572753906,233.27000427246094,202.73663330078125,768300
2017-10-10,233.83999633789062,234.25,233.2899932861328,233.86000061035156,203.24942016601562,1027600
2017-10-11,233.74000549316406,234.24000549316406,233.60000610351562,234.24000549316406,203.5796661376953,1036400
2017-10-12,233.8699951171875,234.27000427246094,233.63999938964844,233.8800048828125,203.2667999267578,1079400
2017-10-13,234.3699951171875,234.47000122070312,234.02000427246094,234.13999938964844,203.49273681640625,1067900
2017-10-16,234.41000366210938,234.69000244140625,234.0399932861328,234.50999450683594,203.81431579589844,1767300
2017-10-17,234.47000122070312,234.69000244140625,234.22000122070312,234.66000366210938,203.9447021484375,1332100
2017-10-18,235.05999755859375,235.08999633789062,234.67999267578125,234.8699951171875,204.12718200683594,1527800
2017-10-19,234.02999877929688,234.99000549316406,233.6199951171875,234.99000549316406,204.2314910888672,1653600
2017-10-20,235.8000030517578,236.19000244140625,235.52999877929688,236.16000366210938,205.24835205078125,1296300
2017-10-23,236.49000549316406,236.49000549316406,235.14999389648438,235.3000030517578,204.50086975097656,1101000
2017-10-24,235.67999267578125,235.88999938964844,235.27000427246094,235.6300048828125,204.7877197265625,1818400
2017-10-25,235.3000030517578,235.41000366210938,233.2899932861328,234.5,203.80563354492188,1943400
2017-10-26,235.10000610351562,235.41000366210938,234.6699981689453,234.72000122070312,203.996826171875,3298200
2017-10-27,235.6300048828125,236.8800048828125,235.3000030517578,236.72000122070312,205.7350311279297,2825000
2017-10-30,235.6300048828125,236.6199951171875,235.52999877929688,235.86000061035156,204.98764038085938,1292500
2017-10-31,236.25999450683594,236.47000122070312,235.89999389648438,236.1300048828125,205.2222900390625,1357600
2017-11-01,237.02999877929688,237.38999938964844,236.1300048828125,236.5399932861328,205.57859802246094,2078300
2017-11-02,236.4499969482422,236.77000427246094,235.32000732421875,236.63999938964844,205.6654510498047,1908100
2017-11-03,236.8300018310547,237.44000244140625,236.33999633789062,237.42999267578125,206.35206604003906,1934200
2017-11-06,237.24000549316406,237.88999938964844,237.2100067138672,237.7899932861328,206.6649932861328,1688600
2017-11-07,237.88999938964844,238.22000122070312,237.11000061035156,237.69000244140625,206.57806396484375,1502700
2017-11-08,237.41000366210938,238.1199951171875,237.14999389648438,238.0399932861328,206.88223266601562,4711000
2017-11-09,236.72999572753906,237.33999633789062,235.47999572753906,237.17999267578125,206.1348419189453,1644100
2017-11-10,236.72000122070312,237.17999267578125,236.39999389648438,237.0399932861328,206.01312255859375,1019000
2017-11-13,236.3300018310547,237.52000427246094,236.30999755859375,237.32000732421875,206.2565155029297,900000
2017-11-14,236.44000244140625,236.85000610351562,235.63999938964844,236.74000549316406,205.75241088867188,2763300
2017-11-15,235.74000549316406,236.24000549316406,234.82000732421875,235.52999877929688,204.70082092285156,2436200
2017-11-16,236.52000427246094,237.92999267578125,236.5,237.5399932861328,206.4476776123047,1072300
2017-11-17,237.1699981689453,237.38999938964844,236.7899932861328,236.89999389648438,205.8914337158203,1370500
2017-11-20,237.1199951171875,237.47000122070312,236.86000061035156,237.2100067138672,206.16090393066406,1420400
2017-11-21,238.05999755859375,239.0,238.0,238.7899932861328,207.53411865234375,1151500
2017-11-22,238.86000061035156,238.9499969482422,238.44000244140625,238.6199951171875,207.38633728027344,2143500
2017-11-24,239.1199951171875,239.27999877929688,238.99000549316406,239.1199951171875,207.8208770751953,1219300
2017-11-27,239.19000244140625,239.52999877929688,238.8300018310547,239.0500030517578,207.7600860595703,2654000
2017-11-28,239.58999633789062,241.47999572753906,239.44000244140625,241.4199981689453,209.81985473632812,1800500
2017-11-29,241.60000610351562,242.17999267578125,240.83999633789062,241.3300018310547,209.7416229248047,2442100
2017-11-30,242.3000030517578,244.39999389648438,242.22999572753906,243.35000610351562,211.49722290039062,5451700
2017-12-01,243.25,243.7100067138672,239.52000427246094,242.89999389648438,211.1061553955078,3775600
2017-12-04,244.6999969482422,245.07000732421875,242.58999633789062,242.63999938964844,210.8802032470703,2162000
2017-12-05,242.91000366210938,243.5800018310547,241.6300048828125,241.77999877929688,210.13275146484375,1886300
2017-12-06,241.72999572753906,242.25999450683594,241.3300018310547,241.77000427246094,210.12403869628906,1204800
2017-12-07,241.69000244140625,242.91000366210938,241.5500030517578,242.57000732421875,210.81936645507812,2670000
2017-12-08,243.4499969482422,243.9199981689453,243.1999969482422,243.88999938964844,211.96652221679688,1685700
2017-12-11,244.02000427246094,244.7100067138672,243.89999389648438,244.67999267578125,212.6531219482422,2513300
2017-12-12,244.94000244140625,245.5800018310547,244.69000244140625,245.10000610351562,213.0181884765625,1855000
2017-12-13,245.36000061035156,245.8000030517578,244.97000122070312,245.0399932861328,212.96597290039062,1808300
2017-12-14,245.39999389648438,245.47999572753906,244.0,244.07000732421875,212.12298583984375,1932900
2017-12-15,245.14999389648438,246.5500030517578,245.07000732421875,246.1199951171875,213.90463256835938,3170800
2017-12-18,247.52000427246094,248.00999450683594,247.4499969482422,247.64999389648438,215.23440551757812,2089600
2017-12-19,247.9199981689453,247.9499969482422,246.6300048828125,246.75,214.4521484375,3170300
2017-12-20,247.72000122070312,247.77000427246094,246.27000427246094,246.55999755859375,214.28707885742188,2570000
2017-12-21,247.22000122070312,247.80999755859375,246.82000732421875,247.05999755859375,214.7216033935547,2262400
2017-12-22,247.08999633789062,247.1300048828125,246.44000244140625,247.00999450683594,214.6781463623047,1888500
2017-12-26,245.66000366210938,245.7100067138672,245.25999450683594,245.5399932861328,214.42835998535156,1492300
2017-12-27,245.7100067138672,246.02000427246094,245.3800048828125,245.67999267578125,214.5506591796875,1379100
2017-12-28,246.1300048828125,246.2100067138672,245.77000427246094,246.13999938964844,214.95237731933594,2346700
2017-12-29,246.75999450683594,246.77000427246094,245.02999877929688,245.2899932861328,214.2100372314453,2326700
2018-01-02,246.14999389648438,247.08999633789062,245.74000549316406,247.08999633789062,215.781982421875,2784300
2018-01-03,247.24000549316406,248.6999969482422,247.17999267578125,248.55999755859375,217.06573486328125,2917700
2018-01-04,249.27000427246094,250.1199951171875,249.1699981689453,249.64999389648438,218.0176239013672,2918000
2018-01-05,250.4600067138672,251.39999389648438,249.9499969482422,251.25,219.41493225097656,2190200
2018-01-08,251.16000366210938,251.8800048828125,250.8699951171875,251.77000427246094,219.86900329589844,2476200
2018-01-09,252.17999267578125,252.94000244140625,251.91000366210938,252.3000030517578,220.33187866210938,2129800
2018-01-10,251.50999450683594,252.1699981689453,250.82000732421875,251.8699951171875,219.95632934570312,1953600
2018-01-11,252.47000122070312,253.72999572753906,252.3300018310547,253.72999572753906,221.58065795898438,2280300
2018-01-12,254.02999877929688,255.55999755859375,253.89999389648438,255.41000366210938,223.04779052734375,2054900
2018-01-16,256.7900085449219,257.3999938964844,253.8000030517578,254.47999572753906,222.23562622070312,3719600
2018-01-17,255.5,257.3500061035156,254.74000549316406,256.94000244140625,224.38392639160156,1867700
2018-01-18,256.8399963378906,257.2699890136719,256.0199890136719,256.5899963378906,224.07826232910156,3154200
2018-01-19,257.1499938964844,257.69000244140625,256.5299987792969,257.67999267578125,225.03016662597656,2541200
2018-01-22,257.45001220703125,259.7799987792969,257.45001220703125,259.75,226.837890625,1607800
2018-01-23,259.8399963378906,260.6300048828125,259.510009765625,260.3399963378906,227.35313415527344,2161100
2018-01-24,261.0299987792969,261.6300048828125,259.0199890136719,260.2099914550781,227.23959350585938,2935500
2018-01-25,261.1700134277344,261.2200012207031,259.5299987792969,260.3299865722656,227.34442138671875,3585600
2018-01-26,261.3299865722656,263.3699951171875,260.9700012207031,263.3599853515625,229.99049377441406,2857300
2018-01-29,262.8299865722656,263.25,261.4800109863281,261.5400085449219,228.40113830566406,5145000
2018-01-30,259.6700134277344,260.3500061035156,258.4599914550781,258.75,225.964599609375,6678900
2018-01-31,259.8299865722656,260.3800048828125,257.95001220703125,258.989990234375,226.17417907714844,5585800
2018-02-01,258.2900085449219,260.1199951171875,257.95001220703125,258.7300109863281,225.94715881347656,3125700
2018-02-02,257.3699951171875,257.5,253.08999633789062,253.19000244140625,221.10910034179688,5532200
2018-02-05,251.25999450683594,253.47000122070312,241.9199981689453,242.7899932861328,212.02687072753906,8559200
2018-02-06,238.8000030517578,247.80999755859375,237.6699981689453,247.27999877929688,215.94789123535156,11701700
2018-02-07,246.7100067138672,250.27999877929688,245.9199981689453,245.92999267578125,214.7689666748047,6240200
2018-02-08,246.25,246.42999267578125,236.6999969482422,236.7899932861328,206.78704833984375,6985700
2018-02-09,239.60000610351562,242.1999969482422,232.4199981689453,240.44000244140625,209.97457885742188,9713100
2018-02-12,242.5,245.32000732421875,240.66000366210938,243.74000549316406,212.85647583007812,4236200
2018-02-13,242.6300048828125,245.0,241.97000122070312,244.55999755859375,213.5725555419922,3077700
2018-02-14,243.0,248.1199951171875,242.83999633789062,247.75999450683594,216.3671112060547,3650800
2018-02-15,249.60000610351562,250.97000122070312,246.97999572753906,250.97000122070312,219.17039489746094,2923800
2018-02-16,250.27000427246094,253.0,250.1699981689453,250.94000244140625,219.1441650390625,3007500
2018-02-20,250.0,251.50999450683594,248.60000610351562,249.4199981689453,217.81674194335938,3454400
2018-02-21,249.86000061035156,252.44000244140625,248.11000061035156,248.11000061035156,216.67274475097656,2798000
2018-02-22,249.1699981689453,250.89999389648438,247.80999755859375,248.41000366210938,216.9347686767578,3177700
2018-02-23,249.82000732421875,252.49000549316406,249.3000030517578,252.49000549316406,220.49778747558594,2923100
2018-02-26,253.55999755859375,255.5,252.99000549316406,255.39999389648438,223.0390625,1892000
2018-02-27,255.6300048828125,256.3399963378906,252.13999938964844,252.13999938964844,220.1920928955078,2947100
2018-02-28,253.3699951171875,253.82000732421875,249.33999633789062,249.33999633789062,217.74693298339844,2716600
2018-03-01,249.52999877929688,251.02999877929688,244.4499969482422,246.0500030517578,214.87380981445312,5182300
2018-03-02,244.24000549316406,247.86000061035156,243.3300018310547,247.36000061035156,216.0177764892578,3276500
2018-03-05,246.02000427246094,250.7899932861328,245.9499969482422,250.1999969482422,218.49790954589844,3024600
2018-03-06,251.22000122070312,251.25,249.22999572753906,250.8300018310547,219.048095703125,1932000
2018-03-07,248.5399932861328,251.07000732421875,248.36000061035156,250.72000122070312,218.95199584960938,2730200
2018-03-08,251.39999389648438,252.02000427246094,250.36000061035156,251.88999938964844,219.97381591796875,3021600
2018-03-09,253.39999389648438,256.260009765625,253.0500030517578,256.25,223.7813720703125,2450800
2018-03-12,256.6400146484375,257.25,255.5800018310547,256.0,223.5630340576172,2029200
2018-03-13,257.20001220703125,257.7099914550781,253.7100067138672,254.30999755859375,222.08718872070312,3080600
2018-03-14,255.3300018310547,255.50999450683594,252.4600067138672,252.97000122070312,220.9169464111328,2352700
2018-03-15,253.5500030517578,254.2100067138672,252.22000122070312,252.72999572753906,220.70738220214844,2161500
2018-03-16,253.22999572753906,254.0800018310547,252.97000122070312,252.99000549316406,220.9344482421875,1554600
2018-03-19,252.25,252.25999450683594,247.8699951171875,249.61000061035156,217.9827117919922,2715800
2018-03-20,249.99000549316406,250.66000366210938,249.3300018310547,250.0500030517578,218.36692810058594,1991400
2018-03-21,249.94000244140625,252.1199951171875,249.30999755859375,249.47000122070312,217.86044311523438,2777300
2018-03-22,247.11000061035156,248.0800018310547,243.02999877929688,243.27000427246094,212.446044921875,3589400
2018-03-23,243.74000549316406,244.08999633789062,237.9199981689453,238.08999633789062,207.92234802246094,3815500
2018-03-26,240.82000732421875,243.80999755859375,238.32000732421875,243.52999877929688,213.64578247070312,5529000
2018-03-27,244.47000122070312,245.0399932861328,237.77000427246094,239.30999755859375,209.9436492919922,3363600
2018-03-28,239.4600067138672,241.22000122070312,237.52999877929688,238.63999938964844,209.35586547851562,4384100
2018-03-29,239.85000610351562,243.61000061035156,239.0800018310547,242.0800018310547,212.37374877929688,2910800
2018-04-02,241.19000244140625,241.6999969482422,233.9199981689453,236.47999572753906,207.4608612060547,4696400
2018-04-03,237.80999755859375,240.0,235.92999267578125,239.47999572753906,210.09274291992188,3287900
2018-04-04,235.8699951171875,242.80999755859375,235.6999969482422,242.24000549316406,212.5140838623047,4598000
2018-04-05,243.89999389648438,244.88999938964844,242.8000030517578,243.99000549316406,214.04933166503906,3436600
2018-04-06,241.94000244140625,243.50999450683594,236.97999572753906,238.6199951171875,209.33831787109375,4931600
2018-04-09,240.14999389648438,243.25,239.32000732421875,239.58999633789062,210.1892547607422,2956000
2018-04-10,242.75,244.3800048828125,241.57000732421875,243.5399932861328,213.65455627441406,2903800
2018-04-11,242.0,243.99000549316406,241.9499969482422,242.25,212.5228729248047,2068300
2018-04-12,243.7100067138672,245.25,243.47000122070312,244.27999877929688,214.30372619628906,1723600
2018-04-13,245.83999633789062,245.83999633789062,242.5,243.60000610351562,213.70721435546875,2887700
2018-04-16,245.27000427246094,246.35000610351562,244.41000366210938,245.5800018310547,215.44422912597656,2149200
2018-04-17,247.4199981689453,248.80999755859375,246.8800048828125,248.22000122070312,217.76025390625,2301800
2018-04-18,248.66000366210938,249.22000122070312,247.94000244140625,248.36000061035156,217.88308715820312,1365100
2018-04-19,247.6199951171875,247.88999938964844,245.9600067138672,247.0,216.68994140625,1997100
2018-04-20,246.9499969482422,247.1300048828125,243.97000122070312,245.0,214.93540954589844,2103900
2018-04-23,245.5500030517578,246.0800018310547,243.75,244.88999938964844,214.83888244628906,1472600
2018-04-24,245.97000122070312,246.1199951171875,240.00999450683594,241.5500030517578,211.9087677001953,3653500
2018-04-25,241.50999450683594,242.6300048828125,239.60000610351562,242.1699981689453,212.45269775390625,2354800
2018-04-26,243.22000122070312,245.47000122070312,242.77000427246094,244.66000366210938,214.6371612548828,2106800
2018-04-27,245.22999572753906,245.57000732421875,243.88999938964844,244.9199981689453,214.86521911621094,2178600
2018-04-30,245.50999450683594,246.0500030517578,242.85000610351562,242.9199981689453,213.11065673828125,2146100
2018-05-01,242.4499969482422,243.52000427246094,240.75999450683594,243.44000244140625,213.5668182373047,2323100
2018-05-02,243.2100067138672,244.02000427246094,241.36000061035156,241.77999877929688,212.1105194091797,1636400
2018-05-03,240.8800048828125,241.89999389648438,237.9199981689453,241.2100067138672,211.61048889160156,2666500
2018-05-04,240.25,245.05999755859375,239.88999938964844,244.41000366210938,214.4177703857422,1785200
2018-05-07,245.19000244140625,246.19000244140625,244.4600067138672,245.1699981689453,215.0845184326172,3127200
2018-05-08,244.8300018310547,245.52999877929688,243.57000732421875,245.16000366210938,215.07579040527344,1924500
2018-05-09,245.86000061035156,247.89999389648438,245.36000061035156,247.5399932861328,217.16368103027344,1506200
2018-05-10,248.36000061035156,250.1999969482422,248.25,249.86000061035156,219.19900512695312,1537600
2018-05-11,250.0399932861328,250.9199981689453,249.47999572753906,250.47000122070312,219.73411560058594,1703500
2018-05-14,251.1199951171875,251.75999450683594,250.2100067138672,250.75,219.97982788085938,1478200
2018-05-15,249.5,249.52000427246094,248.05999755859375,249.02999877929688,218.47084045410156,2600600
2018-05-16,249.0800018310547,250.5399932861328,249.07000732421875,250.08999633789062,219.4007568359375,2588700
2018-05-17,249.7899932861328,250.99000549316406,249.0800018310547,249.8800048828125,219.21656799316406,1714200
2018-05-18,249.52999877929688,249.85000610351562,248.88999938964844,249.25999450683594,218.67259216308594,1702800
2018-05-21,250.77000427246094,251.67999267578125,250.42999267578125,251.08999633789062,220.27810668945312,1262900
2018-05-22,251.6699981689453,251.94000244140625,250.10000610351562,250.3699951171875,219.64642333984375,1055400
2018-05-23,249.1199951171875,251.14999389648438,248.9499969482422,251.14999389648438,220.33071899414062,1484100
2018-05-24,250.74000549316406,251.0,248.75999450683594,250.6699981689453,219.9095916748047,2025300
2018-05-25,250.0399932861328,250.63999938964844,249.49000549316406,250.0399932861328,219.35693359375,1654700
2018-05-29,248.27999877929688,249.0800018310547,245.97000122070312,247.14999389648438,216.82156372070312,4465800
2018-05-30,248.52999877929688,250.8800048828125,248.42999267578125,250.41000366210938,219.6815643310547,1359700
2018-05-31,249.99000549316406,250.3000030517578,248.27999877929688,248.7899932861328,218.2603759765625,2378800
2018-06-01,250.22999572753906,251.64999389648438,250.1699981689453,251.41000366210938,220.55880737304688,1953900
2018-06-04,252.1699981689453,252.8000030517578,251.9600067138672,252.52000427246094,221.53262329101562,2031500
2018-06-05,252.66000366210938,253.1300048828125,251.8699951171875,252.8699951171875,221.83966064453125,1491200
2018-06-06,253.3699951171875,254.9600067138672,252.72000122070312,254.88999938964844,223.61175537109375,2763200
2018-06-07,255.3699951171875,255.6999969482422,253.8800048828125,254.77000427246094,223.5064697265625,2615900
2018-06-08,254.36000061035156,255.6199951171875,254.19000244140625,255.57000732421875,224.2082977294922,1517500
2018-06-11,255.7899932861328,256.6700134277344,255.6999969482422,255.89999389648438,224.4978485107422,2648000
2018-06-12,256.3900146484375,256.6300048828125,255.60000610351562,256.3299865722656,224.87509155273438,1182200
2018-06-13,256.5299987792969,256.7699890136719,255.22999572753906,255.30999755859375,223.98023986816406,2507800
2018-06-14,256.30999755859375,256.6199951171875,255.4600067138672,256.04998779296875,224.62937927246094,1913800
2018-06-15,255.27000427246094,256.07000732421875,254.1300048828125,255.8300018310547,224.43638610839844,2000100
2018-06-18,254.17999267578125,255.36000061035156,253.7100067138672,255.22000122070312,223.9012908935547,2015800
2018-06-19,252.8300018310547,254.4600067138672,252.4199981689453,254.25,223.05029296875,1863300
2018-06-20,254.97000122070312,255.3699951171875,254.32000732421875,254.7100067138672,223.453857421875,1578200
2018-06-21,254.66000366210938,254.6699981689453,252.5800018310547,253.1199951171875,222.05897521972656,4037600
2018-06-22,254.39999389648438,254.52000427246094,253.32000732421875,253.57000732421875,222.45376586914062,3092000
2018-06-25,252.3699951171875,252.50999450683594,248.35000610351562,250.05999755859375,219.37451171875,6690000
2018-06-26,250.66000366210938,251.52999877929688,249.91000366210938,250.61000061035156,219.85696411132812,2968600
2018-06-27,251.27000427246094,252.72999572753906,248.42999267578125,248.52999877929688,218.03224182128906,3433800
2018-06-28,247.3000030517578,249.60000610351562,246.6300048828125,248.8800048828125,219.3604736328125,2638400
2018-06-29,249.97999572753906,251.36000061035156,249.10000610351562,249.50999450683594,219.91578674316406,3711600
2018-07-02,247.55999755859375,249.88999938964844,247.32000732421875,249.8000030517578,220.17132568359375,1943100
2018-07-03,250.67999267578125,250.75999450683594,248.44000244140625,248.7899932861328,219.28115844726562,1157900
2018-07-05,250.07000732421875,250.94000244140625,248.91000366210938,250.9199981689453,221.1585235595703,1948100
2018-07-06,250.91000366210938,253.38999938964844,250.52000427246094,253.00999450683594,223.0006103515625,2622200
2018-07-09,254.0500030517578,255.32000732421875,254.00999450683594,255.25,224.9749298095703,3979500
2018-07-10,255.75,256.29998779296875,255.4499969482422,256.1400146484375,225.7593536376953,1314500
2018-07-11,254.60000610351562,255.41000366210938,254.02999877929688,254.38999938964844,224.21693420410156,2335100
2018-07-12,255.66000366210938,256.6600036621094,255.00999450683594,256.57000732421875,226.13832092285156,2874000
2018-07-13,256.489990234375,257.1600036621094,255.99000549316406,256.7900085449219,226.33224487304688,1814500
2018-07-16,256.8900146484375,257.010009765625,256.1600036621094,256.6300048828125,226.19125366210938,993500
2018-07-17,255.85000610351562,258.05999755859375,255.8000030517578,257.7300109863281,227.16079711914062,1825900
2018-07-18,257.760009765625,258.32000732421875,257.2799987792969,258.20001220703125,227.57501220703125,2606800
2018-07-19,257.5,257.8999938964844,256.75,257.2200012207031,226.71124267578125,2050500
2018-07-20,257.0,257.6499938964844,256.7799987792969,256.9800109863281,226.499755859375,2710700
2018-07-23,256.7300109863281,257.6099853515625,256.3999938964844,257.4700012207031,226.93167114257812,1447000
2018-07-24,258.8399963378906,259.57000732421875,257.82000732421875,258.67999267578125,227.99810791015625,2916000
2018-07-25,258.5400085449219,261.25,258.42999267578125,261.04998779296875,230.0869903564453,2608700
2018-07-26,260.1400146484375,261.010009765625,260.1000061035156,260.2799987792969,229.40835571289062,2166500
2018-07-27,260.7300109863281,260.739990234375,257.5799865722656,258.5899963378906,227.91879272460938,2666200
2018-07-30,258.6000061035156,258.7799987792969,256.6400146484375,257.1000061035156,226.60552978515625,1601400
2018-07-31,258.0199890136719,259.0899963378906,257.6000061035156,258.3999938964844,227.75132751464844,1992500
2018-08-01,258.6400146484375,259.19000244140625,257.3500061035156,258.0799865722656,227.4693145751953,1651700
2018-08-02,256.7300109863281,259.6000061035156,256.4800109863281,259.3900146484375,228.62388610839844,1767300
2018-08-03,259.6000061035156,260.6600036621094,259.3900146484375,260.6600036621094,229.74325561523438,2017600
2018-08-06,260.55999755859375,261.8299865722656,260.20001220703125,261.6400146484375,230.6070098876953,1843000
2018-08-07,262.20001220703125,262.7799987792969,262.0799865722656,262.3699951171875,231.2504119873047,2619200
2018-08-08,262.2300109863281,262.6700134277344,261.7900085449219,262.2300109863281,231.12704467773438,1560400
2018-08-09,262.3299865722656,262.739990234375,261.760009765625,261.8999938964844,230.83615112304688,1084400
2018-08-10,260.3599853515625,260.9599914550781,259.42999267578125,260.1199951171875,229.26731872558594,2395500
2018-08-13,260.4100036621094,261.07000732421875,258.8999938964844,259.1400146484375,228.40357971191406,3684700
2018-08-14,259.94000244140625,261.07000732421875,259.54998779296875,260.80999755859375,229.87542724609375,1531800
2018-08-15,259.42999267578125,259.54998779296875,257.3900146484375,258.8900146484375,228.18321228027344,2587800
2018-08-16,260.3599853515625,261.8900146484375,260.3500061035156,260.989990234375,230.03408813476562,1693100
2018-08-17,260.7099914550781,262.3800048828125,260.3500061035156,261.8599853515625,230.80084228515625,2278800
2018-08-20,262.3999938964844,262.739990234375,261.8999938964844,262.44000244140625,231.3121337890625,1245500
2018-08-21,263.010009765625,263.9700012207031,262.8599853515625,263.010009765625,231.8144989013672,1937900
2018-08-22,262.6400146484375,263.45001220703125,262.3900146484375,262.92999267578125,231.74400329589844,1708100
2018-08-23,262.67999267578125,263.6300048828125,262.2099914550781,262.54998779296875,231.4090576171875,2308100
2018-08-24,263.1600036621094,264.2900085449219,263.1099853515625,264.20001220703125,232.8633575439453,2328900
2018-08-27,265.3800048828125,266.3500061035156,265.260009765625,266.19000244140625,234.6173553466797,2371000
2018-08-28,266.760009765625,266.8299865722656,265.8900146484375,266.3399963378906,234.74949645996094,3026900
2018-08-29,266.5899963378906,268.04998779296875,266.3399963378906,267.79998779296875,236.0364227294922,2116100
2018-08-30,267.30999755859375,267.7099914550781,266.1199951171875,266.7099914550781,235.07565307617188,2625500
2018-08-31,266.3299865722656,267.2200012207031,265.8299865722656,266.7200012207031,235.08448791503906,3172400
2018-09-04,266.3500061035156,266.6600036621094,265.260009765625,266.3500061035156,234.7583770751953,3623300
2018-09-05,265.9100036621094,266.1300048828125,264.5199890136719,265.6000061035156,234.09735107421875,4595500
2018-09-06,265.69000244140625,265.989990234375,263.70001220703125,264.82000732421875,233.40985107421875,1687900
2018-09-07,263.6300048828125,265.260009765625,263.45001220703125,264.17999267578125,232.84567260742188,2634100
2018-09-10,265.2799987792969,265.57000732421875,264.510009765625,264.67999267578125,233.28640747070312,2832700
2018-09-11,264.0299987792969,266.04998779296875,263.67999267578125,265.67999267578125,234.16781616210938,3420400
2018-09-12,265.6099853515625,266.260009765625,264.8299865722656,265.7099914550781,234.1942596435547,3019800
2018-09-13,266.7799987792969,267.4200134277344,266.4700012207031,267.2200012207031,235.52516174316406,2087500
2018-09-14,267.4700012207031,267.6199951171875,266.4700012207031,267.3599853515625,235.64859008789062,1861000
2018-09-17,267.2200012207031,267.260009765625,265.5899963378906,265.8500061035156,234.31768798828125,2515300
2018-09-18,266.1000061035156,267.9200134277344,266.0899963378906,267.29998779296875,235.59567260742188,1823600
2018-09-19,267.3500061035156,268.0299987792969,267.2300109863281,267.6000061035156,235.86007690429688,2077500
2018-09-20,268.8900146484375,270.1000061035156,268.7900085449219,269.75,237.755126953125,3349700
2018-09-21,270.54998779296875,270.6700134277344,269.3699951171875,269.55999755859375,237.5876007080078,1352500
2018-09-24,268.92999267578125,269.07000732421875,268.0199890136719,268.6600036621094,236.7943878173828,2070900
2018-09-25,269.1000061035156,269.1700134277344,268.1499938964844,268.3299865722656,236.5035400390625,2360400
2018-09-26,267.32000732421875,268.5400085449219,265.95001220703125,266.3399963378906,235.8102264404297,2568400
2018-09-27,266.8800048828125,268.239990234375,266.6000061035156,267.0799865722656,236.46543884277344,3077500
2018-09-28,266.5,267.6499938964844,266.42999267578125,267.04998779296875,236.43893432617188,1774300
2018-10-01,268.4599914550781,269.17999267578125,267.3900146484375,268.0400085449219,237.31539916992188,1968800
2018-10-02,267.9700012207031,268.6700134277344,267.54998779296875,268.010009765625,237.28883361816406,3034100
2018-10-03,269.0199890136719,269.4700012207031,267.7200012207031,268.239990234375,237.492431640625,2505800
2018-10-04,267.57000732421875,267.6600036621094,264.3699951171875,266.0400085449219,235.544677734375,5004400
2018-10-05,266.19000244140625,266.7699890136719,263.0199890136719,264.5400085449219,234.21661376953125,2564700
2018-10-08,263.7699890136719,264.8500061035156,262.3800048828125,264.4700012207031,234.15464782714844,3219600
2018-10-09,264.1000061035156,265.45001220703125,263.54998779296875,264.1300048828125,233.85362243652344,2078000
2018-10-10,263.6199951171875,263.6199951171875,255.3699951171875,255.60000610351562,226.3013916015625,5803900
2018-10-11,254.80999755859375,256.2900085449219,248.4499969482422,250.22000122070312,221.53805541992188,9037000
2018-10-12,254.38999938964844,254.63999938964844,250.3000030517578,253.60000610351562,224.53065490722656,7116700
2018-10-15,253.19000244140625,254.55999755859375,252.0399932861328,252.2100067138672,223.2999267578125,3306200
2018-10-16,254.13999938964844,258.1000061035156,253.6999969482422,257.5799865722656,228.0543975830078,3308500
2018-10-17,257.75,258.3399963378906,255.07000732421875,257.6700134277344,228.13406372070312,2845800
2018-10-18,256.75,257.3500061035156,252.69000244140625,254.0500030517578,224.9290313720703,3046800
2018-10-19,254.6699981689453,256.6199951171875,253.14999389648438,253.85000610351562,224.751953125,2684200
2018-10-22,254.5500030517578,254.86000061035156,252.1699981689453,252.8000030517578,223.82232666015625,2102000
2018-10-23,249.0,252.5800018310547,246.83999633789062,251.27999877929688,222.47659301757812,5206500
2018-10-24,251.19000244140625,251.5500030517578,243.25,243.77999877929688,215.8362579345703,4065700
2018-10-25,245.7100067138672,249.7899932861328,244.6699981689453,248.14999389648438,219.70533752441406,4443800
2018-10-26,244.33999633789062,246.97999572753906,241.0399932861328,243.75999450683594,215.81851196289062,5278700
2018-10-29,247.02999877929688,248.35000610351562,238.7899932861328,242.5,214.7029571533203,5126200
2018-10-30,242.30999755859375,246.3800048828125,241.8000030517578,246.2100067138672,217.98768615722656,3619100
2018-10-31,248.72000122070312,251.0800018310547,248.27000427246094,248.7899932861328,220.27200317382812,4073400
2018-11-01,249.6300048828125,251.5399932861328,248.4600067138672,251.3699951171875,222.5562286376953,2870700
2018-11-02,252.44000244140625,252.89999389648438,247.75,249.80999755859375,221.17503356933594,3184500
2018-11-05,250.32000732421875,251.7899932861328,249.38999938964844,251.22999572753906,222.43228149414062,1912100
2018-11-06,251.17999267578125,252.97999572753906,251.1199951171875,252.82000732421875,223.84005737304688,2255200
2018-11-07,255.07000732421875,258.32000732421875,254.64999389648438,258.1600036621094,228.56793212890625,3090800
2018-11-08,257.489990234375,258.44000244140625,256.6499938964844,257.7200012207031,228.1783905029297,2466900
2018-11-09,256.5,256.6400146484375,253.80999755859375,255.33999633789062,226.0711669921875,3078700
2018-11-12,254.69000244140625,254.9600067138672,249.9499969482422,250.41000366210938,221.706298828125,2710200
2018-11-13,250.9600067138672,253.00999450683594,249.27999877929688,249.99000549316406,221.33447265625,3097000
2018-11-14,251.9600067138672,252.33999633789062,246.66000366210938,248.27999877929688,219.8204345703125,3619900
2018-11-15,247.02000427246094,251.38999938964844,245.42999267578125,250.85000610351562,222.09585571289062,3911900
2018-11-16,249.77000427246094,252.47000122070312,249.25999450683594,251.49000549316406,222.66246032714844,2342800
2018-11-19,250.94000244140625,251.2100067138672,246.35000610351562,247.32000732421875,218.97048950195312,2973700
2018-11-20,243.83999633789062,245.32000732421875,241.8300018310547,242.77000427246094,214.9420166015625,5000900
2018-11-21,244.24000549316406,245.44000244140625,243.52000427246094,243.5800018310547,215.6591796875,2425500
2018-11-23,241.8000030517578,243.35000610351562,241.72999572753906,242.00999450683594,214.2691650390625,830900
2018-11-26,244.22999572753906,245.83999633789062,243.85000610351562,245.8000030517578,217.62466430664062,2498500
2018-11-27,244.72999572753906,246.60000610351562,244.1199951171875,246.57000732421875,218.3064422607422,2849700
2018-11-28,247.72000122070312,252.3300018310547,246.75,252.3300018310547,223.4062042236328,3723300
2018-11-29,251.5399932861328,253.25,250.36000061035156,251.80999755859375,222.94581604003906,3279400
2018-11-30,251.63999938964844,253.94000244140625,251.35000610351562,253.47999572753906,224.42440795898438,2992800
2018-12-03,257.6499938964844,257.739990234375,255.05999755859375,256.6099853515625,227.19557189941406,3943500
2018-12-04,255.85000610351562,256.2699890136719,248.05999755859375,248.64999389648438,220.14797973632812,3837400
2018-12-06,244.4199981689453,248.08999633789062,241.1300048828125,248.02000427246094,219.59027099609375,7712700
2018-12-07,247.6300048828125,249.24000549316406,241.3699951171875,242.25999450683594,214.4905242919922,3928400
2018-12-10,242.0,243.6199951171875,237.6199951171875,242.5500030517578,214.74722290039062,5983700
2018-12-11,245.9499969482422,246.1199951171875,241.19000244140625,242.6199951171875,214.80918884277344,4543200
2018-12-12,245.8000030517578,247.16000366210938,243.85000610351562,243.9600067138672,215.99559020996094,4117000
2018-12-13,244.86000061035156,245.75999450683594,242.6999969482422,243.8800048828125,215.92477416992188,2610800
2018-12-14,241.64999389648438,242.6300048828125,238.77000427246094,239.3800048828125,211.94061279296875,5088500
2018-12-17,237.05999755859375,238.22000122070312,231.67999267578125,233.22999572753906,207.61349487304688,6127200
2018-12-18,235.0,235.67999267578125,231.47999572753906,233.13999938964844,207.53335571289062,4691400
2018-12-19,233.2100067138672,237.0,227.77999877929688,229.4199981689453,204.22193908691406,8215600
2018-12-20,228.35000610351562,229.89999389648438,223.5399932861328,225.64999389648438,200.8660430908203,12141900
2018-12-21,226.74000549316406,229.4600067138672,220.57000732421875,221.16000366210938,196.8692169189453,11811600
2018-12-24,219.74000549316406,220.8000030517578,215.07000732421875,215.07000732421875,191.44810485839844,8493500
2018-12-26,216.8800048828125,226.10000610351562,214.8300018310547,225.9499969482422,201.1331024169922,11598000
2018-12-27,222.9600067138672,228.1199951171875,219.60000610351562,228.0500030517578,203.0024871826172,9578400
2018-12-28,229.32000732421875,231.07000732421875,226.52000427246094,227.75999450683594,202.74429321289062,7436100
2018-12-31,229.30999755859375,229.97000122070312,227.4499969482422,229.80999755859375,204.56915283203125,6683900
2019-01-02,226.17999267578125,230.85000610351562,226.02000427246094,229.99000549316406,204.72935485839844,4891300
2019-01-03,228.10000610351562,228.4199981689453,223.97000122070312,224.5,199.84237670898438,3329600
2019-01-04,227.5399932861328,232.6199951171875,227.14999389648438,231.91000366210938,206.43850708007812,5100100
2019-01-07,232.2899932861328,235.22999572753906,231.32000732421875,233.64999389648438,207.9873809814453,3706000
2019-01-08,236.0500030517578,236.4600067138672,233.42999267578125,235.9199981689453,210.00802612304688,3546600
2019-01-09,236.7100067138672,237.94000244140625,235.4600067138672,237.00999450683594,210.97833251953125,4565000
2019-01-10,235.64999389648438,238.1699981689453,234.85000610351562,238.0,211.85960388183594,2813500
2019-01-11,236.85000610351562,238.0,236.24000549316406,237.88999938964844,211.76171875,2551000
2019-01-14,236.10000610351562,237.38999938964844,235.69000244140625,236.5800018310547,210.59555053710938,2653400
2019-01-15,236.97000122070312,239.58999633789062,236.97000122070312,239.35000610351562,213.06137084960938,5103700
2019-01-16,239.72000122070312,240.77000427246094,239.52000427246094,239.8800048828125,213.53311157226562,4066700
2019-01-17,239.0,242.5500030517578,238.9499969482422,241.6699981689453,215.12652587890625,3059000
2019-01-18,243.55999755859375,245.3699951171875,242.75999450683594,244.9199981689453,218.01954650878906,4943300
2019-01-22,243.38999938964844,243.5800018310547,239.97000122070312,241.66000366210938,215.11764526367188,5786300
2019-01-23,242.67999267578125,243.33999633789062,239.5800018310547,242.02000427246094,215.4381103515625,3076400
2019-01-24,241.89999389648438,242.82000732421875,240.91000366210938,242.25999450683594,215.6517333984375,2197100
2019-01-25,244.11000061035156,245.11000061035156,243.6699981689453,244.32000732421875,217.4854736328125,3677500
2019-01-28,242.08999633789062,242.49000549316406,240.6300048828125,242.42999267578125,215.8030242919922,2407800
2019-01-29,242.5500030517578,243.1199951171875,241.27000427246094,242.1300048828125,215.53598022460938,2436900
2019-01-30,243.66000366210938,246.77999877929688,242.8800048828125,245.9600067138672,218.94529724121094,6028400
2019-01-31,245.86000061035156,248.52999877929688,245.67999267578125,248.00999450683594,220.7701873779297,5308100
2019-02-01,248.30999755859375,249.2899932861328,247.4600067138672,248.22000122070312,220.95706176757812,3718500
2019-02-04,248.3000030517578,250.02000427246094,247.58999633789062,249.99000549316406,222.53274536132812,2541700
2019-02-05,250.44000244140625,251.3300018310547,249.9199981689453,251.10000610351562,223.52078247070312,3613300
2019-02-06,250.75,251.22000122070312,249.9499969482422,250.7899932861328,223.2447967529297,2052200
2019-02-07,249.0399932861328,249.5800018310547,246.6199951171875,248.3300018310547,221.0550537109375,3907800
2019-02-08,247.00999450683594,248.7100067138672,246.1999969482422,248.64999389648438,221.33984375,2512600
2019-02-11,249.27999877929688,249.50999450683594,248.22000122070312,248.77999877929688,221.4556427001953,2986600
2019-02-12,250.3800048828125,252.36000061035156,250.33999633789062,252.0,224.32191467285156,5980500
2019-02-13,252.82000732421875,253.66000366210938,252.38999938964844,252.75999450683594,224.9984588623047,3569100
2019-02-14,251.64999389648438,253.36000061035156,250.8300018310547,252.1999969482422,224.49993896484375,3247800
2019-02-15,254.02999877929688,255.0,253.80999755859375,254.97999572753906,226.97463989257812,2806600
2019-02-19,254.14999389648438,256.0899963378906,254.14999389648438,255.4199981689453,227.36631774902344,2509300
2019-02-20,255.41000366210938,256.3800048828125,254.88999938964844,256.010009765625,227.89151000976562,2156300
2019-02-21,255.3300018310547,255.63999938964844,254.0399932861328,255.0800018310547,227.0636749267578,2020000
2019-02-22,255.69000244140625,256.80999755859375,255.4499969482422,256.6099853515625,228.42559814453125,2119400
2019-02-25,258.0899963378906,258.6099853515625,256.8800048828125,256.989990234375,228.7638397216797,2941300
2019-02-26,256.54998779296875,257.6400146484375,256.4100036621094,256.79998779296875,228.59474182128906,4629600
2019-02-27,256.05999755859375,257.0199890136719,255.10000610351562,256.6700134277344,228.47900390625,2136400
2019-02-28,256.4200134277344,256.8800048828125,255.85000610351562,256.07000732421875,227.94488525390625,2207000
2019-03-01,257.80999755859375,258.2099914550781,256.3299865722656,257.8299865722656,229.51158142089844,2867000
2019-03-04,258.8699951171875,259.1000061035156,254.49000549316406,256.8399963378906,228.6303253173828,3384200
2019-03-05,256.989990234375,257.1700134277344,255.9600067138672,256.5400085449219,228.36331176757812,2475900
2019-03-06,256.6199951171875,256.6199951171875,254.60000610351562,254.89999389648438,226.90345764160156,2514900
2019-03-07,254.47999572753906,254.60000610351562,251.9499969482422,252.85000610351562,225.07859802246094,6441200
2019-03-08,250.8800048828125,252.4499969482422,250.33999633789062,252.33999633789062,224.62457275390625,4522300
2019-03-11,253.0399932861328,256.1199951171875,253.02000427246094,256.0199890136719,227.90040588378906,1884200
2019-03-12,256.5199890136719,257.4599914550781,256.3699951171875,256.92999267578125,228.71043395996094,2271900
2019-03-13,257.8399963378906,259.5899963378906,257.69000244140625,258.67999267578125,230.26824951171875,1974300
2019-03-14,258.67999267578125,259.1199951171875,258.0400085449219,258.5899963378906,230.18814086914062,1557500
2019-03-15,259.0199890136719,260.57000732421875,258.8699951171875,259.8500061035156,231.30975341796875,3151200
2019-03-18,260.0,260.989990234375,259.7699890136719,260.7799987792969,232.13754272460938,1830000
2019-03-19,261.80999755859375,262.5899963378906,259.8800048828125,260.8599853515625,232.2088165283203,4061800
2019-03-20,260.5400085449219,261.7699890136719,258.8399963378906,259.92999267578125,231.38096618652344,3415200
2019-03-21,257.67999267578125,261.8599853515625,257.67999267578125,261.42999267578125,234.0261993408203,2968300
2019-03-22,260.07000732421875,260.6099853515625,256.3699951171875,256.4599914550781,229.5771484375,4317400
2019-03-25,256.0899963378906,257.2799987792969,254.9499969482422,256.2300109863281,229.3712921142578,2893600
2019-03-26,258.010009765625,259.1199951171875,256.7300109863281,258.0799865722656,231.02737426757812,3177600
2019-03-27,258.1499938964844,258.7300109863281,255.22999572753906,256.8800048828125,229.95315551757812,2714300
2019-03-28,257.45001220703125,258.2200012207031,256.2699890136719,257.8800048828125,230.8483428955078,1716700
2019-03-29,259.3399963378906,259.7200012207031,258.17999267578125,259.5400085449219,232.3343505859375,2831100
2019-04-01,261.4599914550781,262.7799987792969,261.19000244140625,262.5299987792969,235.0109100341797,3303900
2019-04-02,262.6700134277344,262.8500061035156,261.80999755859375,262.6199951171875,235.09144592285156,1512600
2019-04-03,263.8699951171875,264.25,262.3999938964844,263.1099853515625,235.5301055908203,1933900
2019-04-04,263.3699951171875,263.9599914550781,262.6700134277344,263.739990234375,236.09408569335938,1738500
2019-04-05,264.4200134277344,265.05999755859375,264.1199951171875,265.010009765625,237.23097229003906,1505000
2019-04-08,264.57000732421875,265.30999755859375,263.9100036621094,265.239990234375,237.43682861328125,1720100
2019-04-09,264.2200012207031,264.5400085449219,263.2900085449219,263.8299865722656,236.1746063232422,2016900
2019-04-10,264.25,264.8399963378906,263.8500061035156,264.739990234375,236.98924255371094,2990600
2019-04-11,265.239990234375,265.239990234375,264.0899963378906,264.69000244140625,236.94444274902344,1567700
2019-04-12,266.3299865722656,266.7699890136719,265.6300048828125,266.4800109863281,238.5467987060547,1903400
2019-04-15,266.57000732421875,266.6400146484375,265.4700012207031,266.29998779296875,238.3857421875,1584500
2019-04-16,267.20001220703125,267.239990234375,265.8599853515625,266.489990234375,238.5557403564453,2447700
2019-04-17,267.5899963378906,267.6099853515625,265.3999938964844,265.8399963378906,237.9739532470703,1872400
2019-04-18,266.44000244140625,266.6000061035156,265.0799865722656,266.3399963378906,238.42147827148438,2788900
2019-04-22,265.55999755859375,266.7099914550781,265.4700012207031,266.6000061035156,238.654296875,1126500
2019-04-23,266.9599914550781,269.19000244140625,266.7099914550781,268.8999938964844,240.71316528320312,2618300
2019-04-24,268.8900146484375,269.2099914550781,268.2300109863281,268.3699951171875,240.2387237548828,1393400
2019-04-25,268.2799987792969,268.8800048828125,266.9800109863281,268.2699890136719,240.14923095703125,1237400
2019-04-26,268.2799987792969,269.5400085449219,267.4599914550781,269.5,241.25030517578125,2172600
2019-04-29,269.55999755859375,270.4100036621094,269.4599914550781,269.8399963378906,241.55465698242188,1892500
2019-04-30,269.55999755859375,270.30999755859375,268.1099853515625,270.010009765625,241.70672607421875,2024600
2019-05-01,270.67999267578125,270.8699951171875,268.0,268.0400085449219,239.94329833984375,2669400
2019-05-02,267.8800048828125,268.79998779296875,265.92999267578125,267.510009765625,239.4688720703125,3009000
2019-05-03,268.9200134277344,270.32000732421875,268.70001220703125,270.04998779296875,241.7425537109375,1969000
2019-05-06,265.6499938964844,269.3599853515625,265.30999755859375,268.9800109863281,240.7847442626953,3966900
2019-05-07,266.4800109863281,267.0799865722656,262.4800109863281,264.6199951171875,236.88180541992188,4752500
2019-05-08,264.1400146484375,265.82000732421875,263.4700012207031,264.1000061035156,236.4163818359375,2662500
2019-05-09,261.94000244140625,263.8399963378906,260.20001220703125,263.2900085449219,235.6912841796875,3094800
2019-05-10,262.3699951171875,265.3800048828125,259.2699890136719,264.5199890136719,236.79226684570312,3131900
2019-05-13,259.3699951171875,260.3399963378906,257.07000732421875,258.0299987792969,230.9826202392578,5548200
2019-05-14,258.989990234375,261.82000732421875,258.8399963378906,260.2699890136719,232.98776245117188,4702600
2019-05-15,258.6300048828125,262.45001220703125,258.3999938964844,261.80999755859375,234.36636352539062,2444100
2019-05-16,262.4700012207031,265.6000061035156,262.45001220703125,264.2099914550781,236.51480102539062,3221500
2019-05-17,261.8900146484375,265.0199890136719,261.8599853515625,262.6099853515625,235.0825653076172,2719500
2019-05-20,260.8999938964844,262.1099853515625,260.0199890136719,260.82000732421875,233.4801788330078,2762600
2019-05-21,262.5,263.510009765625,262.25,263.0299987792969,235.45852661132812,2760500
2019-05-22,262.1199951171875,263.2900085449219,261.8699951171875,262.30999755859375,234.8139190673828,3421500
2019-05-23,260.0799865722656,260.1000061035156,257.67999267578125,259.239990234375,232.06576538085938,3813200
2019-05-24,260.6000061035156,260.989990234375,259.05999755859375,259.69000244140625,232.46864318847656,1833100
2019-05-28,259.9599914550781,260.9599914550781,257.2900085449219,257.3599853515625,230.3828125,2565900
2019-05-29,256.1300048828125,256.5199890136719,254.10000610351562,255.58999633789062,228.79837036132812,4593500
2019-05-30,256.2799987792969,257.17999267578125,255.13999938964844,256.29998779296875,229.43392944335938,2977200
2019-05-31,253.6300048828125,254.49000549316406,252.77000427246094,252.8699951171875,226.36349487304688,3698600
2019-06-03,252.8300018310547,253.9600067138672,250.77000427246094,252.1199951171875,225.6920623779297,3825600
2019-06-04,254.47999572753906,257.760009765625,254.02999877929688,257.6700134277344,230.6603546142578,3536300
2019-06-05,259.239990234375,259.8800048828125,257.4200134277344,259.8500061035156,232.61184692382812,2646500
2019-06-06,260.1700134277344,262.260009765625,259.510009765625,261.5400085449219,234.1246795654297,2277500
2019-06-07,262.6199951171875,265.2900085449219,262.45001220703125,264.1499938964844,236.46107482910156,1877400
2019-06-10,265.760009765625,267.1000061035156,265.29998779296875,265.3900146484375,237.57113647460938,2845900
2019-06-11,267.25,267.6499938964844,264.69000244140625,265.3399963378906,237.52633666992188,1894500
2019-06-12,265.1199951171875,265.70001220703125,264.3599853515625,264.8399963378906,237.0787811279297,1711900
2019-06-13,265.82000732421875,266.3599853515625,265.1099853515625,266.0199890136719,238.1350555419922,1813700
2019-06-14,265.7099914550781,266.2900085449219,264.9100036621094,265.6199951171875,237.7770233154297,1203300
2019-06-17,265.94000244140625,266.55999755859375,265.6199951171875,265.8599853515625,237.99180603027344,1782500
2019-06-18,267.6499938964844,269.6600036621094,267.29998779296875,268.510009765625,240.36407470703125,2340700
2019-06-19,268.739990234375,269.7200012207031,267.760009765625,269.2200012207031,240.9996337890625,1684500
2019-06-20,271.94000244140625,272.19000244140625,269.7300109863281,271.7300109863281,243.24649047851562,3288100
2019-06-21,271.5299987792969,272.7900085449219,271.1700134277344,271.4100036621094,242.9600830078125,2226000
2019-06-24,271.5899963378906,271.9200134277344,270.8999938964844,271.05999755859375,242.64675903320312,3518400
2019-06-25,271.1000061035156,271.1300048828125,268.2699890136719,268.3800048828125,240.24766540527344,2287100
2019-06-26,269.29998779296875,269.82000732421875,268.0199890136719,268.1199951171875,240.01499938964844,2988700
2019-06-27,267.489990234375,268.19000244140625,267.1700134277344,267.6700134277344,240.8572235107422,2054600
2019-06-28,268.70001220703125,269.54998779296875,268.17999267578125,269.1499938964844,242.1889190673828,2883300
2019-07-01,272.4599914550781,272.6499938964844,270.29998779296875,271.44000244140625,244.24952697753906,4497900
2019-07-02,271.4700012207031,272.25,270.6199951171875,272.2300109863281,244.96041870117188,3040700
2019-07-03,272.9100036621094,274.3699951171875,272.760009765625,274.32000732421875,246.84103393554688,2335800
2019-07-05,273.1400146484375,274.25,271.8599853515625,273.9700012207031,246.52606201171875,3362500
2019-07-08,272.7900085449219,273.05999755859375,272.0299987792969,272.6000061035156,245.2932891845703,3131800
2019-07-09,271.3999938964844,273.2200012207031,271.3399963378906,272.94000244140625,245.5992431640625,2532900
2019-07-10,274.0199890136719,275.19000244140625,273.4599914550781,274.2099914550781,246.74200439453125,2853200
2019-07-11,274.8699951171875,275.1099853515625,273.8500061035156,274.760009765625,247.23703002929688,2249400
2019-07-12,275.3900146484375,276.19000244140625,275.05999755859375,276.1099853515625,248.4517364501953,2932300
2019-07-15,276.5299987792969,276.54998779296875,275.7099914550781,276.17999267578125,248.5147705078125,1466200
2019-07-16,276.1199951171875,276.2699890136719,274.989990234375,275.2799987792969,247.70484924316406,1564000
2019-07-17,275.2799987792969,275.3999938964844,273.4200134277344,273.4200134277344,246.0311737060547,1758100
2019-07-18,272.9100036621094,274.7900085449219,272.4700012207031,274.4200134277344,246.93101501464844,3461100
2019-07-19,275.5199890136719,275.5400085449219,272.70001220703125,272.95001220703125,245.60818481445312,2319400
2019-07-22,273.32000732421875,274.1099853515625,272.7900085449219,273.6099853515625,246.20217895507812,1304100
2019-07-23,274.7099914550781,275.5,273.8900146484375,275.489990234375,247.89378356933594,1753000
2019-07-24,274.7799987792969,276.7900085449219,274.6700134277344,276.760009765625,249.03659057617188,1669900
2019-07-25,276.4100036621094,276.4100036621094,274.67999267578125,275.4100036621094,247.82188415527344,1874200
2019-07-26,276.20001220703125,277.54998779296875,276.1000061035156,277.3800048828125,249.59446716308594,1796900
2019-07-29,277.2300109863281,277.2699890136719,276.260009765625,276.8800048828125,249.14454650878906,2925900
2019-07-30,275.45001220703125,276.55999755859375,275.0400085449219,276.2099914550781,248.54161071777344,1751100
2019-07-31,276.3900146484375,276.6099853515625,271.07000732421875,273.0799865722656,245.7252655029297,4910000
2019-08-01,273.2799987792969,276.2799987792969,269.94000244140625,270.7900085449219,243.66465759277344,6921000
2019-08-02,269.8900146484375,270.0799865722656,267.1499938964844,268.80999755859375,241.8829803466797,5310400
2019-08-05,264.57000732421875,264.67999267578125,258.70001220703125,260.8800048828125,234.74734497070312,7354000
2019-08-06,262.5299987792969,264.4700012207031,261.05999755859375,264.239990234375,237.77072143554688,4366800
2019-08-07,261.1600036621094,265.2300109863281,258.989990234375,264.4200134277344,237.9327392578125,4261200
2019-08-08,266.0,269.5899963378906,265.3999938964844,269.5799865722656,242.57582092285156,3618800
2019-08-09,268.7200012207031,269.2900085449219,266.0,267.70001220703125,240.88424682617188,2616300
2019-08-12,266.239990234375,266.7900085449219,263.57000732421875,264.55999755859375,238.05873107910156,2104500
2019-08-13,264.2200012207031,270.1000061035156,263.9100036621094,268.6600036621094,241.74803161621094,3402300
2019-08-14,264.55999755859375,265.1499938964844,260.57000732421875,260.57000732421875,234.4683380126953,4354800
2019-08-15,261.6199951171875,262.2699890136719,259.3399963378906,261.3900146484375,235.20628356933594,2775200
2019-08-16,263.07000732421875,265.67999267578125,263.0199890136719,265.2200012207031,238.65257263183594,2432700
2019-08-19,268.3599853515625,269.1400146484375,267.6400146484375,268.4800109863281,241.58604431152344,1430800
2019-08-20,267.9800109863281,268.489990234375,266.2900085449219,266.3999938964844,239.7144317626953,1865000
2019-08-21,268.5799865722656,268.92999267578125,267.9200134277344,268.55999755859375,241.65798950195312,2007400
2019-08-22,269.2799987792969,269.9100036621094,266.70001220703125,268.4599914550781,241.56802368164062,1883700
2019-08-23,267.19000244140625,268.8399963378906,260.3299865722656,261.57000732421875,235.36825561523438,4184200
2019-08-26,263.80999755859375,264.4700012207031,262.2699890136719,264.4700012207031,237.977783203125,2260000
2019-08-27,265.9200134277344,266.260009765625,262.7099914550781,263.42999267578125,237.04190063476562,2490400
2019-08-28,262.7300109863281,265.45001220703125,262.0,265.260009765625,238.68858337402344,3124000
2019-08-29,267.9100036621094,269.2300109863281,266.8999938964844,268.7099914550781,241.79298400878906,3128700
2019-08-30,270.1499938964844,270.2099914550781,267.6600036621094,268.6000061035156,241.69400024414062,4209200
2019-09-03,266.8299865722656,267.79998779296875,265.67999267578125,267.1099853515625,240.35321044921875,3368500
2019-09-04,269.25,270.05999755859375,268.4800109863281,269.9700012207031,242.92681884765625,1486100
2019-09-05,272.57000732421875,274.44000244140625,272.4599914550781,273.5400085449219,246.1392059326172,1755800
2019-09-06,273.92999267578125,274.3900146484375,273.19000244140625,273.739990234375,246.3191680908203,1890800
2019-09-09,274.79998779296875,274.8299865722656,272.9599914550781,273.80999755859375,246.38209533691406,2158500
2019-09-10,273.1099853515625,273.8800048828125,271.8699951171875,273.8699951171875,246.43617248535156,1870400
2019-09-11,274.1499938964844,275.8399963378906,273.5,275.8399963378906,248.20877075195312,2080300
2019-09-12,276.7099914550781,277.79998779296875,275.94000244140625,276.6499938964844,248.9376220703125,2433700
2019-09-13,277.2099914550781,277.5400085449219,276.1499938964844,276.5799865722656,248.87469482421875,2292000
2019-09-16,275.3800048828125,276.1000061035156,275.0400085449219,275.6700134277344,248.05584716796875,1432400
2019-09-17,275.4599914550781,276.4800109863281,275.3399963378906,276.4200134277344,248.73072814941406,1789200
2019-09-18,276.0,276.67999267578125,273.95001220703125,276.5899963378906,248.88363647460938,2028700
2019-09-19,277.0,277.9800109863281,276.2300109863281,276.5299987792969,248.8296356201172,2267900
2019-09-20,277.17999267578125,277.4100036621094,274.5,275.04998779296875,247.497802734375,2052700
2019-09-23,274.5899963378906,275.8999938964844,274.3299865722656,275.239990234375,247.6688690185547,1286400
2019-09-24,276.30999755859375,276.67999267578125,272.05999755859375,272.9599914550781,245.61717224121094,5124900
2019-09-25,273.0799865722656,275.0799865722656,271.6000061035156,274.6300048828125,247.1199951171875,2649200
2019-09-26,273.3399963378906,273.54998779296875,271.3500061035156,272.7900085449219,246.63265991210938,2355000
2019-09-27,273.55999755859375,273.5899963378906,269.7200012207031,271.260009765625,245.24937438964844,2836500
2019-09-30,271.82000732421875,273.2699890136719,271.7900085449219,272.6000061035156,246.4608154296875,2735200
2019-10-01,273.44000244140625,274.0799865722656,269.0899963378906,269.32000732421875,243.49539184570312,3696000
2019-10-02,267.7300109863281,267.7300109863281,263.25,264.57000732421875,239.2008819580078,4463500
2019-10-03,264.3500061035156,266.7300109863281,261.5899963378906,266.6700134277344,241.09954833984375,2988800
2019-10-04,267.45001220703125,270.55999755859375,267.3599853515625,270.3699951171875,244.44464111328125,1907800
2019-10-07,269.55999755859375,271.1600036621094,268.8999938964844,269.2099914550781,243.39588928222656,1821900
2019-10-08,267.2799987792969,268.0199890136719,264.9599914550781,265.0299987792969,239.6167449951172,2153100
2019-10-09,267.0400085449219,268.44000244140625,266.3900146484375,267.5,241.84988403320312,1921200
2019-10-10,267.4200134277344,270.20001220703125,267.25,269.32000732421875,243.49539184570312,1559300
2019-10-11,272.1000061035156,274.3500061035156,271.94000244140625,272.1300048828125,246.03598022460938,2806500
2019-10-14,271.7900085449219,272.45001220703125,271.4800109863281,271.8800048828125,245.8099822998047,1215500
2019-10-15,272.8699951171875,275.25,272.7699890136719,274.510009765625,248.18777465820312,1783800
2019-10-16,274.07000732421875,274.7300109863281,273.6199951171875,274.0799865722656,247.79904174804688,1150800
2019-10-17,275.239990234375,275.7200012207031,274.19000244140625,274.82000732421875,248.46804809570312,3100600
2019-10-18,274.3599853515625,274.9700012207031,272.80999755859375,273.69000244140625,247.44630432128906,1152200
2019-10-21,275.04998779296875,275.7200012207031,274.57000732421875,275.6000061035156,249.17320251464844,3017500
2019-10-22,276.0899963378906,276.3299865722656,274.5199890136719,274.6300048828125,248.29623413085938,1601500
2019-10-23,274.4100036621094,275.4800109863281,274.17999267578125,275.44000244140625,249.02862548828125,1296500
2019-10-24,276.3800048828125,276.510009765625,275.04998779296875,275.8900146484375,249.4354248046875,2220600
2019-10-25,275.3299865722656,277.5400085449219,275.2799987792969,277.0400085449219,250.47515869140625,5500900
2019-10-28,278.2200012207031,279.07000732421875,278.2200012207031,278.6499938964844,251.93067932128906,1795900
2019-10-29,278.32000732421875,279.42999267578125,278.17999267578125,278.4700012207031,251.76803588867188,1599200
2019-10-30,278.69000244140625,279.69000244140625,277.3800048828125,279.45001220703125,252.65403747558594,1811300
2019-10-31,279.3500061035156,279.3500061035156,277.1499938964844,278.54998779296875,251.84031677246094,2312100
2019-11-01,280.04998779296875,281.2099914550781,279.9100036621094,281.20001220703125,254.2362518310547,2361900
2019-11-04,282.7900085449219,282.8999938964844,281.9599914550781,282.32000732421875,255.24888610839844,3797500
2019-11-05,282.5799865722656,282.82000732421875,281.7099914550781,281.9599914550781,254.92333984375,2995600
2019-11-06,282.0400085449219,282.3399963378906,281.1199951171875,282.1099853515625,255.0590057373047,1457200
2019-11-07,283.4599914550781,284.2300109863281,282.5799865722656,283.1099853515625,255.96311950683594,2689600
2019-11-08,282.739990234375,283.79998779296875,282.0,283.79998779296875,256.5869445800781,2328700
2019-11-11,282.42999267578125,283.3699951171875,282.239990234375,283.25,256.089599609375,1123700
2019-11-12,283.5799865722656,284.7200012207031,283.0299987792969,283.80999755859375,256.5959167480469,1737600
2019-11-13,282.8299865722656,284.32000732421875,282.5899963378906,283.92999267578125,256.70452880859375,1721400
2019-11-14,283.6400146484375,284.3999938964844,282.989990234375,284.30999755859375,257.04803466796875,2244000
2019-11-15,285.6400146484375,286.42999267578125,285.0,286.42999267578125,258.9647216796875,1892400
2019-11-18,286.17999267578125,286.8500061035156,285.7099914550781,286.6099853515625,259.1274719238281,2278500
2019-11-19,287.239990234375,287.239990234375,285.8800048828125,286.4700012207031,259.0009765625,3212500
2019-11-20,285.9100036621094,286.4200134277344,283.8900146484375,285.4599914550781,258.0877685546875,2816300
2019-11-21,285.5199890136719,285.6400146484375,284.1700134277344,285.0199890136719,257.6899719238281,2307200
2019-11-22,285.75,285.8599853515625,284.6000061035156,285.6499938964844,258.2594909667969,1266500
2019-11-25,286.6000061035156,287.8399963378906,286.57000732421875,287.82000732421875,260.2214660644531,2040300
2019-11-26,287.9100036621094,288.67999267578125,287.57000732421875,288.3999938964844,260.7458190917969,1795700
2019-11-27,289.05999755859375,289.7799987792969,288.760009765625,289.760009765625,261.9754638671875,1631500
2019-11-29,289.25,289.4800109863281,288.4800109863281,288.6499938964844,260.9718322753906,1988500
2019-12-02,289.0299987792969,289.0299987792969,285.8399963378906,286.29998779296875,258.84716796875,4416100
2019-12-03,283.5199890136719,284.42999267578125,282.1000061035156,284.2900085449219,257.0299987792969,3236000
2019-12-04,285.4100036621094,286.70001220703125,285.07000732421875,286.1099853515625,258.67547607421875,3188800
2019-12-05,286.8299865722656,286.8299865722656,285.2900085449219,286.6400146484375,259.1545715332031,1597200
2019-12-06,288.5799865722656,289.6499938964844,288.54998779296875,289.19000244140625,261.4600830078125,1609400
2019-12-09,288.8699951171875,289.5199890136719,288.2699890136719,288.30999755859375,260.66448974609375,1478900
2019-12-10,288.30999755859375,288.94000244140625,287.3500061035156,288.0400085449219,260.4203796386719,1822700
2019-12-11,288.45001220703125,289.0799865722656,288.0799865722656,288.7900085449219,261.09844970703125,1835400
2019-12-12,288.8500061035156,292.1000061035156,288.6099853515625,291.3299865722656,263.3948059082031,3276600
2019-12-13,291.0899963378906,292.760009765625,290.29998779296875,291.44000244140625,263.494384765625,3519600
2019-12-16,293.260009765625,294.1099853515625,293.2200012207031,293.5,265.3568115234375,3141900
2019-12-17,293.989990234375,294.19000244140625,293.5,293.55999755859375,265.4110412597656,3658200
2019-12-18,294.0199890136719,294.2200012207031,293.57000732421875,293.5799865722656,265.4292297363281,3294400
2019-12-19,293.7799987792969,294.8800048828125,293.75,294.79998779296875,266.53216552734375,2331600
2019-12-20,295.8900146484375,296.760009765625,295.7799987792969,296.29998779296875,267.88836669921875,4985600
2019-12-23,295.489990234375,295.5299987792969,294.989990234375,295.1600036621094,268.1509094238281,2325200
2019-12-24,295.3599853515625,295.3999938964844,294.8500061035156,295.1600036621094,268.1509094238281,1305900
2019-12-26,295.55999755859375,296.69000244140625,295.5199890136719,296.6700134277344,269.5228271484375,2390300
2019-12-27,297.510009765625,297.510009765625,296.1499938964844,296.6700134277344,269.5228271484375,2225400
2019-12-30,296.75,296.8399963378906,294.510009765625,295.0400085449219,268.0418395996094,2345400
2019-12-31,294.5299987792969,295.989990234375,294.1700134277344,295.79998779296875,268.7322998046875,2512700
2020-01-02,297.2900085449219,298.45001220703125,296.3399963378906,298.4200134277344,271.11260986328125,3142400
2020-01-03,295.2200012207031,297.3599853515625,295.0400085449219,296.239990234375,269.1319885253906,3247900
2020-01-06,294.4200134277344,297.4200134277344,294.3500061035156,297.3500061035156,270.1405334472656,2777100
2020-01-07,296.82000732421875,297.2699890136719,296.05999755859375,296.5299987792969,269.39556884765625,2251800
2020-01-08,296.7099914550781,299.30999755859375,296.4700012207031,298.05999755859375,270.7856140136719,3719500
2020-01-09,299.7300109863281,300.19000244140625,299.0899963378906,300.1199951171875,272.656982421875,2168500
2020-01-10,300.739990234375,300.8599853515625,298.7900085449219,299.260009765625,271.87567138671875,3666800
2020-01-13,299.9100036621094,301.32000732421875,299.4800109863281,301.239990234375,273.67449951171875,2728000
2020-01-14,300.8900146484375,301.9100036621094,300.32000732421875,300.8399963378906,273.3111572265625,2620100
2020-01-15,300.80999755859375,302.29998779296875,300.69000244140625,301.510009765625,273.9197082519531,2822300
2020-01-16,302.94000244140625,304.0400085449219,302.7099914550781,304.0299987792969,276.2091369628906,2582600
2020-01-17,304.7699890136719,305.20001220703125,304.20001220703125,305.05999755859375,277.1449279785156,2218000
2020-01-21,304.0799865722656,305.2200012207031,304.0,304.42999267578125,276.5726623535156,2757900
2020-01-22,305.30999755859375,305.9200134277344,304.32000732421875,304.510009765625,276.6452331542969,2765300
2020-01-23,303.8399963378906,304.9700012207031,302.6600036621094,304.80999755859375,276.91790771484375,2673100
2020-01-24,305.4200134277344,305.5199890136719,300.80999755859375,302.0299987792969,274.3921813964844,3448200
2020-01-27,296.8399963378906,298.7300109863281,296.45001220703125,297.2300109863281,270.03155517578125,4302000
2020-01-28,298.70001220703125,301.2200012207031,298.2200012207031,300.45001220703125,272.9568176269531,3562500
2020-01-29,301.7799987792969,301.94000244140625,299.9200134277344,300.1499938964844,272.684326171875,2739400
2020-01-30,298.0400085449219,301.2900085449219,297.29998779296875,301.0899963378906,273.5382080078125,4432700
2020-01-31,300.44000244140625,300.6000061035156,294.7200012207031,295.69000244140625,268.63238525390625,6184700
2020-02-03,297.1199951171875,299.6700134277344,297.0299987792969,297.8399963378906,270.5855712890625,3205200
2020-02-04,301.5,303.2300109863281,301.1600036621094,302.42999267578125,274.75567626953125,2292800
2020-02-05,305.3999938964844,306.0799865722656,303.8699951171875,305.8500061035156,277.8627014160156,3049900
2020-02-06,306.79998779296875,307.0799865722656,305.80999755859375,306.8900146484375,278.8074645996094,1925500
2020-02-07,305.8299865722656,306.5899963378906,304.739990234375,305.3299865722656,277.39031982421875,2249000
2020-02-10,304.3900146484375,307.55999755859375,304.3500061035156,307.5199890136719,279.3797912597656,2246900
2020-02-11,308.92999267578125,309.69000244140625,307.6099853515625,308.0799865722656,279.8885498046875,2438800
2020-02-12,309.55999755859375,310.2699890136719,309.1700134277344,310.05999755859375,281.68743896484375,2115800
2020-02-13,308.6000061035156,310.7200012207031,308.3599853515625,309.760009765625,281.4148864746094,2043400
2020-02-14,310.1099853515625,310.3299865722656,309.0,310.2799987792969,281.88726806640625,1637000
2020-02-18,309.239990234375,309.82000732421875,308.0299987792969,309.42999267578125,281.1150207519531,3000300
2020-02-19,310.4200134277344,311.5899963378906,310.1199951171875,310.9200134277344,282.4687805175781,2257500
2020-02-20,310.3500061035156,311.19000244140625,306.6700134277344,309.70001220703125,281.36041259765625,4617300
2020-02-21,308.29998779296875,308.5799865722656,305.6199951171875,306.489990234375,278.4440612792969,2678000
2020-02-24,296.9599914550781,299.3800048828125,295.1700134277344,296.239990234375,269.1319885253906,7097000
2020-02-25,297.7300109863281,298.2300109863281,286.3599853515625,287.3399963378906,261.0464782714844,8465800
2020-02-26,288.6099853515625,292.2799987792969,285.4800109863281,286.07000732421875,259.89263916015625,10233700
2020-02-27,280.57000732421875,284.4800109863281,273.3599853515625,273.3900146484375,248.37295532226562,14897000
2020-02-28,265.32000732421875,272.9200134277344,262.25,271.739990234375,246.8740234375,23179600
2020-03-02,274.0,284.0400085449219,270.489990234375,283.8699951171875,257.8940734863281,12428600
2020-03-03,284.3399963378906,288.32000732421875,273.3599853515625,276.0400085449219,250.78050231933594,9805900
2020-03-04,281.2300109863281,287.6499938964844,278.70001220703125,287.4800109863281,261.1737060546875,5253900
2020-03-05,280.29998779296875,283.4100036621094,275.6099853515625,277.8500061035156,252.4248809814453,6220000
2020-03-06,269.32000732421875,274.4599914550781,266.6000061035156,273.19000244140625,248.19131469726562,6669100
2020-03-09,253.88999938964844,260.989990234375,251.14999389648438,252.11000061035156,229.04022216796875,16425900
2020-03-10,260.4800109863281,263.80999755859375,250.0,263.80999755859375,240.79476928710938,10879100
2020-03-11,256.6600036621094,257.7200012207031,247.6199951171875,250.72999572753906,228.85585021972656,11480100
2020-03-12,234.94000244140625,243.67999267578125,225.80999755859375,226.47999572753906,206.7214813232422,24669300
2020-03-13,240.66000366210938,247.77999877929688,228.10000610351562,247.63999938964844,226.0354461669922,19533600
2020-03-16,222.85000610351562,234.77000427246094,218.13999938964844,218.57000732421875,199.50160217285156,17271500
2020-03-17,223.75,233.9499969482422,216.60000610351562,232.8800048828125,212.5631561279297,15115500
2020-03-18,216.0800018310547,224.74000549316406,208.30999755859375,220.14999389648438,200.94374084472656,20177500
2020-03-19,218.42999267578125,226.0,212.11000061035156,220.33999633789062,201.11712646484375,12441200
2020-03-20,222.8000030517578,224.55999755859375,210.0500030517578,210.74000549316406,192.35467529296875,11533200
2020-03-23,209.6300048828125,210.77999877929688,200.5500030517578,204.27000427246094,186.4491424560547,14128200
2020-03-24,216.38999938964844,224.3000030517578,214.8300018310547,223.75,204.2296600341797,13160800
2020-03-25,225.0,235.50999450683594,220.32000732421875,226.6199951171875,206.84927368164062,11876400
2020-03-26,229.27000427246094,241.44000244140625,228.85000610351562,240.24000549316406,219.281005859375,12411100
2020-03-27,232.6999969482422,239.63999938964844,230.66000366210938,232.86000061035156,212.54489135742188,11170600
2020-03-30,234.9199981689453,241.10000610351562,232.97000122070312,240.38999938964844,219.41793823242188,8727800
2020-03-31,239.4499969482422,241.94000244140625,235.44000244140625,236.82000732421875,216.159423828125,10386300
2020-04-01,227.9199981689453,231.0500030517578,224.1300048828125,226.14999389648438,206.42025756835938,13710100
2020-04-02,225.3300018310547,232.17999267578125,224.72000122070312,231.44000244140625,211.24879455566406,6547000
2020-04-03,230.42999267578125,232.7100067138672,225.33999633789062,228.02000427246094,208.12710571289062,5490200
2020-04-06,236.9600067138672,245.3000030517578,235.92999267578125,243.52999877929688,222.2840118408203,7624000
2020-04-07,251.9199981689453,252.8000030517578,243.4600067138672,243.66000366210938,222.4026641845703,12936600
2020-04-08,246.24000549316406,253.0500030517578,244.0500030517578,251.92999267578125,229.95115661621094,6958600
2020-04-09,255.1199951171875,258.3900146484375,253.13999938964844,255.6699981689453,233.36488342285156,8812600
2020-04-13,254.63999938964844,254.9499969482422,249.3800048828125,253.19000244140625,231.1012420654297,7666400
2020-04-14,258.239990234375,261.6300048828125,257.2099914550781,260.9200134277344,238.1569061279297,6631100
2020-04-15,255.0800018310547,256.8999938964844,253.11000061035156,255.24000549316406,232.9724578857422,4888900
2020-04-16,256.510009765625,257.29998779296875,253.39999389648438,256.5299987792969,234.14990234375,6165700
2020-04-17,262.30999755859375,264.0,259.5,263.6099853515625,240.61215209960938,6738800
2020-04-20,259.6499938964844,263.1000061035156,258.5799865722656,258.8599853515625,236.27659606933594,6498700
2020-04-21,254.25,255.49000549316406,250.0,250.9499969482422,229.0566864013672,6526100
2020-04-22,255.8300018310547,258.2300109863281,254.47999572753906,256.4700012207031,234.09510803222656,5626800
2020-04-23,257.75,260.8999938964844,256.20001220703125,256.4200134277344,234.04949951171875,7665400
2020-04-24,258.0,260.70001220703125,255.94000244140625,260.1400146484375,237.44491577148438,4768200
2020-04-27,262.010009765625,264.9100036621094,261.57000732421875,263.8999938964844,240.8768768310547,3892200
2020-04-28,267.4800109863281,267.7900085449219,262.29998779296875,262.67999267578125,239.7633056640625,5849500
2020-04-29,267.9800109863281,271.0,266.9100036621094,269.45001220703125,245.94271850585938,6773100
2020-04-30,268.0799865722656,268.5799865722656,265.2300109863281,267.1000061035156,243.7977752685547,7386600
2020-05-01,262.1400146484375,262.8500061035156,258.739990234375,259.82000732421875,237.15289306640625,4790700
2020-05-04,257.9200134277344,260.8999938964844,256.5299987792969,260.6400146484375,237.9012908935547,4128900
2020-05-05,263.45001220703125,265.80999755859375,262.6000061035156,263.0400085449219,240.09193420410156,4437200
2020-05-06,264.7099914550781,265.1099853515625,261.1400146484375,261.2699890136719,238.47633361816406,3021400
2020-05-07,264.45001220703125,266.29998779296875,263.8999938964844,264.3599853515625,241.2967529296875,3410200
2020-05-08,267.5299987792969,269.1400146484375,266.3800048828125,268.7799987792969,245.33116149902344,3201100
2020-05-11,266.7799987792969,270.20001220703125,266.42999267578125,268.82000732421875,245.36767578125,3469300
2020-05-12,269.9800109863281,270.3999938964844,263.3299865722656,263.4100036621094,240.4296875,5159900
2020-05-13,262.8699951171875,263.8999938964844,256.3599853515625,258.739990234375,236.16709899902344,5617500
2020-05-14,256.3299865722656,262.0,253.97000122070312,261.8599853515625,239.0148468017578,7737600
2020-05-15,259.5400085449219,263.1099853515625,258.55999755859375,263.0400085449219,240.09193420410156,3385900
2020-05-18,269.32000732421875,272.70001220703125,269.05999755859375,271.0799865722656,247.43045043945312,6759200
2020-05-19,270.6099853515625,272.25,268.3399963378906,268.5199890136719,245.09385681152344,4921100
2020-05-20,271.9200134277344,273.7900085449219,271.69000244140625,272.8999938964844,249.0916748046875,4896200
2020-05-21,272.79998779296875,273.5899963378906,269.95001220703125,270.94000244140625,247.30274963378906,3581300
2020-05-22,270.760009765625,271.7200012207031,269.5,271.54998779296875,247.85946655273438,2296400
2020-05-26,277.5299987792969,277.739990234375,274.54998779296875,275.0400085449219,251.04505920410156,4911800
2020-05-27,277.7799987792969,279.04998779296875,272.8599853515625,279.04998779296875,254.7051544189453,5152400
2020-05-28,280.0299987792969,282.0400085449219,277.80999755859375,278.5,254.20315551757812,4630600
2020-05-29,278.0299987792969,280.3500061035156,275.3599853515625,279.75,255.34408569335938,7049300
2020-06-01,279.07000732421875,281.489990234375,278.57000732421875,280.9700012207031,256.4576416015625,3888200
2020-06-02,281.7900085449219,283.2799987792969,280.4599914550781,283.2799987792969,258.566162109375,4343900
2020-06-03,285.20001220703125,287.92999267578125,284.92999267578125,287.0199890136719,261.9798278808594,5568100
2020-06-04,286.0,287.75,284.20001220703125,286.2900085449219,261.3134765625,3818600
2020-06-05,291.6300048828125,295.3800048828125,291.6099853515625,293.6099853515625,267.9949951171875,6015500
2020-06-08,294.42999267578125,297.32000732421875,293.8800048828125,297.1700134277344,271.2443542480469,5559700
2020-06-09,294.489990234375,296.3900146484375,293.6300048828125,295.05999755859375,269.3184509277344,4686400
2020-06-10,295.5299987792969,296.3900146484375,292.5899963378906,293.2200012207031,267.638916015625,5602600
2020-06-11,286.3599853515625,286.9200134277344,275.79998779296875,276.32000732421875,252.21340942382812,7748200
2020-06-12,283.3500061035156,284.1499938964844,274.5,279.6499938964844,255.25277709960938,6232200
2020-06-15,273.9100036621094,283.3500061035156,272.7699890136719,282.20001220703125,257.58050537109375,4431400
2020-06-16,290.04998779296875,290.20001220703125,282.8299865722656,287.7200012207031,262.6188049316406,5295000
2020-06-17,288.7300109863281,289.0199890136719,285.8800048828125,286.3999938964844,261.4139099121094,2662800
2020-06-18,284.9700012207031,287.1199951171875,284.54998779296875,286.6600036621094,261.6512451171875,2756300
2020-06-19,290.0400085449219,290.2699890136719,283.6700134277344,284.9700012207031,260.10870361328125,3479500
2020-06-22,284.3500061035156,287.19000244140625,283.260009765625,286.8599853515625,261.8338623046875,2518000
2020-06-23,289.510009765625,290.42999267578125,287.760009765625,288.1600036621094,263.02044677734375,2503600
2020-06-24,286.0799865722656,286.70001220703125,278.9700012207031,280.7900085449219,256.2934875488281,4532300
2020-06-25,280.260009765625,284.1000061035156,278.2200012207031,283.760009765625,259.0043029785156,3897400
2020-06-26,282.7200012207031,282.9200134277344,276.5199890136719,277.1099853515625,252.9345245361328,4479000
2020-06-29,276.8900146484375,279.7200012207031,274.7200012207031,279.70001220703125,256.6255798339844,3464600
2020-06-30,279.2900085449219,284.95001220703125,279.1499938964844,283.42999267578125,260.0478210449219,5215700
2020-07-01,284.3699951171875,286.510009765625,283.95001220703125,285.3699951171875,261.82781982421875,3712600
2020-07-02,288.760009765625,290.04998779296875,286.17999267578125,286.80999755859375,263.14898681640625,3661100
2020-07-06,290.6700134277344,291.5799865722656,289.8999938964844,291.260009765625,267.2318420410156,3573800
2020-07-07,289.6700134277344,291.67999267578125,287.8900146484375,288.239990234375,264.4610290527344,3420300
2020-07-08,289.0,290.54998779296875,287.2900085449219,290.3800048828125,266.4244689941406,2434200
2020-07-09,291.0199890136719,291.29998779296875,285.4100036621094,288.8999938964844,265.06658935546875,3164600
2020-07-10,288.7200012207031,292.010009765625,287.3399963378906,291.79998779296875,267.7272644042969,2712400
2020-07-13,294.1000061035156,296.45001220703125,288.6099853515625,289.1600036621094,265.3050842285156,3657900
2020-07-14,287.7900085449219,293.32000732421875,286.6300048828125,293.0299987792969,268.8559265136719,4053100
2020-07-15,296.19000244140625,296.75,293.3500061035156,295.6300048828125,271.2413635253906,6601400
2020-07-16,293.79998779296875,295.1099853515625,293.1499938964844,294.7699890136719,270.4522705078125,3082900
2020-07-17,295.7200012207031,296.3500061035156,293.75,295.54998779296875,271.1679382324219,2246000
2020-07-20,295.3299865722656,298.67999267578125,294.6000061035156,298.010009765625,273.4249572753906,2539900
2020-07-21,299.8599853515625,300.3500061035156,297.6600036621094,298.6300048828125,273.99383544921875,3305500
2020-07-22,298.2200012207031,300.55999755859375,298.1099853515625,300.3299865722656,275.5536193847656,4121100
2020-07-23,299.92999267578125,300.6199951171875,295.3800048828125,296.739990234375,272.2597351074219,3487100
2020-07-24,294.8599853515625,295.80999755859375,293.29998779296875,294.82000732421875,270.4981994628906,2851000
2020-07-27,295.4800109863281,297.1199951171875,294.739990234375,296.9700012207031,272.470947265625,2253300
2020-07-28,296.17999267578125,297.3299865722656,294.7900085449219,295.1300048828125,270.7826232910156,3135600
2020-07-29,296.0,299.260009765625,295.8999938964844,298.70001220703125,274.0580749511719,2370800
2020-07-30,295.739990234375,298.05999755859375,293.6700134277344,297.6099853515625,273.05792236328125,2951700
2020-07-31,299.45001220703125,300.1000061035156,295.239990234375,300.1000061035156,275.342529296875,4460300
2020-08-03,301.6499938964844,302.82000732421875,301.1300048828125,301.989990234375,277.07672119140625,3767700
2020-08-04,301.2200012207031,303.260009765625,301.2200012207031,303.260009765625,278.2419128417969,2129200
2020-08-05,304.6099853515625,305.3999938964844,304.30999755859375,305.1499938964844,279.9759826660156,2615100
2020-08-06,304.5799865722656,307.2900085449219,304.25,307.20001220703125,281.85687255859375,4088200
2020-08-07,306.2300109863281,307.6000061035156,305.32000732421875,307.3599853515625,282.00372314453125,3319600
2020-08-10,307.8800048828125,308.5,305.9200134277344,308.3399963378906,282.9028015136719,2118200
2020-08-11,309.5199890136719,310.1199951171875,305.07000732421875,305.8500061035156,280.6182861328125,3571200
2020-08-12,308.25,310.80999755859375,308.20001220703125,310.0400085449219,284.4626159667969,2947400
2020-08-13,309.29998779296875,310.7799987792969,308.55999755859375,309.510009765625,283.9763488769531,4074200
2020-08-14,309.1499938964844,310.0199890136719,308.3399963378906,309.510009765625,283.9763488769531,2097600
2020-08-17,310.44000244140625,310.8699951171875,310.0899963378906,310.510009765625,284.8938293457031,2183400
2020-08-18,310.92999267578125,311.54998779296875,309.2799987792969,311.1600036621094,285.4902038574219,2415800
2020-08-19,311.54998779296875,312.2799987792969,309.30999755859375,309.8399963378906,284.279052734375,2498300
2020-08-20,308.1099853515625,311.2699890136719,308.0199890136719,310.82000732421875,285.17822265625,2409300
2020-08-21,310.4800109863281,312.1000061035156,310.1700134277344,311.92999267578125,286.1966857910156,2316200
2020-08-24,314.3599853515625,315.1700134277344,313.3699951171875,315.1000061035156,289.1051330566406,2349600
2020-08-25,315.69000244140625,316.260009765625,314.5,316.20001220703125,290.11431884765625,2890800
2020-08-26,316.75,319.6300048828125,316.25,319.42999267578125,293.07794189453125,2606000
2020-08-27,320.2200012207031,321.5,318.4700012207031,320.07000732421875,293.6651306152344,2295900
2020-08-28,321.1400146484375,322.2799987792969,319.95001220703125,322.1499938964844,295.5735168457031,3538700
2020-08-31,321.9800109863281,322.8299865722656,320.79998779296875,321.0199890136719,294.53668212890625,5068000
2020-09-01,321.80999755859375,324.1000061035156,320.94000244140625,324.0199890136719,297.289306640625,3008000
2020-09-02,325.94000244140625,329.6700134277344,324.7799987792969,328.739990234375,301.6199035644531,5273100
2020-09-03,327.010009765625,327.510009765625,314.80999755859375,317.3599853515625,291.1787414550781,6892000
2020-09-04,317.7699890136719,319.6000061035156,306.8999938964844,314.82000732421875,288.8482360839844,5133900
2020-09-08,309.3500061035156,310.5899963378906,305.8500061035156,306.1700134277344,280.9117736816406,4278300
2020-09-09,310.1499938964844,314.6600036621094,309.2900085449219,312.2099914550781,286.4535827636719,3339800
2020-09-10,314.04998779296875,314.7099914550781,305.82000732421875,306.75,281.4440002441406,3589000
2020-09-11,308.54998779296875,309.5899963378906,304.1700134277344,306.9800109863281,281.65496826171875,3690100
2020-09-14,310.0799865722656,312.75,309.6099853515625,310.9700012207031,285.3158874511719,3056100
2020-09-15,313.4700012207031,314.260009765625,311.5199890136719,312.57000732421875,286.78387451171875,2570900
2020-09-16,313.80999755859375,315.17999267578125,311.0400085449219,311.30999755859375,285.6277770996094,2313400
2020-09-17,306.4800109863281,310.2699890136719,305.9599914550781,308.5899963378906,283.1321716308594,2848300
2020-09-18,309.44000244140625,309.4800109863281,302.54998779296875,305.0,279.8382873535156,3420800
2020-09-21,300.4700012207031,301.75,296.8299865722656,301.69000244140625,276.8014831542969,4536800
2020-09-22,303.1099853515625,305.239990234375,300.6700134277344,304.739990234375,279.59979248046875,2741500
2020-09-23,305.2799987792969,305.54998779296875,297.1700134277344,297.67999267578125,273.122314453125,2755800
2020-09-24,296.30999755859375,301.4599914550781,295.0400085449219,298.5,273.8746337890625,3130700
2020-09-25,297.5799865722656,304.0400085449219,296.7200012207031,303.2799987792969,278.2602844238281,2683800
2020-09-28,307.4200134277344,309.0199890136719,306.42999267578125,308.3599853515625,282.92120361328125,2437900
2020-09-29,306.8399963378906,307.510009765625,304.6499938964844,305.29998779296875,281.3078308105469,2303900
2020-09-30,306.0400085449219,310.75,305.8500061035156,307.6499938964844,283.47308349609375,4304500
2020-10-01,310.1600036621094,311.1099853515625,307.760009765625,309.6000061035156,285.26995849609375,3005700
2020-10-02,304.7200012207031,308.5799865722656,304.2099914550781,306.7200012207031,282.6162414550781,3125100
2020-10-05,308.69000244140625,312.2900085449219,308.69000244140625,312.0799865722656,287.5550231933594,2364500
2020-10-06,312.25,314.32000732421875,307.17999267578125,307.7200012207031,283.53759765625,3389800
2020-10-07,310.6099853515625,313.80999755859375,310.6000061035156,313.0,288.4027404785156,1707800
2020-10-08,314.9599914550781,315.8500061035156,314.04998779296875,315.7699890136719,290.9549865722656,1731700
2020-10-09,317.4700012207031,319.1000061035156,316.8500061035156,318.5799865722656,293.54412841796875,2794100
2020-10-12,321.1400146484375,325.2200012207031,320.6600036621094,323.7200012207031,298.2801818847656,2194300
2020-10-13,323.6400146484375,323.7300109863281,320.7099914550781,321.6499938964844,296.37286376953125,2229700
2020-10-14,322.2200012207031,323.29998779296875,318.92999267578125,319.6400146484375,294.5209045410156,1902100
2020-10-15,315.7099914550781,319.70001220703125,315.2300109863281,319.260009765625,294.1707763671875,2481700
2020-10-16,320.6499938964844,322.2099914550781,318.8999938964844,318.989990234375,293.9219665527344,1669600
2020-10-19,320.29998779296875,320.8900146484375,313.3299865722656,314.1700134277344,289.4807434082031,2229600
2020-10-20,315.4800109863281,318.6700134277344,314.7799987792969,315.4100036621094,290.623291015625,3066600
2020-10-21,315.4100036621094,317.5199890136719,314.5899963378906,314.8399963378906,290.09808349609375,2607700
2020-10-22,315.05999755859375,317.1600036621094,312.989990234375,316.57000732421875,291.692138671875,2362400
2020-10-23,317.8399963378906,317.8399963378906,315.239990234375,317.6499938964844,292.6872253417969,1429300
2020-10-26,314.30999755859375,315.0799865722656,308.3599853515625,311.79998779296875,287.2970275878906,3335800
2020-10-27,312.17999267578125,312.4700012207031,310.55999755859375,310.7699890136719,286.3479309082031,2196100
2020-10-28,305.1300048828125,305.739990234375,299.6199951171875,300.07000732421875,276.48876953125,5650500
2020-10-29,300.32000732421875,306.25,298.69000244140625,303.2300109863281,279.4004821777344,5365200
2020-10-30,301.55999755859375,302.8599853515625,296.3699951171875,299.82000732421875,276.2584228515625,5892100
2020-11-02,303.3699951171875,305.30999755859375,300.6300048828125,303.30999755859375,279.4741516113281,4080400
2020-11-03,306.57000732421875,310.739990234375,306.0899963378906,308.6600036621094,284.4037170410156,3378300
2020-11-04,313.19000244140625,319.6499938964844,312.0,315.6099853515625,290.8074951171875,5750200
2020-11-05,320.94000244140625,323.54998779296875,320.5199890136719,321.7900085449219,296.5019226074219,3950300
2020-11-06,321.44000244140625,322.9200134277344,319.42999267578125,321.75,296.46502685546875,3640600
2020-11-09,334.3599853515625,335.20001220703125,325.2799987792969,325.760009765625,300.159912109375,8097300
2020-11-10,324.7699890136719,326.29998779296875,322.05999755859375,325.3399963378906,299.7729187011719,4120800
2020-11-11,327.4200134277344,328.5,326.1700134277344,327.6300048828125,301.8829650878906,2773500
2020-11-12,326.739990234375,327.44000244140625,322.7300109863281,324.6000061035156,299.09112548828125,2532700
2020-11-13,326.45001220703125,329.7300109863281,325.8900146484375,329.010009765625,303.1545104980469,1996100
2020-11-16,331.6499938964844,333.1199951171875,330.4100036621094,333.0,306.8309326171875,3018800
2020-11-17,330.7300109863281,332.5,329.25,331.3399963378906,305.3013610839844,3052100
2020-11-18,331.6300048828125,332.1400146484375,327.2900085449219,327.32000732421875,301.5973815917969,2647800
2020-11-19,326.760009765625,329.0899963378906,325.4100036621094,328.69000244140625,302.8596496582031,2962200
2020-11-20,328.4100036621094,328.6600036621094,326.3999938964844,326.489990234375,300.8325500488281,3516800
2020-11-23,328.2799987792969,329.6000061035156,326.05999755859375,328.4200134277344,302.6109313964844,2222600
2020-11-24,331.0199890136719,334.25,330.1000061035156,333.739990234375,307.5127868652344,2659700
2020-11-25,333.6700134277344,333.6700134277344,332.1499938964844,333.19000244140625,307.0060729980469,2256900
2020-11-27,334.2900085449219,334.6099853515625,333.17999267578125,334.1400146484375,307.8814392089844,984700
2020-11-30,333.3999938964844,333.6300048828125,330.0400085449219,332.6400146484375,306.4992980957031,4175700
2020-12-01,335.9200134277344,337.79998779296875,335.32000732421875,336.29998779296875,309.8716125488281,3224200
2020-12-02,335.2200012207031,337.1099853515625,334.6499938964844,337.010009765625,310.52581787109375,2270300
2020-12-03,336.9100036621094,338.29998779296875,335.8800048828125,336.9100036621094,310.43365478515625,2851100
2020-12-04,337.5,339.8399963378906,337.45001220703125,339.80999755859375,313.10577392578125,2907000
2020-12-07,339.07000732421875,339.6300048828125,337.9100036621094,339.17999267578125,312.5252990722656,1943100
2020-12-08,337.8900146484375,340.70001220703125,337.8500061035156,340.1600036621094,313.4282531738281,1948200
2020-12-09,340.7900085449219,340.92999267578125,336.260009765625,337.1400146484375,310.6456604003906,2545800
2020-12-10,335.739990234375,338.0,334.8399963378906,336.9800109863281,310.4981994628906,2738600
2020-12-11,335.30999755859375,336.79998779296875,333.7699890136719,336.54998779296875,310.1019592285156,2387900
2020-12-14,338.760009765625,339.7900085449219,334.8900146484375,335.010009765625,308.6829528808594,2654600
2020-12-15,337.6400146484375,339.6400146484375,336.239990234375,339.6400146484375,312.9491271972656,2757400
2020-12-16,339.8299865722656,341.0400085449219,338.9599914550781,340.1600036621094,313.4282531738281,2943200
2020-12-17,341.7699890136719,342.25,340.9599914550781,342.010009765625,315.1329345703125,2627000
2020-12-18,342.3900146484375,342.5,338.70001220703125,340.6400146484375,313.8705139160156,6025700
2020-12-21,336.8299865722656,340.3800048828125,334.1099853515625,339.5899963378906,312.9031066894531,3918100
2020-12-22,338.4700012207031,338.54998779296875,336.4700012207031,337.5400085449219,312.2860412597656,2371900
2020-12-23,338.5400085449219,339.75,337.69000244140625,337.80999755859375,312.5357666015625,3682200
2020-12-24,338.3699951171875,339.17999267578125,337.7699890136719,339.1600036621094,313.78472900390625,1447500
2020-12-28,341.739990234375,342.4599914550781,341.0899963378906,342.1099853515625,316.5140380859375,2798800
2020-12-29,343.6300048828125,343.7699890136719,340.8699951171875,341.3900146484375,315.8479919433594,2555500
2020-12-30,342.2799987792969,342.9100036621094,341.57000732421875,341.8500061035156,316.2734680175781,2009100
2020-12-31,341.82000732421875,344.3699951171875,341.2300109863281,343.69000244140625,317.975830078125,3507000
2021-01-04,345.0199890136719,345.0899963378906,335.3699951171875,339.0299987792969,313.6645202636719,5402600
2021-01-05,338.3999938964844,342.3900146484375,338.3900146484375,341.260009765625,315.7276916503906,3299700
2021-01-06,339.7900085449219,346.5,339.29998779296875,343.3299865722656,317.6427917480469,4805000
2021-01-07,345.739990234375,349.20001220703125,345.5400085449219,348.4599914550781,322.388916015625,3638900
2021-01-08,349.8800048828125,350.6199951171875,346.6400146484375,350.4200134277344,324.20233154296875,3758500
2021-01-11,347.3599853515625,349.82000732421875,347.20001220703125,348.1300048828125,322.0836486816406,2975000
2021-01-12,348.29998779296875,349.1499938964844,345.9700012207031,348.1600036621094,322.1114501953125,2298400
2021-01-13,348.1099853515625,350.05999755859375,347.32000732421875,349.0299987792969,322.91632080078125,3039900
2021-01-14,349.8500061035156,350.32000732421875,347.54998779296875,347.8500061035156,321.8246765136719,3497400
2021-01-15,346.2699890136719,347.05999755859375,343.5299987792969,345.3699951171875,319.53021240234375,3622100
2021-01-19,347.79998779296875,348.5899963378906,346.3599853515625,348.1000061035156,322.0559387207031,3433800
2021-01-20,350.32000732421875,353.7099914550781,349.9700012207031,352.8299865722656,326.43206787109375,2920600
2021-01-21,353.4599914550781,353.8399963378906,352.29998779296875,353.1600036621094,326.73736572265625,2580800
2021-01-22,351.3800048828125,353.0400085449219,350.989990234375,351.8999938964844,325.571533203125,1812200
2021-01-25,352.7099914550781,353.67999267578125,347.9700012207031,353.3299865722656,326.89459228515625,3549000
2021-01-26,354.2300109863281,354.6499938964844,352.6000061035156,352.79998779296875,326.4042053222656,2430200
2021-01-27,349.5400085449219,349.55999755859375,341.989990234375,344.239990234375,318.4847106933594,5010400
2021-01-28,345.9700012207031,351.07000732421875,345.5799865722656,347.1300048828125,321.1585388183594,3432200
2021-01-29,345.30999755859375,346.2200012207031,338.57000732421875,340.17999267578125,314.7284240722656,5803600
2021-02-01,343.6300048828125,346.8500061035156,341.3999938964844,345.7699890136719,319.9001770019531,3334000
2021-02-02,349.04998779296875,352.3399963378906,349.0,350.739990234375,324.4984130859375,2955200
2021-02-03,351.70001220703125,352.79998779296875,349.8800048828125,351.0899963378906,324.8222961425781,3392800
2021-02-04,352.1199951171875,355.0400085449219,351.9200134277344,355.0199890136719,328.4581604003906,1988300
2021-02-05,356.8999938964844,357.1300048828125,355.32000732421875,356.44000244140625,329.7719421386719,2091800
2021-02-08,357.9200134277344,359.07000732421875,357.05999755859375,359.07000732421875,332.2051696777344,3371100
2021-02-09,358.2200012207031,359.3299865722656,357.7699890136719,358.7799987792969,331.9369201660156,1891200
2021-02-10,360.5299987792969,360.6099853515625,356.29998779296875,358.6400146484375,331.80731201171875,2400000
2021-02-11,359.7099914550781,360.1000061035156,356.8399963378906,359.2200012207031,332.3439025878906,2237200
2021-02-12,358.45001220703125,361.19000244140625,358.3599853515625,361.04998779296875,334.0369873046875,2144500
2021-02-16,362.1499938964844,362.3699951171875,359.9800109863281,360.7099914550781,333.7223815917969,4408500
2021-02-17,359.0299987792969,360.9700012207031,357.9200134277344,360.7900085449219,333.7965393066406,3211800
2021-02-18,358.239990234375,359.92999267578125,356.489990234375,359.25,332.3716735839844,3010500
2021-02-19,360.4700012207031,360.7099914550781,358.1400146484375,358.5899963378906,331.7610168457031,2487100
2021-02-22,355.8399963378906,358.19000244140625,355.55999755859375,355.7699890136719,329.15203857421875,3291000
2021-02-23,353.69000244140625,357.55999755859375,349.5299987792969,356.2200012207031,329.5684509277344,5251100
2021-02-24,355.1499938964844,360.5799865722656,354.20001220703125,360.1600036621094,333.2137145996094,3301200
2021-02-25,359.0299987792969,360.2699890136719,350.0799865722656,351.5199890136719,325.22003173828125,7049200
2021-02-26,353.4700012207031,354.4700012207031,347.7099914550781,349.5899963378906,323.4344177246094,7579500
2021-03-01,354.54998779296875,359.3900146484375,354.5,358.1199951171875,331.3262634277344,3721100
2021-03-02,358.3800048828125,358.6300048828125,355.1600036621094,355.3500061035156,328.7634582519531,5462600
2021-03-03,354.70001220703125,355.6400146484375,350.55999755859375,350.6600036621094,324.4244079589844,6317600
2021-03-04,350.489990234375,353.0199890136719,341.9200134277344,346.3399963378906,320.4275817871094,6604500
2021-03-05,349.7699890136719,353.7300109863281,342.5899963378906,352.69000244140625,326.3024597167969,8721300
2021-03-08,353.6300048828125,356.3999938964844,350.6600036621094,350.9599914550781,324.7019348144531,5663500
2021-03-09,354.75,358.4599914550781,354.2300109863281,355.8699951171875,329.24456787109375,6075100
2021-03-10,358.29998779296875,359.8399963378906,356.8800048828125,358.07000732421875,331.2799987792969,7231400
2021-03-11,360.6600036621094,363.760009765625,360.1600036621094,361.8500061035156,334.7773132324219,3340700
2021-03-12,360.5,362.45001220703125,359.6700134277344,362.3599853515625,335.24896240234375,4847300
2021-03-15,362.6700134277344,364.75,360.45001220703125,364.4599914550781,337.1919250488281,3154800
2021-03-16,365.1199951171875,365.7799987792969,363.25,364.04998779296875,336.8125305175781,3698400
2021-03-17,362.8299865722656,366.04998779296875,361.6199951171875,365.239990234375,337.9135437011719,5011600
2021-03-18,362.7300109863281,364.760009765625,359.2799987792969,359.8699951171875,332.9453125,5067500
2021-03-19,359.6499938964844,361.1700134277344,357.1400146484375,359.2300109863281,332.3531799316406,5382800
2021-03-22,359.7900085449219,363.5,359.760009765625,362.07000732421875,334.98077392578125,3417600
2021-03-23,361.5299987792969,362.94000244140625,358.510009765625,359.4100036621094,332.51971435546875,4954600
2021-03-24,360.7099914550781,362.2699890136719,357.4200134277344,357.4200134277344,330.67864990234375,4099000
2021-03-25,356.0799865722656,360.239990234375,354.1400146484375,359.42999267578125,332.5381774902344,5487300
2021-03-26,359.3699951171875,364.3699951171875,358.75,364.010009765625,337.963134765625,3322600
2021-03-29,362.57000732421875,364.67999267578125,361.1099853515625,363.7900085449219,337.75885009765625,3143300
2021-03-30,362.55999755859375,363.4700012207031,361.2699890136719,362.8599853515625,336.8953857421875,3696200
2021-03-31,363.3900146484375,365.82000732421875,363.3900146484375,364.29998779296875,338.23236083984375,7470300
2021-04-01,366.20001220703125,368.2900085449219,366.0299987792969,368.1600036621094,341.8161315917969,5132000
2021-04-05,370.8900146484375,374.07000732421875,370.80999755859375,373.4700012207031,346.7462158203125,3764100
2021-04-06,373.0400085449219,374.3299865722656,372.6700134277344,373.260009765625,346.5511779785156,3583500
2021-04-07,373.1400146484375,374.0799865722656,372.7200012207031,373.7300109863281,346.9876708984375,2768900
2021-04-08,374.9700012207031,375.55999755859375,374.05999755859375,375.54998779296875,348.6773986816406,3949400
2021-04-09,375.4200134277344,378.3999938964844,375.3299865722656,378.25,351.18414306640625,2627500
2021-04-12,377.70001220703125,378.6499938964844,377.0799865722656,378.4200134277344,351.34197998046875,2747500
2021-04-13,378.3699951171875,380.1199951171875,377.9200134277344,379.45001220703125,352.2983703613281,2985500
2021-04-14,379.4599914550781,380.510009765625,377.70001220703125,378.2300109863281,351.16558837890625,3691100
2021-04-15,380.3299865722656,382.5400085449219,380.2799987792969,382.2900085449219,354.93505859375,3573800
2021-04-16,383.55999755859375,384.1499938964844,382.19000244140625,383.6300048828125,356.1792297363281,3252500
2021-04-19,382.6199951171875,383.0899963378906,380.3699951171875,381.739990234375,354.424560546875,3945700
2021-04-20,380.489990234375,381.1600036621094,377.4700012207031,378.94000244140625,351.8247985839844,4106700
2021-04-21,378.2799987792969,382.6700134277344,378.1400146484375,382.5,355.13006591796875,3640100
2021-04-22,382.32000732421875,383.1199951171875,377.9599914550781,378.989990234375,351.8711853027344,3965000
2021-04-23,379.57000732421875,384.4599914550781,379.4599914550781,383.0299987792969,355.62213134765625,3781100
2021-04-26,383.7300109863281,384.45001220703125,383.32000732421875,383.8599853515625,356.39276123046875,3125200
2021-04-27,384.20001220703125,384.3800048828125,382.7200012207031,383.739990234375,356.28125,3370600
2021-04-28,384.1000061035156,385.1700134277344,383.239990234375,383.55999755859375,356.1142578125,3960400
2021-04-29,386.3999938964844,386.739990234375,382.80999755859375,386.1199951171875,358.49102783203125,4209900
2021-04-30,383.9100036621094,384.760009765625,382.7300109863281,383.57000732421875,356.1235656738281,5219200
2021-05-03,385.55999755859375,385.94000244140625,383.9599914550781,384.44000244140625,356.9312744140625,4180800
2021-05-04,382.5199890136719,382.9599914550781,378.45001220703125,382.1000061035156,354.7586975097656,5485600
2021-05-05,383.7200012207031,383.9100036621094,381.44000244140625,382.1700134277344,354.8236999511719,4410700
2021-05-06,382.260009765625,385.3699951171875,380.2699890136719,385.2799987792969,357.711181640625,4737300
2021-05-07,386.0199890136719,388.67999267578125,385.3299865722656,388.0299987792969,360.264404296875,3516600
2021-05-10,388.4100036621094,388.6600036621094,384.0899963378906,384.2300109863281,356.7362976074219,5942700
2021-05-11,379.75,381.739990234375,376.95001220703125,380.8599853515625,353.6073913574219,7081500
2021-05-12,378.0400085449219,379.2699890136719,372.1300048828125,372.7300109863281,346.0592041015625,7707400
2021-05-13,374.2099914550781,379.04998779296875,374.1700134277344,377.1600036621094,350.172119140625,7179100
2021-05-14,379.80999755859375,383.7900085449219,379.80999755859375,382.95001220703125,355.5478515625,5167900
2021-05-17,381.8999938964844,382.75,380.0,382.0299987792969,354.6937255859375,3781600
2021-05-18,382.25,382.4700012207031,378.5400085449219,378.7300109863281,351.62982177734375,3128300
2021-05-19,374.05999755859375,377.8399963378906,372.6199951171875,377.7300109863281,350.7013854980469,5086300
2021-05-20,378.57000732421875,382.989990234375,378.45001220703125,381.760009765625,354.4430236816406,4776700
2021-05-21,383.2300109863281,384.45001220703125,381.010009765625,381.4700012207031,354.1737365722656,3567500
2021-05-24,383.69000244140625,386.3999938964844,383.44000244140625,385.32000732421875,357.748291015625,2962500
2021-05-25,386.3999938964844,386.760009765625,383.94000244140625,384.510009765625,356.9962463378906,4031800
2021-05-26,385.0899963378906,385.75,384.07000732421875,385.2099914550781,357.64617919921875,2642700
2021-05-27,386.2799987792969,386.7799987792969,385.32000732421875,385.3800048828125,357.803955078125,3015900
2021-05-28,387.0299987792969,387.2699890136719,385.94000244140625,386.1300048828125,358.50042724609375,3370100
2021-06-01,388.5,388.6199951171875,385.3800048828125,385.8299865722656,358.2217102050781,4389000
2021-06-02,386.45001220703125,387.239990234375,385.4700012207031,386.4800109863281,358.8252868652344,3209200
2021-06-03,384.1700134277344,386.1099853515625,382.70001220703125,385.010009765625,357.46038818359375,3391000
2021-06-04,386.80999755859375,388.79998779296875,386.760009765625,388.5,360.70074462890625,2628100
2021-06-07,388.5199890136719,388.69000244140625,387.25,388.1700134277344,360.39434814453125,2500600
2021-06-08,389.0,389.0799865722656,386.44000244140625,388.2300109863281,360.4500427246094,2386600
2021-06-09,389.0799865722656,389.1300048828125,387.4100036621094,387.6199951171875,359.8836975097656,2968100
2021-06-10,388.8599853515625,390.3599853515625,387.5799865722656,389.4100036621094,361.5455627441406,2611800
2021-06-11,390.0,390.20001220703125,388.7300109863281,390.0899963378906,362.17694091796875,2241500
2021-06-14,390.2099914550781,391.07000732421875,389.0,391.07000732421875,363.0868835449219,2252200
2021-06-15,391.1499938964844,391.20001220703125,389.4100036621094,390.25,362.32550048828125,2405000
2021-06-16,390.4200134277344,390.5799865722656,386.0199890136719,388.1099853515625,360.3385925292969,4194300
2021-06-17,387.6199951171875,388.9100036621094,385.5,387.9700012207031,360.2085876464844,4065300
2021-06-18,384.7900085449219,385.3800048828125,382.5199890136719,382.82000732421875,355.42724609375,5211100
2021-06-21,384.5,388.3800048828125,383.6499938964844,388.17999267578125,360.4036560058594,4389800
2021-06-22,388.239990234375,391.0899963378906,387.4700012207031,390.239990234375,362.31622314453125,2705400
2021-06-23,390.3500061035156,391.1400146484375,389.70001220703125,389.82000732421875,361.9262390136719,2404200
2021-06-24,391.8900146484375,392.5199890136719,391.6700134277344,392.04998779296875,363.9966735839844,2987800
2021-06-25,392.8999938964844,393.9200134277344,392.5400085449219,393.5,365.34295654296875,2862800
2021-06-28,394.0299987792969,394.45001220703125,392.8299865722656,394.32000732421875,366.1042785644531,2418500
2021-06-29,393.3500061035156,393.94000244140625,392.6600036621094,393.1600036621094,366.2654113769531,2927600
2021-06-30,392.7200012207031,394.1300048828125,392.7200012207031,393.5199890136719,366.600830078125,3795900
2021-07-01,394.29998779296875,395.8500061035156,394.2099914550781,395.739990234375,368.6689453125,3414500
2021-07-02,396.8500061035156,399.04998779296875,396.5299987792969,398.75,371.47308349609375,4363100
2021-07-06,398.7699890136719,398.989990234375,395.29998779296875,398.0,370.7743835449219,4331300
2021-07-07,398.6700134277344,399.6600036621094,396.67999267578125,399.3699951171875,372.0506286621094,4747800
2021-07-08,394.20001220703125,396.8800048828125,393.0199890136719,396.19000244140625,369.08819580078125,5817100
2021-07-09,397.6300048828125,400.6499938964844,397.4200134277344,400.3699951171875,372.982177734375,3332200
2021-07-12,400.29998779296875,402.0299987792969,399.8699951171875,401.82000732421875,374.33306884765625,2929200
2021-07-13,401.0799865722656,402.5,400.17999267578125,400.4599914550781,373.0660095214844,4313100
2021-07-14,402.05999755859375,402.57000732421875,399.82000732421875,401.010009765625,373.5783996582031,3332200
2021-07-15,399.739990234375,400.3800048828125,397.80999755859375,399.7200012207031,372.376708984375,4483900
2021-07-16,400.8399963378906,400.8800048828125,396.1400146484375,396.6099853515625,369.4794006347656,4516600
2021-07-19,391.7799987792969,392.260009765625,387.92999267578125,390.67999267578125,363.955078125,12336200
2021-07-20,391.3500061035156,397.5,390.010009765625,396.20001220703125,369.0974426269531,4043100
2021-07-21,397.4800109863281,399.6199951171875,397.2699890136719,399.5299987792969,372.1996765136719,2996600
2021-07-22,399.7099914550781,400.55999755859375,398.70001220703125,400.3800048828125,372.9915466308594,2575700
2021-07-23,402.1700134277344,404.75,401.5799865722656,404.3800048828125,376.7179260253906,3151900
2021-07-26,403.9200134277344,405.4200134277344,403.82000732421875,405.4100036621094,377.6774597167969,2374300
2021-07-27,404.45001220703125,404.45001220703125,400.79998779296875,403.6099853515625,376.0005798339844,3626100
2021-07-28,404.1700134277344,404.760009765625,402.0400085449219,403.3900146484375,375.795654296875,3763700
2021-07-29,404.3599853515625,406.1300048828125,404.3500061035156,405.1300048828125,377.4165954589844,2274200
2021-07-30,402.5899963378906,404.5299987792969,402.4700012207031,403.1499938964844,375.5720520019531,5204500
2021-08-02,404.7799987792969,405.3599853515625,401.94000244140625,402.3299865722656,374.8081359863281,5814700
2021-08-03,403.0799865722656,405.6600036621094,400.9200134277344,405.5799865722656,377.8358459472656,4129600
2021-08-04,404.30999755859375,404.8599853515625,403.3399963378906,403.6400146484375,376.0285339355469,3880200
2021-08-05,404.70001220703125,406.19000244140625,404.3800048828125,406.1600036621094,378.3761901855469,3052800
2021-08-06,406.44000244140625,407.17999267578125,406.1700134277344,406.8599853515625,379.02825927734375,2486900
2021-08-09,406.75,407.04998779296875,405.69000244140625,406.4700012207031,378.6649169921875,1984400
2021-08-10,406.9100036621094,407.6700134277344,406.2300109863281,406.9800109863281,379.14013671875,2400700
2021-08-11,408.0,408.07000732421875,406.9100036621094,407.9599914550781,380.0530090332031,3554400
2021-08-12,407.82000732421875,409.3299865722656,406.9700012207031,409.1499938964844,381.1615905761719,2319300
2021-08-13,409.6400146484375,409.9599914550781,409.17999267578125,409.9599914550781,381.9162292480469,2253800
2021-08-16,408.7099914550781,411.010009765625,407.1499938964844,410.94000244140625,382.8291931152344,3379100
2021-08-17,408.4100036621094,409.04998779296875,405.30999755859375,408.2300109863281,380.3045349121094,5186300
2021-08-18,407.2200012207031,408.75,403.5400085449219,403.8399963378906,376.21484375,4878300
2021-08-19,401.0899963378906,405.54998779296875,400.92999267578125,404.4100036621094,376.74591064453125,5505700
2021-08-20,404.67999267578125,407.9200134277344,404.260009765625,407.6099853515625,379.7269287109375,3263600
2021-08-23,409.25,412.0799865722656,409.2300109863281,411.2200012207031,383.0899963378906,3259400
2021-08-24,411.8999938964844,412.3599853515625,411.3500061035156,411.8699951171875,383.69549560546875,3006500
2021-08-25,412.05999755859375,413.2099914550781,411.6700134277344,412.6300048828125,384.4036560058594,3261400
2021-08-26,412.4100036621094,412.6600036621094,410.20001220703125,410.2200012207031,382.1584777832031,4707600
2021-08-27,411.0899963378906,414.3299865722656,411.0199890136719,413.8599853515625,385.5494079589844,3882200
2021-08-30,414.6600036621094,416.55999755859375,414.3900146484375,415.760009765625,387.3194580078125,2811800
2021-08-31,415.6600036621094,416.0199890136719,414.5799865722656,415.04998779296875,386.6579284667969,6062900
2021-09-01,416.04998779296875,416.5899963378906,415.1600036621094,415.489990234375,387.06787109375,3256400
2021-09-02,416.79998779296875,417.44000244140625,415.5,416.7300109863281,388.2231140136719,2835500
2021-09-03,415.5799865722656,417.05999755859375,415.1600036621094,416.57000732421875,388.0740051269531,3740000
2021-09-07,416.2699890136719,416.2900085449219,414.4200134277344,415.0299987792969,386.63946533203125,3542500
2021-09-08,414.5299987792969,415.260009765625,412.6700134277344,414.6300048828125,386.2668151855469,4012600
2021-09-09,414.3399963378906,416.07000732421875,412.57000732421875,412.7699890136719,384.533935546875,3887800
2021-09-10,414.69000244140625,415.1000061035156,409.4200134277344,409.5799865722656,381.56219482421875,4035500
2021-09-13,412.5199890136719,412.7099914550781,408.30999755859375,410.5400085449219,382.4565734863281,4738300
2021-09-14,412.0199890136719,412.17999267578125,407.489990234375,408.4100036621094,380.4722900390625,3657700
2021-09-15,408.7900085449219,412.260009765625,407.70001220703125,411.82000732421875,383.6490173339844,3891400
2021-09-16,411.2699890136719,412.19000244140625,408.2300109863281,411.1099853515625,382.9875183105469,3351500
2021-09-17,410.3500061035156,410.7799987792969,406.7699890136719,407.0799865722656,379.2331848144531,5396100
2021-09-20,401.1099853515625,402.6400146484375,395.57000732421875,400.42999267578125,373.0381164550781,10942700
2021-09-21,402.6600036621094,403.8999938964844,399.44000244140625,400.0400085449219,372.6748046875,6418100
2021-09-22,402.1700134277344,405.8500061035156,401.260009765625,403.8999938964844,376.2707214355469,6004800
2021-09-23,405.7099914550781,410.32000732421875,405.4700012207031,408.7799987792969,380.81695556640625,4098000
2021-09-24,407.1700134277344,410.1300048828125,406.95001220703125,409.4599914550781,381.4503479003906,3417700
2021-09-27,408.4200134277344,409.57000732421875,407.5899963378906,408.29998779296875,380.3698425292969,3546600
2021-09-28,405.54998779296875,405.8699951171875,399.3299865722656,400.1400146484375,372.76800537109375,8234300
2021-09-29,400.1000061035156,401.7900085449219,398.8599853515625,399.4599914550781,373.3548889160156,4724200
2021-09-30,400.8500061035156,401.5199890136719,394.3399963378906,394.3999938964844,368.6255798339844,9511200
2021-10-01,396.2300109863281,400.8500061035156,392.7699890136719,399.1199951171875,373.0370788574219,8482200
2021-10-04,398.1199951171875,398.94000244140625,391.9599914550781,394.2099914550781,368.447998046875,8820400
2021-10-05,395.55999755859375,400.3500061035156,394.7900085449219,398.0400085449219,372.0276794433594,5523200
2021-10-06,394.6499938964844,400.0199890136719,393.05999755859375,399.80999755859375,373.68206787109375,6590000
2021-10-07,403.07000732421875,406.04998779296875,402.8500061035156,403.25,376.8972473144531,4409200
2021-10-08,404.0400085449219,404.3900146484375,401.94000244140625,402.489990234375,376.18695068359375,3960900
2021-10-11,401.9100036621094,404.739990234375,399.55999755859375,399.55999755859375,373.4483337402344,3695700
2021-10-12,400.54998779296875,400.9200134277344,397.8699951171875,398.760009765625,372.7006530761719,6201300
2021-10-13,399.6400146484375,400.8800048828125,396.75,400.0400085449219,373.89697265625,6492400
2021-10-14,403.70001220703125,406.95001220703125,403.2200012207031,406.760009765625,380.1778869628906,3785200
2021-10-15,408.9200134277344,410.260009765625,408.2799987792969,409.92999267578125,383.14068603515625,3501600
2021-10-18,408.20001220703125,411.4599914550781,407.5299987792969,411.17999267578125,384.30902099609375,3402700
2021-10-19,412.739990234375,414.3800048828125,412.1400146484375,414.3800048828125,387.2998962402344,2838300
2021-10-20,414.739990234375,416.2200012207031,414.6499938964844,415.989990234375,388.8046875,3208200
2021-10-21,415.3800048828125,417.239990234375,414.94000244140625,417.010009765625,389.75799560546875,2579500
2021-10-22,416.5799865722656,418.0,414.70001220703125,416.5899963378906,389.3653869628906,3648900
2021-10-25,417.6400146484375,419.1400146484375,415.92999267578125,418.75,391.38433837890625,2511500
2021-10-26,420.2699890136719,421.5299987792969,418.8599853515625,419.1499938964844,391.7581787109375,3085300
2021-10-27,419.6600036621094,420.2900085449219,417.2799987792969,417.3299865722656,390.05706787109375,2873500
2021-10-28,418.7799987792969,421.44000244140625,418.75,421.4100036621094,393.8704833984375,3643600
2021-10-29,419.1499938964844,422.5199890136719,418.8699951171875,422.1600036621094,394.5714111328125,4637400
2021-11-01,423.19000244140625,423.57000732421875,421.2799987792969,423.04998779296875,395.4032897949219,3937300
2021-11-02,423.1499938964844,424.9599914550781,423.010009765625,424.69000244140625,396.93609619140625,2989200
2021-11-03,424.1400146484375,427.6600036621094,423.69000244140625,427.25,399.328857421875,3562900
2021-11-04,427.8500061035156,429.3699951171875,427.5400085449219,429.25,401.197998046875,4287300
2021-11-05,431.54998779296875,432.760009765625,429.29998779296875,430.7099914550781,402.56268310546875,4942900
2021-11-08,431.8800048828125,432.3399963378906,430.5,431.2300109863281,403.0487060546875,3511600
2021-11-09,431.55999755859375,431.75,428.3399963378906,429.7200012207031,401.6373291015625,4696000
2021-11-10,428.0899963378906,429.7300109863281,424.80999755859375,426.260009765625,398.4035339355469,6350700
2021-11-11,427.70001220703125,427.82000732421875,426.3900146484375,426.3999938964844,398.53436279296875,3634600
2021-11-12,427.6600036621094,430.1700134277344,426.7300109863281,429.57000732421875,401.49725341796875,3655500
2021-11-15,430.95001220703125,431.010009765625,428.6499938964844,429.7699890136719,401.68414306640625,3122300
2021-11-16,429.5199890136719,432.5899963378906,429.4700012207031,431.4100036621094,403.2169494628906,3267000
2021-11-17,431.239990234375,431.3900146484375,429.8399963378906,430.3699951171875,402.2449035644531,3764900
2021-11-18,431.44000244140625,432.1700134277344,428.79998779296875,431.8599853515625,403.63751220703125,4732200
2021-11-19,431.8699951171875,432.989990234375,430.3800048828125,431.04998779296875,402.8804931640625,4886200
2021-11-22,432.92999267578125,435.4100036621094,429.7200012207031,429.9100036621094,401.8149719238281,4868300
2021-11-23,429.57000732421875,431.2900085449219,427.0400085449219,430.4700012207031,402.3383483886719,6795200
2021-11-24,428.55999755859375,431.75,427.7099914550781,431.5299987792969,403.3291320800781,4569600
2021-11-26,425.19000244140625,426.5199890136719,420.8999938964844,422.1400146484375,394.552734375,7702500
2021-11-29,426.7099914550781,428.9800109863281,424.54998779296875,427.239990234375,399.3194274902344,6300800
2021-11-30,424.79998779296875,426.6300048828125,418.6300048828125,419.05999755859375,391.6739807128906,8657600
2021-12-01,424.4700012207031,427.2200012207031,413.9700012207031,414.239990234375,387.1689758300781,8337000
2021-12-02,414.4200134277344,422.05999755859375,414.0299987792969,420.55999755859375,393.0759582519531,10417700
2021-12-03,422.1199951171875,423.19000244140625,412.7699890136719,416.8399963378906,389.59912109375,10228900
2021-12-06,419.4100036621094,423.6600036621094,417.0,421.82000732421875,394.253662109375,7289500
2021-12-07,426.9800109863281,431.1000061035156,426.94000244140625,430.489990234375,402.3570251464844,4731900
2021-12-08,430.95001220703125,432.1400146484375,429.239990234375,431.70001220703125,403.4880676269531,4476500
2021-12-09,430.4599914550781,431.32000732421875,428.6099853515625,428.760009765625,400.7401428222656,5035400
2021-12-10,431.44000244140625,432.9599914550781,428.95001220703125,432.8500061035156,404.5628356933594,6238300
2021-12-13,432.3599853515625,432.6600036621094,428.75,429.010009765625,400.9737548828125,5923900
2021-12-14,425.79998779296875,428.239990234375,423.20001220703125,426.0899963378906,398.2445983886719,6522900
2021-12-15,426.1099853515625,432.9800109863281,423.6700134277344,432.75,404.4694519042969,6871300
2021-12-16,434.55999755859375,434.79998779296875,427.3500061035156,428.8399963378906,400.81488037109375,7159500
2021-12-17,425.8500061035156,428.7900085449219,422.6700134277344,424.3900146484375,396.6556701660156,8882700
2021-12-20,419.3900146484375,420.2200012207031,416.29998779296875,419.79998779296875,392.3656921386719,9903400
2021-12-21,421.6499938964844,425.8500061035156,419.5199890136719,425.69000244140625,399.3290100097656,6916700
2021-12-22,425.45001220703125,430.0899963378906,425.32000732421875,429.989990234375,403.36273193359375,4992200
2021-12-23,430.9100036621094,434.1000061035156,430.8699951171875,432.6400146484375,405.8486328125,5032700
2021-12-27,433.9800109863281,438.82000732421875,433.95001220703125,438.80999755859375,411.63653564453125,4986300
2021-12-28,439.2799987792969,440.19000244140625,437.6600036621094,438.4800109863281,411.3270263671875,4865800
2021-12-29,438.5,439.95001220703125,437.5400085449219,439.010009765625,411.8241882324219,4596700
2021-12-30,439.3900146484375,440.3599853515625,437.32000732421875,437.7699890136719,410.66094970703125,3751800
2021-12-31,437.2300109863281,438.3800048828125,436.3900146484375,436.57000732421875,409.5352478027344,5185600
2022-01-03,437.92999267578125,439.2699890136719,435.6400146484375,439.25,412.0493469238281,6017300
2022-01-04,440.5799865722656,441.260009765625,437.2200012207031,439.07000732421875,411.8804931640625,6262200
2022-01-05,438.7799987792969,439.4100036621094,430.5299987792969,430.6600036621094,403.9912414550781,7539600
2022-01-06,430.20001220703125,432.8299865722656,427.8999938964844,430.0799865722656,403.4471435546875,7971500
2022-01-07,430.2099914550781,431.3599853515625,427.20001220703125,428.5899963378906,402.0493469238281,6157500
2022-01-10,425.3800048828125,428.19000244140625,419.7699890136719,428.0299987792969,401.5240783691406,10481500
2022-01-11,427.67999267578125,431.95001220703125,424.7799987792969,431.7799987792969,405.0418395996094,7282400
2022-01-12,433.55999755859375,435.0400085449219,431.1400146484375,433.07000732421875,406.2519836425781,8270300
2022-01-13,434.0899963378906,434.7200012207031,426.0899963378906,427.1000061035156,400.6517028808594,7521300
2022-01-14,423.95001220703125,427.5799865722656,422.80999755859375,427.2300109863281,400.77362060546875,9960800
2022-01-18,422.6199951171875,424.9800109863281,417.3299865722656,419.739990234375,393.7474670410156,10681500
2022-01-19,421.1700134277344,422.5400085449219,415.07000732421875,415.3299865722656,389.610595703125,8184100
2022-01-20,417.1700134277344,421.75,410.2900085449219,410.760009765625,385.32354736328125,8907600
2022-01-21,409.7099914550781,411.92999267578125,402.6600036621094,402.69000244140625,377.7532653808594,16225900
2022-01-24,397.260009765625,404.8800048828125,386.8399963378906,404.3699951171875,379.3293151855469,22970700
2022-01-25,398.1700134277344,404.260009765625,392.7300109863281,399.4599914550781,374.72332763671875,16836300
2022-01-26,405.6600036621094,408.20001220703125,394.3399963378906,398.55999755859375,373.87908935546875,14377300
2022-01-27,402.92999267578125,405.9700012207031,394.82000732421875,396.5400085449219,371.984130859375,12455200
2022-01-28,397.82000732421875,406.3299865722656,393.29998779296875,406.260009765625,381.10223388671875,12096800
2022-01-31,405.6700134277344,413.9700012207031,404.3500061035156,413.69000244140625,388.07208251953125,9200400
2022-02-01,414.3399963378906,417.0400085449219,410.8999938964844,416.3900146484375,390.6049499511719,8154900
2022-02-02,418.9800109863281,421.17999267578125,416.5400085449219,420.3599853515625,394.32904052734375,6726500
2022-02-03,414.5899963378906,416.42999267578125,409.7900085449219,410.5899963378906,385.1640625,7658300
2022-02-04,410.3399963378906,416.239990234375,408.05999755859375,412.5199890136719,386.9744873046875,8210000
2022-02-07,413.2300109863281,414.6199951171875,409.8999938964844,411.1600036621094,385.6988525390625,5620900
2022-02-08,410.7200012207031,415.4599914550781,409.3500061035156,414.489990234375,388.822509765625,5565700
2022-02-09,418.54998779296875,420.8699951171875,418.3500061035156,420.57000732421875,394.52606201171875,6284500
2022-02-10,414.92999267578125,420.79998779296875,411.1400146484375,413.17999267578125,387.59368896484375,9260500
2022-02-11,413.1499938964844,415.20001220703125,403.57000732421875,404.94000244140625,379.8639831542969,10458600
2022-02-14,404.42999267578125,405.989990234375,400.239990234375,403.6199951171875,378.6257019042969,10167600
2022-02-15,408.17999267578125,410.2900085449219,407.4599914550781,410.1000061035156,384.7044372558594,6815000
2022-02-16,408.20001220703125,411.8900146484375,406.32000732421875,410.5899963378906,385.1640625,7743800
2022-02-17,407.489990234375,407.9800109863281,401.2300109863281,401.8599853515625,376.9746398925781,7541000
2022-02-18,402.1499938964844,403.30999755859375,397.0,399.2900085449219,374.5638427734375,10570800
2022-02-22,397.04998779296875,400.3699951171875,391.510009765625,394.9200134277344,370.46441650390625,10414700
2022-02-23,397.739990234375,398.32000732421875,387.3800048828125,387.80999755859375,363.79473876953125,12154900
2022-02-24,377.760009765625,394.1700134277344,377.5,393.7699890136719,369.3855895996094,21277200
2022-02-25,394.95001220703125,402.5199890136719,393.3999938964844,402.3699951171875,377.4530944824219,11665200
2022-02-28,397.17999267578125,402.8500061035156,396.0,401.3599853515625,376.505615234375,11855900
2022-03-01,400.010009765625,401.9200134277344,392.7900085449219,395.3399963378906,370.8583679199219,9124400
2022-03-02,397.7200012207031,404.1000061035156,396.7799987792969,402.6000061035156,377.6688537597656,8185200
2022-03-03,405.0199890136719,405.5400085449219,398.8800048828125,400.5799865722656,375.7738952636719,8745300
2022-03-04,396.92999267578125,398.42999267578125,393.3699951171875,397.3399963378906,372.7345886230469,6317700
2022-03-07,396.7300109863281,397.0,385.55999755859375,385.6099853515625,361.73095703125,8411500
2022-03-08,385.760009765625,392.739990234375,381.6400146484375,382.70001220703125,359.0011901855469,9356100
2022-03-09,390.8800048828125,394.8500061035156,388.7200012207031,392.8999938964844,368.56951904296875,5812600
2022-03-10,388.44000244140625,392.010009765625,386.5299987792969,391.1499938964844,366.9278869628906,6394800
2022-03-11,393.6199951171875,394.19000244140625,385.67999267578125,386.1600036621094,362.24688720703125,5872800
2022-03-14,387.07000732421875,390.2699890136719,382.25,383.3399963378906,359.6015625,6455000
2022-03-15,385.8599853515625,392.3699951171875,384.6300048828125,391.75,367.49078369140625,5739400
2022-03-16,395.5,400.54998779296875,390.54998779296875,400.510009765625,375.70831298828125,7407300
2022-03-17,398.6400146484375,405.55999755859375,398.29998779296875,405.4100036621094,380.3048400878906,5177500
2022-03-18,403.9800109863281,410.2799987792969,403.239990234375,409.8900146484375,384.5074768066406,5875000
2022-03-21,409.8399963378906,411.75,406.42999267578125,409.9100036621094,384.5261535644531,4159500
2022-03-22,411.20001220703125,415.5199890136719,411.20001220703125,414.6700134277344,388.9914245605469,4231700
2022-03-23,412.1600036621094,413.6199951171875,409.2900085449219,409.3299865722656,383.9820556640625,3742600
2022-03-24,409.8900146484375,414.1000061035156,408.80999755859375,414.0199890136719,389.68975830078125,2977300
2022-03-25,414.7900085449219,416.3599853515625,412.2099914550781,416.1199951171875,391.6662902832031,3638000
2022-03-28,415.5,419.04998779296875,413.69000244140625,418.989990234375,394.36767578125,3395300
2022-03-29,422.9599914550781,424.7200012207031,420.25,424.2900085449219,399.3561706542969,5510600
2022-03-30,423.260009765625,424.010009765625,419.5899963378906,421.6499938964844,396.871337890625,4794300
2022-03-31,420.9700012207031,421.6700134277344,415.04998779296875,415.1700134277344,390.7721862792969,5876600
2022-04-01,416.67999267578125,416.82000732421875,412.8699951171875,416.32000732421875,391.8545837402344,4663100
2022-04-04,416.45001220703125,419.9599914550781,415.7200012207031,419.8500061035156,395.1771545410156,5117200
2022-04-05,418.55999755859375,420.82000732421875,413.5,414.6600036621094,390.29217529296875,4112000
2022-04-06,410.760009765625,412.6600036621094,407.6400146484375,410.4599914550781,386.33892822265625,5540700
2022-04-07,409.6000061035156,414.29998779296875,407.739990234375,412.5299987792969,388.2873229980469,4954100
2022-04-08,411.8500061035156,414.2200012207031,409.9800109863281,411.5299987792969,387.34600830078125,4752800
2022-04-11,408.5,409.05999755859375,403.92999267578125,404.3999938964844,380.63507080078125,3342800
2022-04-12,407.3299865722656,409.7099914550781,401.3699951171875,402.9200134277344,379.2420349121094,6615800
2022-04-13,402.57000732421875,408.20001220703125,402.4800109863281,407.4700012207031,383.5246887207031,4358700
2022-04-14,407.7200012207031,408.7799987792969,402.3399963378906,402.5199890136719,378.86553955078125,3735700
2022-04-18,401.54998779296875,404.2200012207031,400.44000244140625,402.5899963378906,378.931396484375,4305900
2022-04-19,402.5799865722656,409.7699890136719,402.3599853515625,409.0199890136719,384.98358154296875,3841500
2022-04-20,410.82000732421875,411.3900146484375,407.6700134277344,408.7099914550781,384.6917419433594,5067100
2022-04-21,412.3800048828125,413.67999267578125,401.79998779296875,402.6499938964844,378.9878845214844,4670200
2022-04-22,401.6700134277344,401.8900146484375,391.1000061035156,391.6600036621094,368.64373779296875,6326400
2022-04-25,389.4200134277344,394.05999755859375,385.0,393.79998779296875,370.65802001953125,8141200
2022-04-26,391.3999938964844,391.5899963378906,382.44000244140625,382.5400085449219,360.0597229003906,8493000
2022-04-27,383.5,388.75,381.5,383.5299987792969,360.9914855957031,6415700
2022-04-28,388.2300109863281,394.8999938964844,383.8699951171875,393.1400146484375,370.0368347167969,7030200
2022-04-29,389.4200134277344,391.45001220703125,378.0,378.70001220703125,356.4453430175781,8221900
2022-05-02,378.7900085449219,382.2699890136719,372.3299865722656,381.0799865722656,358.6854553222656,10737000
2022-05-03,381.6199951171875,385.05999755859375,380.0,382.7300109863281,360.2385559082031,5607700
2022-05-04,383.3500061035156,394.92999267578125,380.2799987792969,394.3399963378906,371.166259765625,7367500
2022-05-05,390.2200012207031,390.30999755859375,376.3500061035156,380.489990234375,358.1301574707031,10477300
2022-05-06,378.010009765625,381.2799987792969,372.95001220703125,378.1000061035156,355.8805847167969,7959600
2022-05-09,372.3599853515625,373.55999755859375,364.5,365.8999938964844,344.39752197265625,10793200
2022-05-10,371.8999938964844,373.2200012207031,362.9100036621094,366.8399963378906,345.2822265625,7870800
2022-05-11,365.9700012207031,371.3599853515625,360.2699890136719,360.92999267578125,339.7196960449219,8026900
2022-05-12,357.8399963378906,363.75,354.0199890136719,360.6499938964844,339.45611572265625,7679200
2022-05-13,364.7300109863281,370.5799865722656,363.6400146484375,369.1600036621094,347.46600341796875,5377400
2022-05-16,367.7099914550781,371.3500061035156,365.45001220703125,367.8399963378906,346.2236022949219,4719800
2022-05-17,373.6600036621094,375.55999755859375,370.0799865722656,375.20001220703125,353.1510314941406,4513300
2022-05-18,370.9800109863281,371.1600036621094,359.0,360.3399963378906,339.1642761230469,6883600
2022-05-19,357.1700134277344,362.2300109863281,355.8500061035156,357.92999267578125,336.89593505859375,6359500
2022-05-20,361.4100036621094,361.95001220703125,349.760009765625,358.0199890136719,336.9805908203125,8755900
2022-05-23,361.0899963378906,365.57000732421875,358.8500061035156,364.80999755859375,343.37164306640625,5254900
2022-05-24,360.8500061035156,363.2099914550781,355.70001220703125,362.17999267578125,340.8961181640625,5567300
2022-05-25,360.5400085449219,367.1600036621094,360.2699890136719,365.20001220703125,343.7386779785156,5704600
2022-05-26,366.45001220703125,374.1300048828125,366.2699890136719,372.4599914550781,350.57208251953125,4248300
2022-05-27,374.94000244140625,381.8599853515625,374.79998779296875,381.79998779296875,359.3631591796875,3911800
2022-05-31,380.2300109863281,382.8500061035156,376.9200134277344,379.67999267578125,357.3677673339844,5016500
2022-06-01,381.6099853515625,382.6400146484375,374.1000061035156,376.5,354.3746337890625,4245800
2022-06-02,376.4100036621094,383.739990234375,374.20001220703125,383.6499938964844,361.1044616699219,3273700
2022-06-03,379.1099853515625,380.6000061035156,376.4800109863281,377.44000244140625,355.25933837890625,2749500
2022-06-06,381.3299865722656,382.9599914550781,377.4100036621094,378.4700012207031,356.2288513183594,2659500
2022-06-07,375.1600036621094,382.6099853515625,374.7099914550781,382.1700134277344,359.7114562988281,2649900
2022-06-08,380.5,382.2300109863281,377.260009765625,377.989990234375,355.77703857421875,3436400
2022-06-09,376.239990234375,378.44000244140625,369.0199890136719,369.1000061035156,347.4094543457031,3022000
2022-06-10,362.92999267578125,363.69000244140625,358.2300109863281,358.2699890136719,337.2159423828125,7629700
2022-06-13,349.1099853515625,350.8399963378906,343.05999755859375,344.4599914550781,324.217529296875,10399700
2022-06-14,346.3699951171875,347.32000732421875,340.57000732421875,343.6000061035156,323.4080810546875,7584200
2022-06-15,346.82000732421875,352.8399963378906,341.9700012207031,348.5199890136719,328.0388488769531,7887600
2022-06-16,340.4800109863281,340.8399963378906,334.57000732421875,337.07000732421875,317.26177978515625,8821900
2022-06-17,337.30999755859375,340.8699951171875,334.239990234375,337.95001220703125,318.090087890625,7084000
2022-06-21,343.19000244140625,347.5,343.1099853515625,346.2300109863281,325.88348388671875,5628300
2022-06-22,342.0799865722656,349.510009765625,341.6300048828125,345.5,325.19635009765625,4876100
2022-06-23,347.6300048828125,349.6099853515625,344.1400146484375,349.1300048828125,328.6130676269531,6708800
2022-06-24,352.0299987792969,360.0199890136719,351.9700012207031,360.0,338.84423828125,5458600
2022-06-27,361.0,361.1499938964844,357.57000732421875,358.6499938964844,337.5736389160156,4608600
2022-06-28,360.0799865722656,362.8399963378906,350.8999938964844,350.8999938964844,330.2790832519531,8797800
2022-06-29,350.42999267578125,351.3599853515625,347.80999755859375,349.6400146484375,330.4416809082031,3775900
2022-06-30,345.8800048828125,349.8399963378906,342.45001220703125,346.8800048828125,327.8331298828125,7159600
2022-07-01,346.1600036621094,350.8299865722656,343.5899963378906,350.44000244140625,331.1976623535156,7481500
2022-07-05,345.4800109863281,351.1000061035156,342.7799987792969,351.05999755859375,331.7835693359375,6180600
2022-07-06,351.2300109863281,354.67999267578125,348.92999267578125,352.3299865722656,332.98388671875,5450900
2022-07-07,354.010009765625,358.29998779296875,354.0,357.5,337.8699951171875,3737500
2022-07-08,355.9100036621094,359.04998779296875,354.4700012207031,357.2900085449219,337.6716003417969,4791300
2022-07-11,354.8399963378906,355.57000732421875,352.510009765625,353.25,333.8533935546875,3491700
2022-07-12,352.6000061035156,354.8999938964844,348.3800048828125,349.989990234375,330.77239990234375,4080300
2022-07-13,344.739990234375,351.0,344.3699951171875,348.3599853515625,329.2319030761719,5603500
2022-07-14,343.4100036621094,347.95001220703125,341.04998779296875,347.44000244140625,328.3624267578125,4624800
2022-07-15,351.7300109863281,354.1099853515625,349.79998779296875,354.010009765625,334.5716857910156,4520500
2022-07-18,356.9700012207031,357.6199951171875,349.9200134277344,351.0799865722656,331.802490234375,3544900
2022-07-19,354.95001220703125,361.0899963378906,354.25,360.6099853515625,340.80926513671875,3620200
2022-07-20,360.70001220703125,364.239990234375,359.45001220703125,362.9200134277344,342.99249267578125,4270600
2022-07-21,362.3599853515625,366.6199951171875,360.010009765625,366.5899963378906,346.46087646484375,4604000
2022-07-22,366.69000244140625,367.8399963378906,361.010009765625,363.25,343.3043518066406,4533900
2022-07-25,363.8399963378906,364.44000244140625,361.45001220703125,363.6099853515625,343.6445007324219,3902200
2022-07-26,362.1199951171875,362.2099914550781,358.45001220703125,359.25,339.52386474609375,2987200
2022-07-27,362.489990234375,370.3299865722656,362.2200012207031,368.6600036621094,348.417236328125,4500300
2022-07-28,369.4200134277344,373.9100036621094,365.9800109863281,373.32000732421875,352.82135009765625,4345300
2022-07-29,374.7300109863281,379.6600036621094,373.92999267578125,378.7900085449219,357.9909973144531,5246400
2022-08-01,376.1199951171875,380.010009765625,375.44000244140625,377.6499938964844,356.91363525390625,4421400
2022-08-02,376.1099853515625,379.6300048828125,373.95001220703125,375.2099914550781,354.6076354980469,4132600
2022-08-03,377.19000244140625,382.1000061035156,376.9100036621094,381.07000732421875,360.145751953125,3854800
2022-08-04,380.8800048828125,381.5299987792969,379.19000244140625,380.7699890136719,359.86224365234375,3410600
2022-08-05,376.6499938964844,380.70001220703125,376.5400085449219,379.9800109863281,359.1156005859375,2852100
2022-08-08,381.7799987792969,383.9100036621094,378.57000732421875,379.6400146484375,358.7943115234375,3450800
2022-08-09,379.0199890136719,379.4100036621094,377.1000061035156,378.1400146484375,357.3767395019531,2360500
2022-08-10,384.989990234375,386.2300109863281,383.1000061035156,386.05999755859375,364.86181640625,3651000
2022-08-11,388.8699951171875,390.6499938964844,385.3999938964844,386.05999755859375,364.86181640625,3575400
2022-08-12,387.95001220703125,392.7200012207031,387.0899963378906,392.6700134277344,371.1087646484375,3664400
2022-08-15,390.489990234375,394.760009765625,390.4599914550781,394.3500061035156,372.6966857910156,3203900
2022-08-16,393.239990234375,396.8900146484375,392.44000244140625,395.0400085449219,373.3487548828125,3864800
2022-08-17,391.55999755859375,394.8500061035156,390.2900085449219,392.3399963378906,370.7969665527344,3222300
2022-08-18,392.4200134277344,394.0199890136719,391.1700134277344,393.54998779296875,371.94049072265625,3258100
2022-08-19,390.70001220703125,390.95001220703125,387.25,388.1199951171875,366.8087158203125,2899000
2022-08-22,383.42999267578125,383.5400085449219,379.0899963378906,379.94000244140625,359.0778503417969,4153700
2022-08-23,379.55999755859375,381.8699951171875,378.5199890136719,379.0400085449219,358.2273254394531,2869200
2022-08-24,378.8999938964844,381.5799865722656,378.17999267578125,380.19000244140625,359.3141174316406,2241200
2022-08-25,381.760009765625,385.7300109863281,380.70001220703125,385.7300109863281,364.5499572753906,2631300
2022-08-26,385.54998779296875,386.04998779296875,372.510009765625,372.510009765625,352.05584716796875,5153200
2022-08-29,369.7699890136719,373.04998779296875,368.7799987792969,370.04998779296875,349.7309265136719,4953200
2022-08-30,371.29998779296875,371.45001220703125,364.0199890136719,366.0299987792969,345.931640625,5044500
2022-08-31,367.6099853515625,368.7900085449219,363.1099853515625,363.1499938964844,343.2098083496094,4062500
2022-09-01,361.1000061035156,364.70001220703125,358.510009765625,364.2699890136719,344.26824951171875,6126800
2022-09-02,367.95001220703125,369.1300048828125,358.7799987792969,360.45001220703125,340.65802001953125,4544200
2022-09-06,361.3599853515625,362.2799987792969,357.0,359.239990234375,339.5144348144531,5680300
2022-09-07,358.8599853515625,366.3800048828125,358.69000244140625,365.67999267578125,345.600830078125,4137000
2022-09-08,363.3800048828125,368.4800109863281,362.2699890136719,368.07000732421875,347.8595886230469,3692000
2022-09-09,370.239990234375,374.6099853515625,369.9800109863281,373.75,353.227783203125,2621600
2022-09-12,375.82000732421875,378.510009765625,375.510009765625,377.8599853515625,357.112060546875,2961400
2022-09-13,369.3399963378906,370.5299987792969,360.2799987792969,361.3800048828125,341.5369873046875,5549200
2022-09-14,362.5799865722656,364.1700134277344,359.5299987792969,362.7300109863281,342.8128356933594,3555500
2022-09-15,361.1600036621094,363.9700012207031,357.3999938964844,358.67999267578125,338.9852294921875,3807500
2022-09-16,354.55999755859375,356.4800109863281,352.69000244140625,355.8599853515625,336.320068359375,4452300
2022-09-19,352.79998779296875,358.5899963378906,352.75,358.5899963378906,338.9001770019531,3412600
2022-09-20,355.3800048828125,356.3800048828125,351.8299865722656,354.54998779296875,335.0820007324219,3624000
2022-09-21,356.3800048828125,359.29998779296875,348.30999755859375,348.30999755859375,329.18463134765625,5102400
2022-09-22,347.54998779296875,348.5400085449219,344.6700134277344,345.3699951171875,326.406005859375,5555600
2022-09-23,342.0799865722656,342.0799865722656,335.30999755859375,339.6300048828125,320.9812316894531,10491500
2022-09-26,338.2300109863281,341.6600036621094,335.07000732421875,336.3399963378906,317.87188720703125,5405700
2022-09-27,339.7900085449219,341.8399963378906,333.0799865722656,335.3900146484375,316.97406005859375,5795700
2022-09-28,334.79998779296875,342.1000061035156,333.17999267578125,340.4800109863281,323.2001953125,8683900
2022-09-29,337.1499938964844,337.29998779296875,330.5299987792969,333.3800048828125,316.4605407714844,7230100
2022-09-30,332.57000732421875,336.19000244140625,328.1199951171875,328.29998779296875,311.63824462890625,7736600
2022-10-03,331.7900085449219,338.6600036621094,330.1000061035156,336.9800109863281,319.8777770996094,5739000
2022-10-04,342.1400146484375,347.3299865722656,342.1300048828125,347.2099914550781,329.5886535644531,5110000
2022-10-05,343.1199951171875,348.6400146484375,340.8599853515625,346.6099853515625,329.01904296875,4755800
2022-10-06,345.17999267578125,347.9800109863281,342.489990234375,342.9599914550781,325.5542907714844,3879600
2022-10-07,339.0799865722656,339.3399963378906,331.6499938964844,333.3299865722656,316.4131164550781,5168100
2022-10-10,334.4700012207031,334.6700134277344,328.6600036621094,330.8399963378906,314.0494079589844,3933900
2022-10-11,329.20001220703125,333.55999755859375,326.8500061035156,328.6600036621094,311.9800720214844,4968100
2022-10-12,329.1499938964844,330.5799865722656,327.44000244140625,327.6400146484375,311.01177978515625,3235100
2022-10-13,320.8399963378906,337.67999267578125,319.8699951171875,336.2200012207031,319.1563720703125,6396900
2022-10-14,338.6199951171875,340.19000244140625,328.0299987792969,328.6499938964844,311.9705810546875,4879400
2022-10-17,334.57000732421875,338.1000061035156,334.4599914550781,337.0,319.8968200683594,3889500
2022-10-18,344.67999267578125,345.0,337.7699890136719,340.9700012207031,323.6653137207031,4903300
2022-10-19,339.0400085449219,341.6700134277344,335.8999938964844,338.6099853515625,321.425048828125,4403200
2022-10-20,338.1700134277344,342.4200134277344,335.04998779296875,335.8299865722656,318.7861633300781,3459100
2022-10-21,335.5,344.3900146484375,334.1300048828125,343.8999938964844,326.4466552734375,4362400
2022-10-24,345.45001220703125,349.2300109863281,342.8699951171875,348.0899963378906,330.4239501953125,5639400
2022-10-25,348.04998779296875,354.0299987792969,348.0299987792969,353.75,335.7967529296875,5203400
2022-10-26,350.70001220703125,356.1700134277344,350.44000244140625,351.1099853515625,333.29071044921875,4277700
2022-10-27,352.04998779296875,353.7900085449219,348.6000061035156,349.2300109863281,331.5060729980469,4145300
2022-10-28,349.0400085449219,357.9800109863281,348.95001220703125,357.3800048828125,339.2425537109375,4388100
2022-10-31,355.1600036621094,356.9200134277344,354.04998779296875,354.95001220703125,336.935791015625,6431000
2022-11-01,358.5299987792969,358.7699890136719,352.2900085449219,353.5199890136719,335.5783386230469,8014300
2022-11-02,352.7799987792969,357.1300048828125,344.4100036621094,344.5,327.0161437988281,5022500
2022-11-03,341.3399963378906,343.80999755859375,338.8999938964844,340.8299865722656,323.5323791503906,4534800
2022-11-04,346.4100036621094,348.0199890136719,340.0,345.82000732421875,328.2691345214844,3655400
2022-11-07,347.05999755859375,349.7099914550781,345.1000061035156,349.1400146484375,331.420654296875,3316600
2022-11-08,350.2099914550781,353.8699951171875,347.0799865722656,351.0400085449219,333.2242126464844,3237200
2022-11-09,349.0799865722656,350.2200012207031,343.3599853515625,343.8699951171875,326.4181823730469,3570800
2022-11-10,356.5199890136719,363.010009765625,354.4100036621094,362.69000244140625,344.2829895019531,4603600
2022-11-11,363.69000244140625,367.0199890136719,361.739990234375,366.1600036621094,347.576904296875,4877400
2022-11-14,364.57000732421875,367.7900085449219,362.8900146484375,363.2200012207031,344.78607177734375,5274300
2022-11-15,368.6499938964844,369.739990234375,362.5899963378906,366.2200012207031,347.6337585449219,4597800
2022-11-16,364.70001220703125,365.5199890136719,362.8500061035156,363.44000244140625,344.9949035644531,2755100
2022-11-17,358.79998779296875,362.989990234375,358.57000732421875,362.3900146484375,343.998291015625,3278500
2022-11-18,365.4599914550781,365.5899963378906,361.2300109863281,363.989990234375,345.5169982910156,2574400
2022-11-21,362.7699890136719,363.739990234375,360.8699951171875,362.7099914550781,344.30194091796875,2397900
2022-11-22,364.510009765625,367.67999267578125,363.2099914550781,367.5400085449219,348.8868713378906,2316000
2022-11-23,367.2099914550781,370.3599853515625,367.0199890136719,369.8399963378906,351.07012939453125,2590900
2022-11-25,369.3900146484375,370.3399963378906,369.05999755859375,369.79998779296875,351.0321044921875,1423400
2022-11-28,366.8599853515625,368.3800048828125,363.1499938964844,363.95001220703125,345.4790954589844,3553600
2022-11-29,363.92999267578125,365.17999267578125,361.4800109863281,363.30999755859375,344.8714904785156,2507800
2022-11-30,363.45001220703125,374.5899963378906,361.6499938964844,374.489990234375,355.4841003417969,4748800
2022-12-01,375.8699951171875,377.0,372.04998779296875,374.5400085449219,355.5315856933594,4608600
2022-12-02,369.6600036621094,374.8800048828125,369.6600036621094,374.0,355.0190124511719,3596000
2022-12-05,371.2799987792969,372.19000244140625,365.989990234375,367.3399963378906,348.6969909667969,3707000
2022-12-06,367.0899963378906,367.6099853515625,359.92999267578125,362.0299987792969,343.6564636230469,3911000
2022-12-07,361.04998779296875,363.6099853515625,360.30999755859375,361.3299865722656,342.9919738769531,3338000
2022-12-08,363.1300048828125,365.1499938964844,361.6000061035156,364.17999267578125,345.69732666015625,3604500
2022-12-09,363.0,365.44000244140625,361.3399963378906,361.5199890136719,343.1723937988281,4271400
2022-12-12,362.2799987792969,366.67999267578125,361.5799865722656,366.67999267578125,348.0705261230469,2946200
2022-12-13,377.1099853515625,377.19000244140625,366.79998779296875,369.3900146484375,350.64300537109375,6161800
2022-12-14,369.1000061035156,372.79998779296875,364.25,367.1600036621094,348.52618408203125,4707100
2022-12-15,362.4700012207031,363.239990234375,356.4599914550781,358.1300048828125,339.9544372558594,5126800
2022-12-16,355.6499938964844,356.8299865722656,351.7900085449219,353.8599853515625,335.9011535644531,4533100
2022-12-19,354.1300048828125,354.3399963378906,349.25,350.80999755859375,333.00592041015625,5538500
2022-12-20,348.45001220703125,351.1700134277344,347.2099914550781,349.6700134277344,333.5133361816406,5068200
2022-12-21,352.20001220703125,355.95001220703125,351.70001220703125,354.8999938964844,338.50164794921875,3832400
2022-12-22,351.9800109863281,352.25,344.3399963378906,349.9100036621094,333.7423095703125,6458200
2022-12-23,348.92999267578125,351.95001220703125,347.3500061035156,351.8699951171875,335.6116638183594,4572000
2022-12-27,351.760009765625,352.0400085449219,348.8500061035156,350.4700012207031,334.2763366699219,4303200
2022-12-28,350.4200134277344,352.20001220703125,345.8999938964844,346.1700134277344,330.1750183105469,4464600
2022-12-29,348.9100036621094,353.1300048828125,348.4700012207031,352.30999755859375,336.03131103515625,4086600
2022-12-30,349.7900085449219,351.489990234375,347.760009765625,351.3399963378906,335.10614013671875,5325400
2023-01-03,353.17999267578125,355.0400085449219,347.19000244140625,349.989990234375,333.8185729980469,4957300
2023-01-04,352.1000061035156,354.55999755859375,349.20001220703125,352.510009765625,336.2221374511719,3119100
2023-01-05,350.7300109863281,350.79998779296875,348.05999755859375,348.6600036621094,332.550048828125,3216500
2023-01-06,351.5899963378906,357.6700134277344,348.739990234375,356.5899963378906,340.11358642578125,3464800
2023-01-09,358.7300109863281,361.7300109863281,356.2200012207031,356.3299865722656,339.8656005859375,3775300
2023-01-10,355.8399963378906,358.95001220703125,354.9599914550781,358.8699951171875,342.2882385253906,3495700
2023-01-11,360.4100036621094,363.510009765625,359.6600036621094,363.45001220703125,346.6566467285156,5710500
2023-01-12,364.4800109863281,366.1499938964844,360.6000061035156,364.80999755859375,347.95379638671875,4743500
2023-01-13,361.67999267578125,366.7300109863281,361.4700012207031,366.2300109863281,349.3081359863281,3015200
2023-01-17,366.19000244140625,367.7200012207031,364.8699951171875,365.6700134277344,348.7740783691406,4942000
2023-01-18,366.6700134277344,367.6600036621094,359.5799865722656,359.7300109863281,343.1084899902344,3931800
2023-01-19,357.760009765625,359.3599853515625,355.8500061035156,357.1400146484375,340.6382141113281,3569900
2023-01-20,358.45001220703125,363.9100036621094,356.8800048828125,363.7099914550781,346.90460205078125,3265100
2023-01-23,364.510009765625,370.0,363.6499938964844,368.1400146484375,351.1299133300781,3243300
2023-01-24,366.57000732421875,368.6099853515625,365.4200134277344,367.75,350.75799560546875,2702400
2023-01-25,363.7799987792969,368.1600036621094,361.6600036621094,367.8800048828125,350.8819274902344,3061700
2023-01-26,370.4599914550781,372.05999755859375,367.6099853515625,371.80999755859375,354.6303405761719,3460900
2023-01-27,370.8900146484375,375.0799865722656,370.760009765625,372.8699951171875,355.641357421875,5549500
2023-01-30,370.1499938964844,372.2900085449219,367.8599853515625,368.2099914550781,351.1966552734375,3280600
2023-01-31,368.6099853515625,373.5400085449219,368.3299865722656,373.44000244140625,356.18505859375,4181700
2023-02-01,372.44000244140625,380.1600036621094,369.760009765625,377.5299987792969,360.0860900878906,4941700
2023-02-02,381.25,384.4100036621094,379.3999938964844,382.94000244140625,365.2460632324219,5207900
2023-02-03,378.2300109863281,383.20001220703125,377.7900085449219,378.8500061035156,361.3450622558594,6472500
2023-02-06,376.5799865722656,377.92999267578125,375.0199890136719,376.6600036621094,359.25628662109375,2880100
2023-02-07,375.7900085449219,382.75,374.6199951171875,381.5199890136719,363.89166259765625,4504600
2023-02-08,379.69000244140625,380.92999267578125,376.7300109863281,377.3399963378906,359.90478515625,2921500
2023-02-09,380.9700012207031,381.0,372.95001220703125,374.1099853515625,356.82403564453125,3327700
2023-02-10,373.0,375.3900146484375,372.20001220703125,375.0199890136719,357.6920471191406,3256700
2023-02-13,375.6499938964844,379.44000244140625,375.20001220703125,379.3500061035156,361.8219909667969,2980600
2023-02-14,377.9599914550781,381.4200134277344,375.45001220703125,379.2099914550781,361.6883850097656,4718000
2023-02-15,377.1499938964844,380.5299987792969,376.3299865722656,380.4800109863281,362.8997802734375,2820200
2023-02-16,375.6600036621094,379.42999267578125,375.0899963378906,375.19000244140625,357.8541564941406,3077500
2023-02-17,373.17999267578125,374.45001220703125,371.32000732421875,374.2200012207031,356.9289855957031,3285300
2023-02-21,370.3999938964844,371.3399963378906,366.4800109863281,366.7900085449219,349.84234619140625,3109200
2023-02-22,367.17999267578125,368.6000061035156,364.8399963378906,366.3299865722656,349.403564453125,3872000
2023-02-23,369.07000732421875,369.57000732421875,364.1300048828125,368.1700134277344,351.1585388183594,2867200
2023-02-24,363.30999755859375,365.0299987792969,361.7300109863281,364.2300109863281,347.4005432128906,4055000
2023-02-27,367.489990234375,368.7699890136719,364.5899963378906,365.489990234375,348.6023254394531,3300100
2023-02-28,365.010009765625,366.8599853515625,364.04998779296875,364.1099853515625,347.2861022949219,3022200
2023-03-01,363.3399963378906,364.510009765625,361.45001220703125,362.7799987792969,346.0176086425781,3764700
2023-03-02,360.80999755859375,366.3599853515625,360.5299987792969,365.489990234375,348.6023254394531,2727200
2023-03-03,367.2900085449219,371.6700134277344,366.70001220703125,371.2799987792969,354.1247863769531,4913600
2023-03-06,372.260009765625,374.44000244140625,371.29998779296875,371.7300109863281,354.5541076660156,2638300
2023-03-07,371.6300048828125,371.8900146484375,365.3900146484375,365.9800109863281,349.0697326660156,3546100
2023-03-08,366.1099853515625,367.29998779296875,364.44000244140625,366.54998779296875,349.6133728027344,2906300
2023-03-09,367.3500061035156,368.8800048828125,358.8500061035156,359.8399963378906,343.21337890625,4409600
2023-03-10,359.3299865722656,361.239990234375,353.1400146484375,354.67999267578125,338.29180908203125,8360400
2023-03-13,350.760009765625,358.6700134277344,349.760009765625,354.0799865722656,337.7195739746094,6478700
2023-03-14,358.8800048828125,361.510009765625,355.6300048828125,359.9599914550781,343.327880859375,4798800
2023-03-15,354.4599914550781,357.8800048828125,352.57000732421875,357.739990234375,341.2104187011719,6610400
2023-03-16,355.5400085449219,364.260009765625,354.989990234375,363.8599853515625,347.0476989746094,5016700
2023-03-17,362.760009765625,363.7900085449219,358.4200134277344,359.8800048828125,343.2515869140625,5189900
2023-03-20,360.4700012207031,363.5799865722656,359.82000732421875,363.1300048828125,346.3514099121094,3099800
2023-03-21,366.4200134277344,368.4100036621094,364.8800048828125,367.8800048828125,350.8819274902344,4117600
2023-03-22,367.7799987792969,371.2200012207031,361.6600036621094,361.7799987792969,345.06378173828125,4094800
2023-03-23,364.4800109863281,368.2900085449219,360.1199951171875,362.6400146484375,345.884033203125,4787200
2023-03-24,359.9800109863281,363.6300048828125,357.7200012207031,363.55999755859375,348.1893310546875,3740400
2023-03-27,365.7300109863281,366.42999267578125,363.3999938964844,364.1600036621094,348.7639465332031,4144800
2023-03-28,363.5400085449219,364.20001220703125,361.67999267578125,363.5199890136719,348.1509704589844,2413700
2023-03-29,367.3999938964844,368.94000244140625,366.2900085449219,368.69000244140625,353.1023864746094,3636100
2023-03-30,371.2300109863281,371.4800109863281,369.1000061035156,370.8900146484375,355.20941162109375,3316700
2023-03-31,371.7799987792969,376.3399963378906,371.6499938964844,376.07000732421875,360.17041015625,4159800
2023-04-03,375.6000061035156,377.9100036621094,375.2200012207031,377.55999755859375,361.5973815917969,3525300
2023-04-04,378.19000244140625,378.3999938964844,374.1300048828125,375.42999267578125,359.5574035644531,2713300
2023-04-05,374.7099914550781,375.4200134277344,372.8900146484375,374.5199890136719,358.6858825683594,3227700
2023-04-06,373.6700134277344,376.19000244140625,372.7200012207031,375.95001220703125,360.0554504394531,3076200
2023-04-10,373.54998779296875,376.3900146484375,372.9599914550781,376.3599853515625,360.4481201171875,2671100
2023-04-11,376.8999938964844,377.760009765625,375.69000244140625,376.4100036621094,360.49603271484375,3069000
2023-04-12,378.3999938964844,378.6199951171875,374.32000732421875,374.9100036621094,359.0594787597656,3624200
2023-04-13,375.9100036621094,380.1700134277344,375.44000244140625,379.7699890136719,363.7139892578125,2680900
2023-04-14,379.2699890136719,381.3299865722656,376.7200012207031,378.989990234375,362.9669494628906,2981700
2023-04-17,378.8399963378906,380.32000732421875,377.67999267578125,380.2799987792969,364.202392578125,2721000
2023-04-18,381.8399963378906,381.9200134277344,379.239990234375,380.5400085449219,364.45135498046875,3019300
2023-04-19,378.7300109863281,381.3299865722656,378.6700134277344,380.5199890136719,364.4322204589844,2671300
2023-04-20,377.7799987792969,380.07000732421875,376.94000244140625,378.3699951171875,362.3731994628906,2953200
2023-04-21,378.67999267578125,379.1000061035156,376.82000732421875,378.5899963378906,362.5838317871094,2762300
2023-04-24,378.4800109863281,379.4700012207031,377.2300109863281,379.0899963378906,363.062744140625,2310400
2023-04-25,377.17999267578125,377.70001220703125,373.0199890136719,373.1000061035156,357.3260192871094,3795400
2023-04-26,373.6600036621094,374.67999267578125,370.9800109863281,371.44000244140625,355.7361145019531,3766900
2023-04-27,373.8900146484375,379.1300048828125,373.6700134277344,378.80999755859375,362.7945251464844,4302400
2023-04-28,378.0400085449219,382.1199951171875,378.0,382.04998779296875,365.8975830078125,3386900
2023-05-01,381.7300109863281,383.6400146484375,381.5199890136719,381.7900085449219,365.6485595703125,3069300
2023-05-02,381.05999755859375,381.1099853515625,374.6700134277344,377.510009765625,361.5495300292969,4311600
2023-05-03,377.9100036621094,380.20001220703125,374.6000061035156,374.8800048828125,359.0307312011719,5513000
2023-05-04,373.8399963378906,374.1099853515625,370.9200134277344,372.1400146484375,356.4065856933594,4421500
2023-05-05,375.739990234375,380.0899963378906,375.42999267578125,378.9700012207031,362.94781494140625,3139400
2023-05-08,379.4100036621094,379.6199951171875,377.8800048828125,379.17999267578125,363.14892578125,2957600
2023-05-09,377.7099914550781,378.5799865722656,377.3299865722656,377.5400085449219,361.5782165527344,2271000
2023-05-10,380.2799987792969,380.8299865722656,375.6400146484375,379.19000244140625,363.15850830078125,3512900
2023-05-11,378.4700012207031,378.8800048828125,376.6700134277344,378.6600036621094,362.6509094238281,2676600
2023-05-12,379.8500061035156,380.010009765625,375.8399963378906,378.1499938964844,362.1624450683594,2531000
2023-05-15,378.739990234375,379.8399963378906,376.9100036621094,379.4599914550781,363.41705322265625,3882600
2023-05-16,378.3900146484375,379.2799987792969,376.9100036621094,376.95001220703125,361.0132141113281,2275300
2023-05-17,378.8500061035156,382.0899963378906,377.2799987792969,381.45001220703125,365.3229675292969,3222600
2023-05-18,381.260009765625,385.57000732421875,381.0,385.17999267578125,368.895263671875,3340600
2023-05-19,386.0199890136719,386.5400085449219,383.44000244140625,384.57000732421875,368.31103515625,3649000
2023-05-22,384.6600036621094,386.2300109863281,383.4700012207031,384.7799987792969,368.51214599609375,2784000
2023-05-23,383.19000244140625,384.1099853515625,380.0799865722656,380.4800109863281,364.3939208984375,2887300
2023-05-24,378.9100036621094,379.25,376.57000732421875,377.6300048828125,361.6644592285156,3611600
2023-05-25,380.989990234375,382.2799987792969,378.9200134277344,380.9200134277344,364.8153381347656,3315900
2023-05-26,381.6400146484375,386.57000732421875,381.5400085449219,385.8699951171875,369.5560607910156,3042800
2023-05-30,387.760009765625,388.260009765625,384.760009765625,385.989990234375,369.6709899902344,3968500
2023-05-31,384.30999755859375,385.1600036621094,382.4200134277344,383.8900146484375,367.6597900390625,4205300
2023-06-01,384.20001220703125,388.57000732421875,382.9700012207031,387.57000732421875,371.1841735839844,3563600
2023-06-02,390.0799865722656,393.9599914550781,389.5400085449219,393.260009765625,376.6336669921875,7368900
2023-06-05,393.5400085449219,394.7699890136719,391.7900085449219,392.5,375.9057312011719,3481200
2023-06-06,392.04998779296875,393.7900085449219,391.4100036621094,393.30999755859375,376.6814880371094,2894700
2023-06-07,393.6700134277344,394.760009765625,391.5400085449219,392.0199890136719,375.4460144042969,3942900
2023-06-08,391.9599914550781,394.7300109863281,391.2900085449219,394.3699951171875,377.69671630859375,3455400
2023-06-09,395.04998779296875,396.92999267578125,394.0799865722656,395.0299987792969,378.3287658691406,3060100
2023-06-12,395.9800109863281,398.69000244140625,395.29998779296875,398.6600036621094,381.8053894042969,3792700
2023-06-13,400.0199890136719,401.8500061035156,399.3999938964844,401.2900085449219,384.32415771484375,3913100
2023-06-14,401.6099853515625,403.44000244140625,398.4599914550781,401.6000061035156,384.6210021972656,5161300
2023-06-15,401.0,407.92999267578125,400.8900146484375,406.75,389.5533142089844,5285000
2023-06-16,408.69000244140625,408.760009765625,404.8900146484375,405.25,388.11669921875,5141900
2023-06-20,403.489990234375,404.32000732421875,401.260009765625,403.3800048828125,386.3257751464844,4242900
2023-06-21,402.30999755859375,403.05999755859375,400.6700134277344,401.1700134277344,384.2092590332031,3423500
2023-06-22,400.2799987792969,402.7200012207031,399.95001220703125,402.6300048828125,385.60748291015625,3141000
2023-06-23,399.3299865722656,401.2799987792969,398.92999267578125,399.6099853515625,382.71514892578125,4215300
2023-06-26,399.0400085449219,400.8599853515625,397.7300109863281,397.9599914550781,381.1349182128906,3250700
2023-06-27,398.79998779296875,402.92999267578125,398.3900146484375,402.3699951171875,385.3584899902344,4302400
2023-06-28,401.3500061035156,403.489990234375,400.7099914550781,402.54998779296875,385.5308532714844,4320700
2023-06-29,400.6000061035156,402.6700134277344,400.19000244140625,402.510009765625,387.0077209472656,3914800
2023-06-30,405.3999938964844,408.2200012207031,405.2900085449219,407.2799987792969,391.593994140625,5173700
2023-07-03,406.9200134277344,408.05999755859375,406.67999267578125,408.05999755859375,392.34393310546875,2372000
2023-07-05,406.010009765625,407.8399963378906,406.010009765625,407.1499938964844,391.468994140625,4230100
2023-07-06,403.7799987792969,404.3500061035156,401.55999755859375,403.8299865722656,388.2768249511719,6040300
2023-07-07,403.0299987792969,406.67999267578125,402.7099914550781,402.8900146484375,387.37310791015625,3673200
2023-07-10,402.6300048828125,404.1099853515625,402.05999755859375,403.9700012207031,388.4114685058594,3362300
2023-07-11,404.7699890136719,407.0,403.7699890136719,406.55999755859375,390.9017639160156,3177800
2023-07-12,410.19000244140625,411.1300048828125,408.7900085449219,409.760009765625,393.9784851074219,4246400
2023-07-13,411.5400085449219,413.80999755859375,411.1300048828125,413.1000061035156,397.1899108886719,3273400
2023-07-14,413.94000244140625,414.7099914550781,412.0799865722656,412.7699890136719,396.87255859375,3680900
2023-07-17,412.6499938964844,415.25,412.6300048828125,414.2099914550781,398.257080078125,2963700
2023-07-18,413.9100036621094,417.92999267578125,413.5400085449219,417.3500061035156,401.27618408203125,3594000
2023-07-19,418.07000732421875,419.3699951171875,417.489990234375,418.25,402.14154052734375,3494900
2023-07-20,417.29998779296875,418.1600036621094,414.82000732421875,415.5199890136719,399.5166015625,4085000
2023-07-21,417.1099853515625,417.29998779296875,415.4800109863281,415.57000732421875,399.56475830078125,3176700
2023-07-24,416.5799865722656,418.1000061035156,416.0199890136719,417.3299865722656,401.25689697265625,3471100
2023-07-25,417.0799865722656,419.6499938964844,417.07000732421875,418.55999755859375,402.4395751953125,3949300
2023-07-26,417.6199951171875,419.8900146484375,416.5799865722656,418.6600036621094,402.53570556640625,6138800
2023-07-27,421.7900085449219,422.1499938964844,414.9200134277344,415.82000732421875,399.8050537109375,4149400
2023-07-28,418.92999267578125,420.6199951171875,418.1600036621094,419.8699951171875,403.6990661621094,2701200
2023-07-31,420.32000732421875,420.9700012207031,419.04998779296875,420.67999267578125,404.4779052734375,3452100
2023-08-01,419.260009765625,420.0799865722656,418.54998779296875,419.3800048828125,403.2279968261719,3118000
2023-08-02,416.4599914550781,416.70001220703125,412.8800048828125,413.57000732421875,397.6418151855469,4973700
2023-08-03,411.67999267578125,414.19000244140625,411.0899963378906,412.3999938964844,396.51678466796875,3022300
2023-08-04,414.1499938964844,416.1300048828125,410.0299987792969,410.3800048828125,394.5745544433594,5717300
2023-08-07,412.2900085449219,414.239990234375,411.6400146484375,414.0799865722656,398.132080078125,2598000
2023-08-08,411.760009765625,412.739990234375,409.1300048828125,412.2900085449219,396.41107177734375,3780100
2023-08-09,412.6600036621094,412.7300109863281,408.8500061035156,409.54998779296875,393.77655029296875,3145900
2023-08-10,411.79998779296875,415.04998779296875,408.6199951171875,409.7900085449219,394.00732421875,4588300
2023-08-11,407.95001220703125,410.4100036621094,407.3399963378906,409.4100036621094,393.6419982910156,2918900
2023-08-14,408.55999755859375,411.739990234375,408.30999755859375,411.7200012207031,395.86297607421875,2772900
2023-08-15,410.0899963378906,411.7099914550781,406.4100036621094,407.0,391.3247985839844,4686100
2023-08-16,406.5899963378906,408.1099853515625,403.8699951171875,403.989990234375,388.43072509765625,3353700
2023-08-17,405.3299865722656,405.5799865722656,400.3699951171875,400.7200012207031,385.28662109375,7102500
2023-08-18,398.1700134277344,402.0199890136719,397.8500061035156,401.0899963378906,385.6424255371094,4157700
2023-08-21,402.1400146484375,404.3900146484375,399.989990234375,403.739990234375,388.1903076171875,3292400
2023-08-22,405.3500061035156,405.3999938964844,402.05999755859375,402.6099853515625,387.1039123535156,2646100
2023-08-23,403.55999755859375,407.6700134277344,403.4700012207031,406.95001220703125,391.2767639160156,3250000
2023-08-24,408.6000061035156,409.0799865722656,401.3999938964844,401.5400085449219,386.0750732421875,3458800
2023-08-25,403.0799865722656,405.79998779296875,399.7099914550781,404.20001220703125,388.6326599121094,4417800
2023-08-28,406.3599853515625,407.44000244140625,405.1000061035156,406.8599853515625,391.1901550292969,3236700
2023-08-29,406.7799987792969,412.9800109863281,406.57000732421875,412.6400146484375,396.74755859375,3482700
2023-08-30,413.0299987792969,415.0299987792969,412.3999938964844,414.3599853515625,398.4013366699219,3004500
2023-08-31,414.9800109863281,416.1199951171875,413.6600036621094,413.8299865722656,397.8917236328125,4751100
2023-09-01,416.4599914550781,416.8800048828125,413.2099914550781,414.7099914550781,398.73785400390625,3588000
2023-09-05,414.20001220703125,414.4700012207031,412.7699890136719,412.8999938964844,396.99755859375,4426700
2023-09-06,412.1000061035156,412.1300048828125,407.8299865722656,410.04998779296875,394.25726318359375,3744100
2023-09-07,407.1700134277344,409.42999267578125,406.8599853515625,408.8299865722656,393.0843200683594,2245800
2023-09-08,408.82000732421875,410.8399963378906,408.489990234375,409.3900146484375,393.622802734375,4124400
2023-09-11,411.8800048828125,412.3800048828125,410.2900085449219,412.0799865722656,396.20916748046875,3346600
2023-09-12,410.70001220703125,412.1499938964844,409.2900085449219,409.8699951171875,394.0842590332031,7595300
2023-09-13,410.0299987792969,411.3999938964844,408.989990234375,410.3500061035156,394.5457458496094,2529700
2023-09-14,412.6700134277344,414.510009765625,411.4200134277344,413.8999938964844,397.9590759277344,3660900
2023-09-15,412.3399963378906,412.6700134277344,408.4800109863281,408.739990234375,392.9977722167969,4004000
2023-09-18,408.5799865722656,410.3399963378906,408.1600036621094,409.19000244140625,393.4304504394531,3014600
2023-09-19,408.2200012207031,408.80999755859375,405.7099914550781,408.3699951171875,392.6420593261719,3623300
2023-09-20,409.4599914550781,409.8399963378906,404.3299865722656,404.54998779296875,388.9691467285156,4009400
2023-09-21,401.79998779296875,402.04998779296875,397.69000244140625,397.9200134277344,382.594482421875,4633100
2023-09-22,398.79998779296875,400.3299865722656,396.55999755859375,396.9599914550781,381.67144775390625,7204200
2023-09-25,395.760009765625,398.6400146484375,395.3699951171875,398.6099853515625,383.25787353515625,3227900
2023-09-26,395.7200012207031,396.3599853515625,391.9599914550781,392.760009765625,377.63323974609375,5734700
2023-09-27,393.8399963378906,394.3900146484375,389.45001220703125,392.8500061035156,377.7197265625,4837700
2023-09-28,390.8699951171875,395.2699890136719,390.3299865722656,393.6400146484375,379.9231872558594,4065800
2023-09-29,396.6199951171875,396.739990234375,391.29998779296875,392.70001220703125,379.0160217285156,5766600
2023-10-02,391.8999938964844,393.760009765625,389.9700012207031,392.6700134277344,378.9870300292969,5886200
2023-10-03,390.5799865722656,391.92999267578125,386.0299987792969,387.3900146484375,373.8909912109375,6886700
2023-10-04,387.7300109863281,390.8500061035156,386.3999938964844,390.239990234375,376.64166259765625,4333700
2023-10-05,389.8900146484375,390.7900085449219,386.95001220703125,389.9100036621094,376.3232116699219,3329100
2023-10-06,387.69000244140625,396.0899963378906,386.4100036621094,394.55999755859375,380.8111572265625,4897200
2023-10-09,392.7699890136719,397.69000244140625,392.30999755859375,397.19000244140625,383.34954833984375,2959500
2023-10-10,397.7699890136719,401.67999267578125,397.3900146484375,399.239990234375,385.32806396484375,3289600
2023-10-11,400.2699890136719,401.0899963378906,397.989990234375,400.92999267578125,386.9591979980469,4181800
2023-10-12,401.4800109863281,401.79998779296875,396.20001220703125,398.5199890136719,384.6331787109375,3872900
2023-10-13,399.80999755859375,400.9599914550781,394.9599914550781,396.4200134277344,382.6063232421875,3769800
2023-10-16,398.57000732421875,401.6000061035156,398.3399963378906,400.57000732421875,386.6117248535156,5150900
2023-10-17,397.6300048828125,402.5,397.30999755859375,400.5799865722656,386.6213684082031,4214600
2023-10-18,398.8900146484375,399.80999755859375,394.2200012207031,395.2200012207031,381.4482116699219,7329300
2023-10-19,395.9700012207031,397.6000061035156,391.1400146484375,391.8699951171875,378.21484375,6708900
2023-10-20,391.3800048828125,391.82000732421875,386.8399963378906,386.989990234375,373.50494384765625,7549600
2023-10-23,385.4800109863281,389.94000244140625,383.8500061035156,386.30999755859375,372.8486328125,5537100
2023-10-24,388.2799987792969,390.260009765625,386.54998779296875,389.20001220703125,375.6379699707031,4451500
2023-10-25,387.6000061035156,387.67999267578125,383.1199951171875,383.7099914550781,370.3392333984375,5471200
2023-10-26,382.6300048828125,383.3999938964844,378.1499938964844,379.0,365.7933654785156,6959400
2023-10-27,380.5299987792969,380.8900146484375,375.95001220703125,377.32000732421875,364.1719665527344,5638800
2023-10-30,379.9100036621094,382.79998779296875,378.7099914550781,381.8599853515625,368.5537109375,5795800
2023-10-31,382.3500061035156,384.4800109863281,380.55999755859375,384.1700134277344,370.7832336425781,4523200
2023-11-01,385.0899963378906,389.0799865722656,384.6199951171875,388.3999938964844,374.8657531738281,5549200
2023-11-02,391.92999267578125,395.9100036621094,391.9200134277344,395.7799987792969,381.9886779785156,4752200
2023-11-03,397.9200134277344,400.8500061035156,397.8399963378906,399.44000244140625,385.5211181640625,5981400
2023-11-06,400.1199951171875,400.7300109863281,398.4599914550781,400.2099914550781,386.2642822265625,4007100
2023-11-07,400.260009765625,402.0400085449219,399.2300109863281,401.3399963378906,387.35491943359375,3358600
2023-11-08,401.989990234375,402.5,399.55999755859375,401.6700134277344,387.67340087890625,3731900
2023-11-09,402.80999755859375,402.8800048828125,398.2099914550781,398.6400146484375,384.7490539550781,4145600
2023-11-10,400.5899963378906,405.1099853515625,399.1400146484375,404.8599853515625,390.75225830078125,3992800
2023-11-13,403.5899963378906,405.489990234375,402.82000732421875,404.45001220703125,390.3565673828125,2872900
2023-11-14,410.0400085449219,413.510009765625,409.8900146484375,412.2200012207031,397.85577392578125,6973100
2023-11-15,413.5400085449219,414.7200012207031,412.3699951171875,413.1199951171875,398.7243957519531,4414800
2023-11-16,412.739990234375,413.95001220703125,411.75,413.70001220703125,399.28424072265625,3798900
2023-11-17,413.94000244140625,414.7900085449219,412.8699951171875,414.30999755859375,399.8729553222656,4696200
2023-11-20,413.989990234375,418.20001220703125,413.9800109863281,417.42999267578125,402.8842468261719,3517600
2023-11-21,416.3999938964844,416.8399963378906,415.29998779296875,416.3399963378906,401.8321838378906,5248200
2023-11-22,418.07000732421875,419.30999755859375,417.05999755859375,418.1400146484375,403.56951904296875,3692800
2023-11-24,418.19000244140625,418.489990234375,417.8399963378906,418.3699951171875,403.7914733886719,1351300
2023-11-27,417.7900085449219,418.5299987792969,417.2300109863281,417.6400146484375,403.0868835449219,3632600
2023-11-28,417.25,419.25,416.7099914550781,418.04998779296875,403.48260498046875,3382400
2023-11-29,420.05999755859375,421.1199951171875,417.3699951171875,417.7799987792969,403.2220153808594,4092600
2023-11-30,418.5400085449219,419.70001220703125,416.57000732421875,419.3999938964844,404.78558349609375,4405700
2023-12-01,418.8299865722656,422.3699951171875,418.25,421.8599853515625,407.1598205566406,4973600
2023-12-04,418.6499938964844,419.8699951171875,417.5,419.739990234375,405.1136779785156,5806100
2023-12-05,418.3399963378906,420.4700012207031,418.0,419.6099853515625,404.9882507324219,3419300
2023-12-06,421.6099853515625,421.6700134277344,417.4599914550781,417.8599853515625,403.2992248535156,4201800
2023-12-07,419.80999755859375,421.6700134277344,419.2799987792969,421.1300048828125,406.455322265625,3248300
2023-12-08,420.3699951171875,423.3699951171875,420.1499938964844,422.9200134277344,408.1829528808594,5125300
2023-12-11,422.4100036621094,424.7099914550781,422.2200012207031,424.55999755859375,409.7657470703125,5247100
2023-12-12,424.2200012207031,426.6700134277344,423.2699890136719,426.6700134277344,411.80224609375,5982600
2023-12-13,426.8800048828125,432.6099853515625,426.510009765625,432.4800109863281,417.40985107421875,8659100
2023-12-14,434.2200012207031,435.3599853515625,431.239990234375,433.75,418.635498046875,8349100
2023-12-15,433.19000244140625,434.25,432.239990234375,433.0899963378906,417.9985046386719,5326000
2023-12-18,434.6400146484375,436.3999938964844,434.45001220703125,435.5400085449219,420.3631896972656,4280500
2023-12-19,436.0400085449219,438.2200012207031,435.95001220703125,438.19000244140625,422.92083740234375,4061500
2023-12-20,435.510009765625,437.30999755859375,429.8999938964844,430.0899963378906,416.8161926269531,5783200
2023-12-21,433.1300048828125,434.6400146484375,430.8599853515625,434.2799987792969,420.8769226074219,4621600
2023-12-22,435.4599914550781,436.8399963378906,433.4800109863281,435.2900085449219,421.85577392578125,4037800
2023-12-26,435.6700134277344,437.9200134277344,435.5799865722656,437.1000061035156,423.6098937988281,3835800
2023-12-27,436.8999938964844,438.0199890136719,436.4200134277344,437.8999938964844,424.3851623535156,4271000
2023-12-28,438.25,438.8399963378906,437.6600036621094,437.9700012207031,424.4530029296875,4703700
2023-12-29,437.8699951171875,438.3399963378906,434.94000244140625,436.79998779296875,423.3191223144531,4376900
2024-01-02,433.9100036621094,435.2699890136719,432.3599853515625,434.010009765625,420.6152648925781,9076000
2024-01-03,432.32000732421875,433.0,430.25,430.7900085449219,417.4946594238281,4805000
2024-01-04,430.3299865722656,432.7799987792969,429.2099914550781,429.42999267578125,416.1766052246094,3945300
2024-01-05,429.5899963378906,432.29998779296875,428.6400146484375,429.9800109863281,416.70965576171875,5724600
2024-01-08,430.45001220703125,436.2699890136719,430.3699951171875,436.1300048828125,422.66986083984375,7222400
2024-01-09,433.6199951171875,436.42999267578125,433.1600036621094,435.07000732421875,421.642578125,7939600
2024-01-10,435.7699890136719,438.739990234375,435.4800109863281,437.94000244140625,424.4239501953125,4278800
2024-01-11,438.94000244140625,439.3599853515625,434.0,437.7900085449219,424.2785949707031,4796600
2024-01-12,439.1099853515625,439.79998779296875,436.7300109863281,437.989990234375,424.4723815917969,5182700
2024-01-16,436.7900085449219,437.9800109863281,434.739990234375,436.5,423.0284423828125,5730800
2024-01-17,433.6000061035156,434.4800109863281,431.80999755859375,434.07000732421875,420.6733703613281,6044600
2024-01-18,435.5799865722656,438.3900146484375,434.1600036621094,437.92999267578125,424.41424560546875,4331300
2024-01-19,439.0,443.6099853515625,438.30999755859375,443.2900085449219,429.60888671875,4836800
2024-01-22,444.7699890136719,445.9200134277344,443.67999267578125,444.29998779296875,430.58770751953125,5870400
2024-01-23,444.8299865722656,445.82000732421875,443.7799987792969,445.6199951171875,431.866943359375,3251600
2024-01-24,448.32000732421875,449.19000244140625,445.75,445.989990234375,432.22552490234375,4568200
2024-01-25,448.1400146484375,448.760009765625,446.1099853515625,448.5,434.65802001953125,4167100
2024-01-26,448.1000061035156,449.510009765625,447.1600036621094,448.2300109863281,434.39642333984375,6404000
2024-01-29,448.2300109863281,451.6099853515625,447.7099914550781,451.489990234375,437.5557861328125,4543300
2024-01-30,450.8399963378906,451.80999755859375,450.44000244140625,451.1700134277344,437.24566650390625,3410000
2024-01-31,449.0400085449219,449.4700012207031,443.75,443.82000732421875,430.1225280761719,7108000
2024-02-01,445.3500061035156,449.6600036621094,444.6499938964844,449.6600036621094,435.7822265625,6138400
2024-02-02,450.010009765625,455.8800048828125,449.69000244140625,454.2799987792969,440.2596740722656,6253500
2024-02-05,453.7300109863281,454.1499938964844,450.5400085449219,452.6199951171875,438.65093994140625,7101900
2024-02-06,453.5799865722656,454.2900085449219,452.2099914550781,454.0299987792969,440.01739501953125,4383600
2024-02-07,456.1499938964844,458.17999267578125,455.2699890136719,457.760009765625,443.6322937011719,6763400
2024-02-08,457.80999755859375,458.3299865722656,457.0299987792969,458.07000732421875,443.9327087402344,4184600
2024-02-09,458.5400085449219,461.0299987792969,458.1700134277344,460.6700134277344,446.4525146484375,4002600
2024-02-12,460.6099853515625,462.739990234375,459.75,460.4599914550781,446.2489013671875,4564200
2024-02-13,454.4800109863281,455.70001220703125,451.0,453.9700012207031,439.9592590332031,8152200
2024-02-14,456.5799865722656,458.6700134277344,454.3999938964844,458.2900085449219,444.1459045410156,5624000
2024-02-15,458.8999938964844,461.5400085449219,458.42999267578125,461.3900146484375,447.1502380371094,5695700
2024-02-16,461.0799865722656,462.1499938964844,458.3999938964844,459.0299987792969,444.8630676269531,5527900
2024-02-20,457.44000244140625,458.05999755859375,454.42999267578125,456.510009765625,442.42083740234375,5306800
2024-02-21,455.32000732421875,457.1199951171875,453.6000061035156,456.9700012207031,442.86663818359375,4208600
2024-02-22,463.2200012207031,467.3299865722656,462.32000732421875,466.57000732421875,452.17034912109375,4328500
2024-02-23,468.0899963378906,468.8699951171875,466.0899963378906,466.7799987792969,452.3739013671875,4050600
2024-02-26,467.19000244140625,467.5899963378906,464.94000244140625,465.07000732421875,450.7166442871094,3450800
2024-02-27,465.7099914550781,466.1199951171875,463.9100036621094,465.92999267578125,451.55010986328125,3586900
2024-02-28,464.489990234375,465.8299865722656,464.1099853515625,465.2099914550781,450.8523254394531,2800600
2024-02-29,466.9700012207031,468.489990234375,464.4700012207031,466.92999267578125,452.519287109375,7332900
2024-03-01,467.8299865722656,471.7699890136719,467.42999267578125,471.42999267578125,456.8803405761719,4839400
2024-03-04,470.6099853515625,472.6000061035156,470.6000061035156,470.8699951171875,456.33770751953125,3970200
2024-03-05,468.95001220703125,469.3800048828125,464.05999755859375,466.1499938964844,451.7633056640625,4616500
2024-03-06,469.25,470.6600036621094,467.32000732421875,468.6199951171875,454.1570739746094,5325100
2024-03-07,471.6300048828125,474.19000244140625,470.7799987792969,473.260009765625,458.6539001464844,7149800
2024-03-08,473.7699890136719,476.29998779296875,469.82000732421875,470.3900146484375,455.8724670410156,6285600
2024-03-11,469.20001220703125,470.4599914550781,467.3900146484375,470.0,455.4945068359375,5323900
2024-03-12,471.9200134277344,475.54998779296875,469.57000732421875,475.0299987792969,460.3692626953125,4811000
2024-03-13,475.30999755859375,475.4700012207031,472.8999938964844,474.30999755859375,459.6714782714844,3544500
2024-03-14,475.1600036621094,475.3299865722656,470.45001220703125,473.2699890136719,458.6635437011719,5153000
2024-03-15,470.4100036621094,471.7799987792969,468.7200012207031,470.010009765625,455.5041809082031,6807100
2024-03-18,473.95001220703125,475.2799987792969,472.5,472.95001220703125,458.3533935546875,3939100
2024-03-19,472.20001220703125,475.739990234375,471.2900085449219,475.6000061035156,460.92169189453125,4550200
2024-03-20,475.5400085449219,480.0199890136719,474.92999267578125,479.75,464.9435729980469,6179400
2024-03-21,482.6199951171875,483.239990234375,481.2099914550781,481.3500061035156,466.4942321777344,5044700
2024-03-22,479.8699951171875,480.32000732421875,478.82000732421875,479.17999267578125,465.8846130371094,5881500
2024-03-25,477.7300109863281,478.7900085449219,477.54998779296875,477.94000244140625,464.67901611328125,6081300
2024-03-26,479.05999755859375,479.3699951171875,476.42999267578125,476.6000061035156,463.3761901855469,8073500
2024-03-27,479.510009765625,480.8699951171875,477.45001220703125,480.760009765625,467.4207763671875,4951400
2024-03-28,480.8699951171875,482.1600036621094,480.5,480.70001220703125,467.3623962402344,4065000
2024-04-01,481.44000244140625,481.9599914550781,478.8299865722656,480.07000732421875,466.7499084472656,5734000
2024-04-02,476.3299865722656,476.989990234375,474.7099914550781,476.92999267578125,463.69696044921875,4817800
2024-04-03,475.8399963378906,478.79998779296875,475.7900085449219,477.3599853515625,464.1151123046875,6224800
2024-04-04,481.20001220703125,481.4800109863281,471.2699890136719,471.4800109863281,458.39825439453125,6871200
2024-04-05,472.8500061035156,478.3299865722656,472.4200134277344,476.489990234375,463.2691955566406,5588200
2024-04-08,477.1499938964844,478.07000732421875,475.9700012207031,476.67999267578125,463.45391845703125,4736800
2024-04-09,478.3800048828125,478.6000061035156,472.739990234375,477.2699890136719,464.027587890625,5250400
2024-04-10,471.9100036621094,474.3900146484375,470.6700134277344,472.6499938964844,459.5357666015625,6933400
2024-04-11,473.9800109863281,477.42999267578125,470.6700134277344,476.05999755859375,462.8511657714844,5109900
2024-04-12,472.7699890136719,474.04998779296875,467.9100036621094,469.57000732421875,456.541259765625,6959700
2024-04-15,473.4700012207031,473.5899963378906,462.8500061035156,463.6099853515625,450.74658203125,9530000
2024-04-16,464.04998779296875,465.510009765625,461.5899963378906,462.7799987792969,449.9396667480469,6761400
2024-04-17,465.1099853515625,465.239990234375,458.7300109863281,459.989990234375,447.22705078125,7156200
2024-04-18,461.3599853515625,463.29998779296875,458.2099914550781,458.94000244140625,446.2061462402344,5637300
2024-04-19,458.989990234375,459.94000244140625,453.8999938964844,455.1000061035156,442.47271728515625,9787500
2024-04-22,457.54998779296875,461.7300109863281,455.3500061035156,459.04998779296875,446.3130798339844,5818100
2024-04-23,461.17999267578125,465.1300048828125,460.6700134277344,464.8399963378906,451.9424743652344,4257400
2024-04-24,465.57000732421875,466.30999755859375,462.44000244140625,464.5,451.6119384765625,7687800
2024-04-25,458.7699890136719,463.4599914550781,457.260009765625,462.5799865722656,449.74517822265625,4876200
2024-04-26,465.3299865722656,468.6300048828125,464.80999755859375,467.2099914550781,454.2466735839844,4907100
2024-04-29,468.8399963378906,469.4200134277344,466.2099914550781,468.8399963378906,455.83154296875,3253200
2024-04-30,467.4200134277344,468.3399963378906,461.3599853515625,461.42999267578125,448.6270751953125,4364800
2024-05-01,460.7699890136719,467.07000732421875,459.44000244140625,459.92999267578125,447.168701171875,6115400
2024-05-02,463.3599853515625,464.95001220703125,459.1600036621094,464.2200012207031,451.3396301269531,3972400
2024-05-03,469.760009765625,471.0,467.44000244140625,469.9800109863281,456.93988037109375,4586900
2024-05-06,472.2200012207031,474.80999755859375,471.82000732421875,474.7200012207031,461.5483703613281,4782500
2024-05-07,475.70001220703125,476.6400146484375,474.7099914550781,475.3999938964844,462.2094421386719,3451300
2024-05-08,473.5899963378906,475.8599853515625,473.5,475.4200134277344,462.2289123535156,3214900
2024-05-09,475.5899963378906,478.1499938964844,474.94000244140625,478.1499938964844,464.8831481933594,3486000
2024-05-10,479.69000244140625,480.3900146484375,477.5899963378906,478.739990234375,465.456787109375,3347200
2024-05-13,480.3500061035156,480.4200134277344,477.7300109863281,478.7699890136719,465.4859313964844,3108400
2024-05-14,478.9800109863281,481.4700012207031,478.4800109863281,481.0400085449219,467.6929931640625,3257700
2024-05-15,483.3399963378906,487.2300109863281,482.739990234375,486.8999938964844,473.390380859375,4399500
2024-05-16,487.04998779296875,488.57000732421875,485.8299865722656,485.9700012207031,472.4862060546875,3347400
2024-05-17,486.0899963378906,486.7300109863281,484.70001220703125,486.69000244140625,473.18621826171875,3274000
2024-05-20,486.7799987792969,488.6099853515625,486.45001220703125,487.1700134277344,473.6529235839844,2599600
2024-05-21,486.5299987792969,488.5799865722656,486.3500061035156,488.4800109863281,474.9265441894531,2453600
2024-05-22,487.7900085449219,488.42999267578125,484.94000244140625,487.05999755859375,473.5459289550781,3250600
2024-05-23,489.9100036621094,489.989990234375,482.2900085449219,483.44000244140625,470.0263671875,3811300
2024-05-24,485.17999267578125,487.3999938964844,484.3299865722656,486.7300109863281,473.22515869140625,2555200
2024-05-28,487.3999938964844,487.6499938964844,484.5299987792969,487.1199951171875,473.60430908203125,4034700
2024-05-29,483.19000244140625,484.67999267578125,482.9599914550781,483.69000244140625,470.26947021484375,5605000
2024-05-30,482.1199951171875,482.75,479.20001220703125,480.44000244140625,467.1096496582031,3386800
2024-05-31,481.239990234375,484.9100036621094,476.4800109863281,484.6199951171875,471.17364501953125,5334000
2024-06-03,486.29998779296875,486.4100036621094,480.3999938964844,485.1499938964844,471.6888732910156,4211300
2024-06-04,484.0,486.4100036621094,482.55999755859375,485.739990234375,472.2625732421875,2560300
2024-06-05,487.8699951171875,491.54998779296875,486.05999755859375,491.54998779296875,477.9113464355469,3026100
2024-06-06,491.8399963378906,492.17999267578125,489.6400146484375,491.44000244140625,477.804443359375,21344000
2024-06-07,490.54998779296875,493.5299987792969,489.5400085449219,490.79998779296875,477.18218994140625,3063600
2024-06-10,490.1700134277344,492.69000244140625,489.55999755859375,492.4100036621094,478.7475280761719,3461900
2024-06-11,490.989990234375,493.6600036621094,489.1099853515625,493.5299987792969,479.8364562988281,4028400
2024-06-12,497.92999267578125,500.1499938964844,496.7099914550781,497.6400146484375,483.8324279785156,3698800
2024-06-13,499.29998779296875,499.45001220703125,496.05999755859375,498.5799865722656,484.74627685546875,8808900
2024-06-14,497.260009765625,499.0400085449219,496.2900085449219,498.9800109863281,485.13519287109375,5812000
2024-06-17,498.4800109863281,504.17999267578125,497.9100036621094,502.94000244140625,488.98529052734375,4609500
2024-06-18,503.04998779296875,504.3599853515625,502.6300048828125,504.2799987792969,490.2881774902344,3431700
2024-06-20,505.1400146484375,505.739990234375,501.19000244140625,502.8800048828125,488.927001953125,4810900
2024-06-21,502.1000061035156,503.2200012207031,500.8500061035156,501.7799987792969,487.8575134277344,4338100
2024-06-24,502.0299987792969,504.44000244140625,500.42999267578125,500.42999267578125,486.54498291015625,7022800
2024-06-25,501.7099914550781,502.8299865722656,500.32000732421875,502.510009765625,488.56732177734375,6325200
2024-06-26,501.4700012207031,503.7699890136719,500.8900146484375,503.07000732421875,489.11175537109375,3202700
2024-06-27,503.0,504.4800109863281,502.32000732421875,503.8500061035156,489.8701171875,3619700
2024-06-28,502.9700012207031,505.7300109863281,499.010009765625,500.1300048828125,487.98114013671875,5598600
2024-07-01,501.489990234375,501.67999267578125,498.6000061035156,501.2799987792969,489.1031799316406,4368500
2024-07-02,499.69000244140625,504.6099853515625,499.6099853515625,504.5299987792969,492.27423095703125,4210100
2024-07-03,504.2200012207031,507.1400146484375,504.2200012207031,506.80999755859375,494.49884033203125,2131100
2024-07-05,507.1300048828125,510.1000061035156,506.489990234375,509.8399963378906,497.45526123046875,3156900
2024-07-08,510.5,511.2099914550781,509.32000732421875,510.3299865722656,497.9333190917969,3143400
2024-07-09,511.2099914550781,512.010009765625,510.5400085449219,510.8900146484375,498.4797668457031,3140600
2024-07-10,511.9800109863281,516.1799926757812,511.69000244140625,515.8099975585938,503.2802734375,3446900
2024-07-11,516.0,516.7899780273438,510.8299865722656,511.3900146484375,498.9676513671875,5537800
2024-07-12,512.489990234375,518.030029296875,512.1699829101562,514.5499877929688,502.0508728027344,5238200
2024-07-15,516.5800170898438,519.1199951171875,514.3400268554688,516.1099853515625,503.57293701171875,7771500
2024-07-16,517.3300170898438,519.4000244140625,516.5999755859375,519.0399780273438,506.4317626953125,4164300
2024-07-17,513.5599975585938,515.1099853515625,511.55999755859375,511.7900085449219,499.35791015625,4984300
2024-07-18,513.25,514.1900024414062,505.8699951171875,507.94000244140625,495.6014404296875,5055900
2024-07-19,507.6400146484375,509.20001220703125,503.55999755859375,504.54998779296875,492.2937316894531,4039400
2024-07-22,508.2699890136719,510.32000732421875,506.44000244140625,509.7900085449219,497.406494140625,4342900
2024-07-23,509.6600036621094,511.6499938964844,508.489990234375,508.94000244140625,496.5771179199219,3116000
2024-07-24,504.42999267578125,504.70001220703125,496.54998779296875,497.2900085449219,485.21014404296875,6157400
2024-07-25,497.54998779296875,503.1400146484375,493.9200134277344,494.7799987792969,482.7610778808594,5646600
2024-07-26,498.3599853515625,502.8900146484375,497.6700134277344,500.3299865722656,488.1763000488281,3636000
2024-07-29,501.82000732421875,502.7699890136719,498.7699890136719,500.70001220703125,488.53729248046875,3096200
2024-07-30,502.04998779296875,503.010009765625,494.9200134277344,498.0799865722656,485.98089599609375,3817800
2024-07-31,504.4800109863281,508.6499938964844,503.30999755859375,505.92999267578125,493.6402282714844,5367600
2024-08-01,507.8399963378906,509.8999938964844,495.75,499.0299987792969,486.9078369140625,6939200
2024-08-02,492.4100036621094,493.5199890136719,485.79998779296875,489.9100036621094,478.0094299316406,8561200
2024-08-05,470.1700134277344,481.17999267578125,468.8900146484375,475.20001220703125,463.6567077636719,15244300
2024-08-06,477.3900146484375,486.8599853515625,475.94000244140625,479.94000244140625,468.28155517578125,8255000
2024-08-07,485.70001220703125,488.54998779296875,476.1099853515625,476.6099853515625,465.0324401855469,5976400
2024-08-08,481.489990234375,488.2699890136719,479.6400146484375,487.7300109863281,475.8823547363281,4177200
2024-08-09,486.92999267578125,491.2099914550781,485.82000732421875,489.82000732421875,477.92156982421875,7661300
2024-08-12,490.94000244140625,492.3500061035156,487.9800109863281,490.07000732421875,478.16552734375,3578100
2024-08-13,493.1400146484375,498.3800048828125,492.9200134277344,498.2099914550781,486.1077575683594,3247900
2024-08-14,498.9200134277344,500.8500061035156,496.4800109863281,499.79998779296875,487.6591796875,3700500
2024-08-15,505.0899963378906,508.5899963378906,504.489990234375,508.3800048828125,496.0307312011719,4279000
2024-08-16,506.8399963378906,510.1099853515625,506.6499938964844,509.45001220703125,497.0747375488281,3449300
2024-08-19,509.8599853515625,514.3499755859375,509.05999755859375,514.3499755859375,501.855712890625,3804300
2024-08-20,513.9199829101562,515.47998046875,512.25,513.5,501.0263366699219,3156000
2024-08-21,514.469970703125,516.6599731445312,512.8499755859375,515.2999877929688,502.78265380859375,3344100
2024-08-22,517.0499877929688,517.6300048828125,510.1000061035156,511.1300048828125,498.71392822265625,3677100
2024-08-23,514.3300170898438,517.5499877929688,512.25,516.6599731445312,504.109619140625,5102800
2024-08-26,517.6400146484375,518.2899780273438,513.8800048828125,515.3900146484375,502.8704833984375,3398600
2024-08-27,514.260009765625,516.5900268554688,513.1599731445312,516.0800170898438,503.543701171875,3031800
2024-08-28,515.7999877929688,516.22998046875,510.1600036621094,513.1300048828125,500.6653137207031,3940400
2024-08-29,514.989990234375,518.0900268554688,512.1300048828125,513.2100219726562,500.743408203125,3487100
2024-08-30,515.4199829101562,518.5800170898438,512.1199951171875,518.0399780273438,505.4560546875,5637700
2024-09-03,515.1199951171875,515.4299926757812,505.1000061035156,507.55999755859375,495.2306213378906,5866400
2024-09-04,505.67999267578125,509.5299987792969,505.0199890136719,506.29998779296875,494.001220703125,3601400
2024-09-05,506.3599853515625,508.94000244140625,502.8399963378906,505.04998779296875,492.7815856933594,3425600
2024-09-06,505.3399963378906,506.94000244140625,495.79998779296875,496.6400146484375,484.5758972167969,7411400
2024-09-09,500.6000061035156,503.3699951171875,498.75,502.2300109863281,490.03009033203125,3656800
2024-09-10,503.95001220703125,504.7099914550781,499.5,504.29998779296875,492.0498046875,2975400
2024-09-11,504.30999755859375,510.44000244140625,496.25,509.4599914550781,497.08447265625,5956900
2024-09-12,510.0899963378906,514.1400146484375,508.05999755859375,513.8400268554688,501.3581237792969,4092900
2024-09-13,514.4299926757812,517.530029296875,514.22998046875,516.5700073242188,504.02178955078125,4416600
2024-09-16,516.3400268554688,517.5900268554688,514.6500244140625,517.3499755859375,504.7828063964844,4256300
2024-09-17,519.4400024414062,520.739990234375,515.5,517.5900268554688,505.0169982910156,8150000
2024-09-18,518.1799926757812,522.72998046875,515.469970703125,515.9099731445312,503.3778076171875,6921300
2024-09-19,524.8800048828125,526.5999755859375,522.1900024414062,524.9099731445312,512.1591796875,5558400
2024-09-20,523.510009765625,524.9199829101562,521.1199951171875,523.8800048828125,511.15423583984375,5612700
2024-09-23,525.0,525.8300170898438,523.8300170898438,525.1699829101562,512.412841796875,29289200
2024-09-24,526.010009765625,526.8400268554688,523.3800048828125,526.6799926757812,513.88623046875,4650600
2024-09-25,526.6099853515625,527.2999877929688,524.6500244140625,525.6099853515625,512.8421630859375,35418000
2024-09-26,529.6699829101562,529.9199829101562,525.489990234375,527.7000122070312,514.8814086914062,5273900
2024-09-27,527.0900268554688,527.77001953125,524.3200073242188,525.3800048828125,514.21484375,5598600
2024-09-30,524.3200073242188,527.9600219726562,522.1900024414062,527.6699829101562,516.4561767578125,8013000
2024-10-01,527.0399780273438,527.0999755859375,520.22998046875,522.739990234375,511.6309814453125,9198700
2024-10-02,521.8499755859375,523.8499755859375,519.5800170898438,522.8300170898438,511.71917724609375,3270600
2024-10-03,521.5599975585938,523.760009765625,519.8200073242188,521.8400268554688,510.7501220703125,4008000
2024-10-04,526.1599731445312,527.02001953125,522.2999877929688,526.6500244140625,515.4579467773438,5354400
2024-10-07,525.1400146484375,525.719970703125,520.8099975585938,521.9099731445312,510.818603515625,3970500
2024-10-08,524.3200073242188,527.3800048828125,523.5,526.8499755859375,515.6536865234375,2626700
2024-10-09,526.8699951171875,531.030029296875,526.3099975585938,530.4500122070312,519.1771240234375,2941800
2024-10-10,529.27001953125,530.9000244140625,528.0900268554688,529.5599975585938,518.3060913085938,3637600
2024-10-11,529.5,533.4299926757812,529.3900146484375,532.7100219726562,521.3892211914062,5429200
2024-10-14,534.25,537.97998046875,533.969970703125,537.0700073242188,525.6564331054688,2638900
2024-10-15,537.3800048828125,537.6099853515625,531.8200073242188,532.97998046875,521.6533203125,4811300
2024-10-16,532.9299926757812,535.72998046875,532.219970703125,535.219970703125,523.8458251953125,3237200
2024-10-17,538.6199951171875,538.760009765625,535.1500244140625,535.2999877929688,523.924072265625,3225300
2024-10-18,536.9000244140625,538.0999755859375,535.5599975585938,537.3599853515625,525.9403686523438,5070400
2024-10-21,536.719970703125,537.6099853515625,533.7100219726562,536.530029296875,525.1278686523438,3671400
2024-10-22,534.1099853515625,537.280029296875,533.469970703125,536.1599731445312,524.7658081054688,3366600
2024-10-23,534.280029296875,534.719970703125,528.02001953125,531.27001953125,519.9797973632812,5227800
2024-10-24,533.1699829101562,533.1799926757812,530.0399780273438,532.469970703125,521.1542358398438,4477800
2024-10-25,534.6500244140625,537.260009765625,531.4099731445312,532.260009765625,520.94873046875,4327200
2024-10-28,535.530029296875,535.5700073242188,533.6699829101562,533.9199829101562,522.5733642578125,3408000
2024-10-29,533.1199951171875,535.8200073242188,531.75,534.77001953125,523.4053344726562,3027600
2024-10-30,534.3499755859375,536.2000122070312,532.5900268554688,533.1599731445312,521.8295288085938,3067000
2024-10-31,529.0900268554688,529.22998046875,522.510009765625,522.6699829101562,511.5625305175781,7972800
2024-11-01,525.1599731445312,529.0800170898438,524.5399780273438,524.9400024414062,513.7841796875,6106900
2024-11-04,525.0599975585938,526.280029296875,522.030029296875,523.7999877929688,512.6685180664062,3681500
2024-11-05,524.719970703125,530.1699829101562,524.47998046875,530.0999755859375,518.8345947265625,3300300
2024-11-06,541.6500244140625,544.1400146484375,538.1699829101562,543.2999877929688,531.7540283203125,7483300
2024-11-07,545.219970703125,548.47998046875,545.1500244140625,547.530029296875,535.8942260742188,6051300
2024-11-08,548.0700073242188,551.239990234375,548.0599975585938,549.9500122070312,538.2627563476562,6798000
2024-11-11,551.4299926757812,551.72998046875,548.8499755859375,550.4000244140625,538.7031860351562,4893100
2024-11-12,550.3900146484375,550.9400024414062,546.4299926757812,548.75,537.0882568359375,4818600
2024-11-13,549.1599731445312,550.8800048828125,546.969970703125,549.030029296875,537.3623046875,3701600
2024-11-14,549.0999755859375,549.5700073242188,544.8800048828125,545.5399780273438,533.9464111328125,3940300
2024-11-15,542.1300048828125,542.5700073242188,536.75,538.5,527.0560913085938,7360100
2024-11-18,538.9199829101562,541.9299926757812,538.1500244140625,540.72998046875,529.2386474609375,4494500
2024-11-19,537.5,543.3699951171875,536.9000244140625,542.7000122070312,531.1668090820312,6978400
2024-11-20,542.780029296875,543.0700073242188,537.4400024414062,542.9000244140625,531.3626098632812,3949100
2024-11-21,545.5800170898438,547.0700073242188,540.0399780273438,545.6400146484375,534.0443725585938,4530600
2024-11-22,545.8200073242188,548.0499877929688,545.3699951171875,547.469970703125,535.8353881835938,5574600
2024-11-25,551.2000122070312,552.3800048828125,547.2000122070312,549.22998046875,537.55810546875,4305000
2024-11-26,550.5,552.8200073242188,549.8499755859375,552.3099975585938,540.5725708007812,4438600
2024-11-27,552.0399780273438,552.3800048828125,549.1099853515625,550.5499877929688,538.8499755859375,3312200
2024-11-29,551.2899780273438,554.7000122070312,551.0700073242188,553.4500122070312,541.6883544921875,3988700
2024-12-02,554.3599853515625,555.5700073242188,553.8900146484375,555.010009765625,543.2152099609375,5441000
2024-12-03,554.7999877929688,555.4299926757812,553.7899780273438,555.1400146484375,543.3424072265625,4202900
2024-12-04,556.8300170898438,558.8800048828125,556.1699829101562,558.6400146484375,546.76806640625,5490300
2024-12-05,558.6300048828125,559.4099731445312,557.4600219726562,557.7100219726562,545.8578491210938,3021600
2024-12-06,558.469970703125,559.9600219726562,558.0800170898438,558.8200073242188,546.9442749023438,5134900
2024-12-09,558.7100219726562,558.8699951171875,555.3800048828125,555.9099731445312,544.0960693359375,4412300
2024-12-10,556.5800170898438,556.8800048828125,553.5700073242188,554.3300170898438,542.5497436523438,4110100
2024-12-11,556.9199829101562,559.3900146484375,556.6599731445312,558.530029296875,546.660400390625,3514400
2024-12-12,557.6699829101562,558.2000122070312,555.6199951171875,555.6500244140625,543.8416748046875,4048600
2024-12-13,557.510009765625,558.1599731445312,554.2000122070312,555.6099853515625,543.8024291992188,4666900
2024-12-16,557.1300048828125,558.7999877929688,556.4199829101562,557.7899780273438,545.9360961914062,22846800
2024-12-17,555.469970703125,556.3900146484375,554.2899780273438,555.4500122070312,543.6459350585938,6110900
2024-12-18,555.2999877929688,557.530029296875,538.530029296875,539.1400146484375,527.6824951171875,24584900
2024-12-19,543.6900024414062,545.0999755859375,538.6500244140625,538.9400024414062,527.4867553710938,16792100
2024-12-20,536.6099853515625,549.5399780273438,535.8499755859375,545.0399780273438,533.4570922851562,9389400
2024-12-23,543.3099975585938,547.3599853515625,540.3200073242188,547.1900024414062,537.2755737304688,7063400
2024-12-24,548.0599975585938,552.9000244140625,547.5399780273438,552.8200073242188,542.8036499023438,3439300
2024-12-26,551.2000122070312,553.969970703125,549.9199829101562,552.8099975585938,542.7937622070312,4492000
2024-12-27,549.3699951171875,549.6199951171875,543.2000122070312,547.0800170898438,537.1676635742188,7077100
2024-12-30,540.5599975585938,544.0900268554688,537.4000244140625,540.989990234375,531.1879272460938,6505100
2024-12-31,542.4500122070312,543.0700073242188,537.4000244140625,538.8099975585938,529.0474853515625,6040800
2025-01-02,542.02001953125,543.5399780273438,533.7899780273438,537.4600219726562,527.721923828125,7142700
2025-01-03,540.1900024414062,544.8800048828125,539.2000122070312,544.4000244140625,534.5362548828125,6416300
2025-01-06,548.280029296875,551.4299926757812,545.8200073242188,547.5700073242188,537.6487426757812,5983400
2025-01-07,549.3200073242188,549.5999755859375,539.5599975585938,541.4099731445312,531.6002807617188,5383200
2025-01-08,541.3200073242188,543.0,538.0800170898438,542.1400146484375,532.3170776367188,4317000
2025-01-10,538.7100219726562,538.75,532.0,533.8900146484375,524.2166137695312,7935200
2025-01-13,529.4000244140625,534.9099731445312,529.02001953125,534.5800170898438,524.89404296875,5621000
2025-01-14,537.3200073242188,537.9099731445312,531.8099975585938,535.260009765625,525.561767578125,8820000
2025-01-15,542.8400268554688,546.1300048828125,541.760009765625,545.0499877929688,535.1743774414062,5307300
2025-01-16,546.3499755859375,546.510009765625,543.3900146484375,544.239990234375,534.3790283203125,3632800
2025-01-17,548.9199829101562,551.1199951171875,547.6799926757812,549.4600219726562,539.5045166015625,6558700
2025-01-21,552.3200073242188,554.4600219726562,550.5,554.4600219726562,544.4139404296875,5301700
2025-01-22,557.1900024414062,558.9299926757812,556.72998046875,557.6099853515625,547.5068359375,4780000
2025-01-23,557.0399780273438,560.7000122070312,556.7999877929688,560.7000122070312,550.5408325195312,6217900
2025-01-24,560.760009765625,561.6599731445312,558.02001953125,559.010009765625,548.8814697265625,3612100
2025-01-27,546.9299926757812,551.3900146484375,546.8300170898438,551.22998046875,541.242431640625,7617400
2025-01-28,552.2999877929688,556.6500244140625,549.219970703125,555.8499755859375,545.7787475585938,4164700
2025-01-29,555.1699829101562,555.5,550.969970703125,553.4099731445312,543.3828735351562,4174500
2025-01-30,555.3699951171875,557.780029296875,552.3800048828125,556.2999877929688,546.2205200195312,4296500
2025-01-31,558.6199951171875,560.8900146484375,552.7100219726562,553.3300170898438,543.3043823242188,6233900
2025-02-03,544.989990234375,551.9600219726562,542.97998046875,549.7000122070312,539.7401123046875,7824000
2025-02-04,549.7000122070312,553.8300170898438,549.22998046875,553.3499755859375,543.3239135742188,4181400
2025-02-05,552.3400268554688,555.72998046875,550.4099731445312,555.6199951171875,545.5528564453125,3424200
2025-02-06,557.2899780273438,557.6500244140625,554.1900024414062,557.6199951171875,547.5166625976562,3606300
2025-02-07,558.0999755859375,559.2000122070312,551.7899780273438,552.2000122070312,542.1949462890625,10161600
2025-02-10,555.4400024414062,556.780029296875,554.239990234375,556.1500244140625,546.0733032226562,3517600
2025-02-11,554.0999755859375,557.1199951171875,553.989990234375,556.6500244140625,546.5642700195312,2752900
2025-02-12,551.0,555.9199829101562,550.3900146484375,554.8099975585938,544.757568359375,3579500
2025-02-13,555.8699951171875,560.8800048828125,554.7000122070312,560.6699829101562,550.5112915039062,3388500
2025-02-14,560.9000244140625,561.8599853515625,560.0700073242188,560.6900024414062,550.5309448242188,3380600
2025-02-18,561.7999877929688,562.3099975585938,559.489990234375,562.3099975585938,552.12158203125,3844900
2025-02-19,561.02001953125,563.9199829101562,560.530029296875,563.6699829101562,553.45703125,3857600
2025-02-20,562.3900146484375,562.47998046875,558.219970703125,561.2999877929688,551.1299438476562,4446800
2025-02-21,561.0999755859375,561.2000122070312,551.27001953125,551.75,541.7529907226562,6148700
2025-02-24,553.6099853515625,554.510009765625,548.510009765625,549.1400146484375,539.1902465820312,4772300
2025-02-25,549.1799926757812,549.77001953125,542.1699829101562,546.4099731445312,536.509765625,5491500
2025-02-26,548.010009765625,551.3499755859375,544.25,546.75,536.8435668945312,4180800
2025-02-27,548.8300170898438,549.8800048828125,537.5999755859375,537.969970703125,528.22265625,5521400
2025-02-28,538.4199829101562,546.8900146484375,535.5800170898438,546.3300170898438,536.43115234375,7328100
2025-03-03,548.2000122070312,549.2899780273438,533.25,536.9199829101562,527.191650390625,7290000
2025-03-04,533.0599975585938,538.280029296875,526.1599731445312,530.4500122070312,520.8389282226562,10477400
2025-03-05,530.25,537.7899780273438,526.9299926757812,536.4000244140625,526.6810913085938,6221700
2025-03-06,529.1900024414062,533.4299926757812,524.219970703125,526.6699829101562,517.12744140625,7228900
2025-03-07,524.9000244140625,530.8800048828125,520.1300048828125,529.510009765625,519.9159545898438,7308300
2025-03-10,521.9000244140625,523.7000122070312,510.8299865722656,515.510009765625,506.1696472167969,11176900
2025-03-11,514.3300170898438,517.530029296875,507.5299987792969,511.2799987792969,502.0162658691406,11208900
2025-03-12,516.8900146484375,517.739990234375,509.1000061035156,513.760009765625,504.4512939453125,8590600
2025-03-13,513.510009765625,514.0599975585938,505.4200134277344,507.04998779296875,497.8628845214844,21650000
2025-03-14,511.2799987792969,518.4199829101562,510.8399963378906,517.4600219726562,508.0843200683594,7412300
2025-03-17,517.4500122070312,523.8400268554688,517.0800170898438,521.4099731445312,511.9626770019531,6269800
2025-03-18,519.3200073242188,519.52001953125,514.0700073242188,515.9099731445312,506.56231689453125,6010600
2025-03-19,517.5399780273438,524.9600219726562,516.4199829101562,521.3300170898438,511.8841857910156,5373900
2025-03-20,517.9600219726562,524.6199951171875,517.3200073242188,520.1300048828125,510.70587158203125,6029700
2025-03-21,515.7899780273438,520.9500122070312,514.6599731445312,520.260009765625,510.83349609375,5059000
2025-03-24,526.47998046875,530.3900146484375,525.8800048828125,529.3900146484375,519.798095703125,22376300
2025-03-25,530.5900268554688,531.5999755859375,529.1099853515625,530.6500244140625,521.0353393554688,6260200
2025-03-26,530.5599975585938,531.4099731445312,523.0999755859375,524.4600219726562,514.9574584960938,4410200
2025-03-27,521.2899780273438,524.6799926757812,519.22998046875,521.2100219726562,513.5405883789062,5534900
2025-03-28,519.760009765625,520.4600219726562,510.1600036621094,510.79998779296875,503.2837829589844,5831800
2025-03-31,505.30999755859375,515.3300170898438,502.6400146484375,513.9099731445312,506.3480224609375,8196700
2025-04-01,512.3599853515625,517.3499755859375,508.8800048828125,515.7999877929688,508.210205078125,7697000
2025-04-02,510.1400146484375,521.489990234375,509.92999267578125,518.9099731445312,511.2744445800781,6308600
2025-04-03,501.0,503.6600036621094,493.5,494.1600036621094,486.88861083984375,16226000
2025-04-04,481.2799987792969,483.29998779296875,464.239990234375,465.5199890136719,458.6700744628906,30966500
2025-04-07,449.5400085449219,480.760009765625,442.79998779296875,463.55999755859375,456.73895263671875,31285300
2025-04-08,479.67999267578125,482.489990234375,449.6000061035156,456.739990234375,450.019287109375,19002700
2025-04-09,453.489990234375,502.05999755859375,453.1600036621094,499.1000061035156,491.7559509277344,29286600
2025-04-10,489.1499938964844,490.29998779296875,468.3299865722656,482.05999755859375,474.9666748046875,16651300
2025-04-11,480.69000244140625,493.0,478.0,490.54998779296875,483.331787109375,11541200
2025-04-14,500.04998779296875,500.260009765625,490.69000244140625,495.4800109863281,488.189208984375,7701500
2025-04-15,496.0299987792969,499.2699890136719,493.4200134277344,494.0899963378906,486.8196716308594,8200600
2025-04-16,488.6499938964844,491.7699890136719,478.2300109863281,483.2300109863281,476.11944580078125,6374900
2025-04-17,484.7900085449219,488.1600036621094,481.5,483.8999938964844,476.7795715332031,5638900
2025-04-21,479.0199890136719,479.489990234375,467.3299865722656,472.3699951171875,465.4192810058594,7762500
2025-04-22,478.07000732421875,486.4800109863281,477.19000244140625,484.2900085449219,477.1639099121094,6236300
2025-04-23,496.69000244140625,501.17999267578125,490.70001220703125,492.07000732421875,484.8294372558594,8047600
2025-04-24,493.260009765625,503.0,492.2200012207031,502.4100036621094,495.0172424316406,6184300
2025-04-25,502.44000244140625,506.5199890136719,499.75,506.1099853515625,498.66278076171875,6933400
2025-04-28,506.80999755859375,508.739990234375,500.9599914550781,506.4200134277344,498.96826171875,4210000
2025-04-29,504.5400085449219,510.54998779296875,504.260009765625,509.489990234375,501.9930725097656,6525500
2025-04-30,503.260009765625,511.5,497.760009765625,509.739990234375,502.2394104003906,7873700
2025-05-01,515.1300048828125,518.4400024414062,512.77001953125,513.3499755859375,505.7962341308594,5784500
2025-05-02,519.1199951171875,522.4099731445312,516.8900146484375,520.7100219726562,513.0479125976562,6285400
2025-05-05,517.0800170898438,520.8499755859375,516.27001953125,517.989990234375,510.36798095703125,4793500
2025-05-06,512.8900146484375,517.8300170898438,511.94000244140625,513.5800170898438,506.02288818359375,4694300
2025-05-07,514.9199829101562,518.1799926757812,511.1000061035156,515.9000244140625,508.3087463378906,5460000
2025-05-08,519.5399780273438,524.22998046875,516.3499755859375,519.3400268554688,511.69818115234375,5088200
2025-05-09,520.6900024414062,521.6300048828125,517.3599853515625,518.6500244140625,511.0183410644531,4739500
2025-05-12,534.5,535.9199829101562,530.3900146484375,535.9199829101562,528.0341796875,7793600
2025-05-13,536.3300170898438,541.47998046875,535.780029296875,539.4400024414062,531.5023803710938,7356800
2025-05-14,540.3699951171875,541.4199829101562,538.239990234375,540.1099853515625,532.1624755859375,5031300
2025-05-15,538.260009765625,543.25,537.8400268554688,542.760009765625,534.7734985351562,7362200
2025-05-16,543.469970703125,546.469970703125,541.7000122070312,546.260009765625,538.2220458984375,7255300
2025-05-19,540.6300048828125,547.4500122070312,540.5800170898438,546.8200073242188,538.7738647460938,7766100
2025-05-20,545.219970703125,546.0599975585938,541.989990234375,544.8800048828125,536.8623046875,7158200
2025-05-21,540.9099731445312,544.6900024414062,534.8200073242188,535.77001953125,527.8864135742188,6339500
2025-05-22,535.5999755859375,539.22998046875,534.4400024414062,536.02001953125,528.1327514648438,5816600
2025-05-23,529.4299926757812,534.8099975585938,529.1099853515625,532.4000244140625,524.56591796875,6455900
2025-05-27,538.719970703125,543.52001953125,537.1799926757812,543.3400268554688,535.3450317382812,6118100
2025-05-28,543.7899780273438,544.9000244140625,539.6099853515625,540.239990234375,532.2905883789062,4910500
2025-05-29,545.1500244140625,545.280029296875,538.739990234375,542.3200073242188,534.3399658203125,4659500
2025-05-30,541.3499755859375,543.3900146484375,536.1599731445312,541.760009765625,533.7882690429688,6171500
2025-06-02,540.25,544.9099731445312,537.7999877929688,544.9099731445312,536.8917846679688,5933500
2025-06-03,544.530029296875,548.8699951171875,544.0900268554688,548.0,539.9364624023438,4993600
2025-06-04,548.75,549.6500244140625,547.4400024414062,547.6500244140625,539.591552734375,4543400
2025-06-05,549.47998046875,550.6300048828125,543.3400268554688,545.0900268554688,537.0692749023438,6372100
2025-06-06,550.2999877929688,552.3200073242188,548.7000122070312,550.6599731445312,542.5572509765625,4736000
2025-06-09,551.2999877929688,552.7000122070312,550.2000122070312,551.25,543.1386108398438,4516400
2025-06-10,551.780029296875,554.739990234375,550.739990234375,554.3900146484375,546.232421875,5984100
2025-06-11,555.4099731445312,556.22998046875,550.9099731445312,552.8599853515625,544.724853515625,20800600
2025-06-12,551.5999755859375,555.0,551.1300048828125,554.9500122070312,546.7841186523438,8422900
2025-06-13,550.239990234375,553.25,547.4099731445312,548.77001953125,540.6950073242188,7100600
2025-06-16,551.9400024414062,555.6900024414062,551.8699951171875,554.0700073242188,545.9170532226562,7421300
2025-06-17,551.7899780273438,553.1599731445312,548.6400146484375,549.3499755859375,541.2664794921875,4753300
2025-06-18,550.1599731445312,552.7100219726562,548.3900146484375,549.239990234375,541.1581420898438,4602300
2025-06-20,551.719970703125,552.719970703125,546.6199951171875,547.719970703125,539.6604614257812,9978500
2025-06-23,548.6599731445312,553.7000122070312,545.75,553.3599853515625,545.2175903320312,9820200
2025-06-24,557.1799926757812,560.4299926757812,556.3699951171875,559.4400024414062,551.2080078125,6770000
2025-06-25,560.52001953125,561.02001953125,558.3400268554688,559.719970703125,551.48388671875,16472300
2025-06-26,561.52001953125,564.5499877929688,560.9600219726562,564.1500244140625,555.8487548828125,6081400
2025-06-27,565.1099853515625,568.3300170898438,563.2100219726562,566.9500122070312,558.6076049804688,6056500
2025-06-30,567.5,569.1500244140625,565.3800048828125,568.030029296875,561.3995361328125,5750600
2025-07-01,566.5599975585938,568.7999877929688,565.7999877929688,567.77001953125,561.1426391601562,7412700
2025-07-02,567.3699951171875,570.3400268554688,566.8099975585938,570.2899780273438,563.6332397460938,6164000
2025-07-03,572.1799926757812,575.6699829101562,572.1300048828125,575.219970703125,568.5056762695312,4837000
2025-07-07,573.0,573.5900268554688,567.97998046875,570.6099853515625,563.949462890625,6417800
2025-07-08,571.1500244140625,571.8300170898438,569.47998046875,570.22998046875,563.5739135742188,6944600
2025-07-09,572.4600219726562,574.260009765625,570.760009765625,573.6099853515625,566.9144287109375,7156500
2025-07-10,573.780029296875,576.260009765625,572.7000122070312,575.2899780273438,568.5748291015625,4961700
2025-07-11,572.4500122070312,574.3800048828125,571.3699951171875,573.219970703125,566.5289916992188,4428900
2025-07-14,572.8499755859375,574.6799926757812,571.5800170898438,574.3499755859375,567.6458129882812,4747000
2025-07-15,576.8499755859375,577.1599731445312,571.8499755859375,571.8599853515625,565.1848754882812,5399000
2025-07-16,573.4000244140625,574.260009765625,568.1699829101562,573.739990234375,567.0429077148438,6141200
2025-07-17,574.02001953125,577.6500244140625,573.7999877929688,577.1799926757812,570.4428100585938,6495300
2025-07-18,578.469970703125,578.5,575.8400268554688,576.9199829101562,570.185791015625,4262400
2025-07-21,577.97998046875,580.530029296875,577.5900268554688,577.9500122070312,571.203857421875,5913800
2025-07-22,578.280029296875,578.8400268554688,575.6400146484375,577.9500122070312,571.203857421875,4767700
2025-07-23,580.5700073242188,582.9600219726562,578.8699951171875,582.8599853515625,576.0565185546875,4257300
2025-07-24,583.3400268554688,584.75,582.719970703125,583.260009765625,576.4518432617188,3840900
2025-07-25,583.8099975585938,586.0399780273438,583.5900268554688,585.5800170898438,578.7447509765625,4210100
2025-07-28,586.0399780273438,586.5,584.239990234375,585.4400024414062,578.6063842773438,4193100
2025-07-29,586.8200073242188,587.0800170898438,583.1199951171875,583.9199829101562,577.1040649414062,5053400
2025-07-30,584.6599731445312,586.1500244140625,580.5499877929688,583.2100219726562,576.4024047851562,6974700
2025-07-31,587.8300170898438,588.1599731445312,579.8400268554688,581.02001953125,574.2379760742188,7046800
2025-08-01,575.72998046875,575.739990234375,569.2899780273438,571.4500122070312,564.7797241210938,8781300
2025-08-04,575.1699829101562,580.2100219726562,575.0800170898438,580.1400146484375,573.3682861328125,6640100
2025-08-05,580.7899780273438,581.5,576.4000244140625,577.3499755859375,570.6107788085938,4647400
2025-08-06,578.25,582.27001953125,577.4099731445312,581.6400146484375,574.8507690429688,4545000
2025-08-07,584.8699951171875,585.52001953125,578.3099975585938,581.2899780273438,574.5048217773438,4594300
2025-08-08,582.9299926757812,586.1699829101562,582.5999755859375,585.739990234375,578.90283203125,4342300
2025-08-11,586.030029296875,587.3599853515625,583.4400024414062,584.5399780273438,577.7168579101562,5373900
2025-08-12,586.75,590.9600219726562,585.4299926757812,590.780029296875,583.8840942382812,5851900
2025-08-13,592.8599853515625,594.030029296875,590.8099975585938,592.8400268554688,585.9199829101562,5393000
2025-08-14,590.9199829101562,593.510009765625,590.5,592.8499755859375,585.9298706054688,6236700
2025-08-15,593.8599853515625,593.9500122070312,590.6599731445312,591.5700073242188,584.6648559570312,7196300
2025-08-18,590.97998046875,592.02001953125,590.3499755859375,591.3599853515625,584.457275390625,5311700
2025-08-19,591.25,592.1199951171875,586.9400024414062,588.1300048828125,581.2649536132812,6739300
2025-08-20,587.8099975585938,588.0,581.8499755859375,586.5800170898438,579.7330322265625,7113600
2025-08-21,584.9299926757812,586.4600219726562,582.6500244140625,584.27001953125,577.4500122070312,4807300
2025-08-22,586.27001953125,594.3200073242188,585.8400268554688,593.2100219726562,586.2857055664062,6389300
2025-08-25,592.0499877929688,593.22998046875,590.5499877929688,590.7000122070312,583.8050537109375,6483000
2025-08-26,590.3800048828125,593.4299926757812,589.7899780273438,593.0599975585938,586.1373901367188,4776600
2025-08-27,592.52001953125,595.1400146484375,592.4400024414062,594.4199829101562,587.4815063476562,6171400
2025-08-28,595.0700073242188,597.0700073242188,593.27001953125,596.52001953125,589.5570678710938,5058700
2025-08-29,595.239990234375,595.5499877929688,591.25,593.0800170898438,586.1572265625,7512000
2025-09-02,586.0599975585938,588.7999877929688,583.6699829101562,588.7100219726562,581.8381958007812,11116700
2025-09-03,590.8099975585938,592.22998046875,588.780029296875,591.719970703125,584.8130493164062,8205900
2025-09-04,592.469970703125,596.77001953125,591.5999755859375,596.5900268554688,589.6262817382812,8045600
2025-09-05,598.9099731445312,599.5999755859375,591.4500122070312,594.9600219726562,588.0152587890625,6641500
2025-09-08,596.3099975585938,597.4099731445312,595.030029296875,596.5,589.5372924804688,9472200
2025-09-09,596.6099853515625,598.3699951171875,595.010009765625,597.9500122070312,590.9703369140625,7844800
2025-09-10,600.9199829101562,601.75,598.1599731445312,599.6799926757812,592.68017578125,21641100
2025-09-11,601.4299926757812,605.22998046875,600.8900146484375,604.5700073242188,597.5131225585938,9109700
2025-09-12,604.5900268554688,605.97998046875,603.9500122070312,604.4400024414062,597.3845825195312,8130500
2025-09-15,606.469970703125,607.77001953125,606.2000122070312,607.5900268554688,600.4978637695312,7710700
2025-09-16,608.1599731445312,608.4199829101562,606.0599975585938,606.7899780273438,599.7070922851562,6393200
2025-09-17,606.8400268554688,608.3300170898438,601.5499877929688,606.0900268554688,599.0153198242188,11613600
2025-09-18,608.5499877929688,611.3099975585938,607.0700073242188,608.9400024414062,601.8320922851562,11057500
2025-09-19,610.6199951171875,612.6699829101562,608.8499755859375,611.780029296875,604.6389770507812,6065700
2025-09-22,610.52001953125,615.219970703125,610.510009765625,614.760009765625,607.5841064453125,11583800
2025-09-23,614.7100219726562,615.260009765625,610.3400268554688,611.5399780273438,604.4017333984375,10753000
2025-09-24,612.6300048828125,612.739990234375,608.1900024414062,609.5,602.385498046875,23787300
2025-09-25,606.6199951171875,607.9299926757812,603.3499755859375,606.5900268554688,599.5094604492188,6965700
2025-09-26,608.030029296875,610.7000122070312,606.5700073242188,610.1599731445312,603.0377807617188,6438600
2025-09-29,610.7899780273438,611.6799926757812,608.47998046875,610.1300048828125,604.732666015625,5658800
2025-09-30,609.4299926757812,612.8599853515625,608.27001953125,612.3800048828125,606.9628295898438,6515700
2025-10-01,609.7000122070312,615.3900146484375,609.5700073242188,614.5700073242188,609.1334228515625,10020000
2025-10-02,616.4099731445312,616.47998046875,613.02001953125,615.25,609.8074340820312,7139500
2025-10-03,615.9500122070312,618.4199829101562,614.2899780273438,615.2999877929688,609.85693359375,7210700
2025-10-06,617.4600219726562,618.280029296875,615.47998046875,617.4000244140625,611.9384155273438,6056400
2025-10-07,618.2999877929688,618.739990234375,613.8200073242188,615.2000122070312,609.7578735351562,7466300
2025-10-08,616.219970703125,618.9000244140625,615.4600219726562,618.77001953125,613.2963256835938,5035200
2025-10-09,619.22998046875,619.5900268554688,615.280029296875,617.0999755859375,611.6410522460938,5898500
2025-10-10,617.989990234375,619.5999755859375,600.22998046875,600.510009765625,595.1978149414062,13664200
2025-10-13,607.3699951171875,611.030029296875,606.5800170898438,609.6099853515625,604.21728515625,6968400
2025-10-14,604.2000122070312,612.1400146484375,600.510009765625,608.75,603.3649291992188,7493500
2025-10-15,613.0700073242188,616.2100219726562,605.8200073242188,611.4299926757812,606.021240234375,6504900
2025-10-16,613.1099853515625,614.7999877929688,604.1400146484375,607.3900146484375,602.0169067382812,7594800
2025-10-17,606.3400268554688,612.02001953125,605.0999755859375,610.760009765625,605.3571166992188,6911000
2025-10-20,613.510009765625,618.010009765625,613.510009765625,617.1699829101562,611.71044921875,4086200
2025-10-21,617.3300170898438,618.739990234375,615.97998046875,617.0900268554688,611.631103515625,4216200
2025-10-22,617.8300170898438,617.8300170898438,609.8300170898438,613.969970703125,608.5386962890625,6961600
2025-10-23,614.25,618.469970703125,613.989990234375,617.4400024414062,611.97802734375,5851800
2025-10-24,621.9199829101562,623.7899780273438,621.2100219726562,622.5499877929688,617.0427856445312,5694900
2025-10-27,627.739990234375,630.2899780273438,627.1599731445312,630.0,624.4269409179688,7804300
2025-10-28,631.7100219726562,633.3900146484375,629.6400146484375,631.6900024414062,626.1019287109375,5625600
2025-10-29,633.2100219726562,634.1300048828125,627.8699951171875,631.9500122070312,626.3596801757812,6104500
2025-10-30,628.8099975585938,630.6300048828125,625.0999755859375,625.239990234375,619.7090454101562,6243300
2025-10-31,629.8400268554688,629.9400024414062,624.5,627.0399780273438,621.4931030273438,7058600
2025-11-03,630.4199829101562,630.5399780273438,625.1599731445312,628.27001953125,622.7122802734375,5568100
2025-11-04,621.6500244140625,625.1699829101562,620.2000122070312,620.989990234375,615.49658203125,8390500
2025-11-05,620.5900268554688,626.0,619.8300170898438,622.8599853515625,617.35009765625,10323100
2025-11-06,621.9600219726562,622.7899780273438,614.8200073242188,616.239990234375,610.7886352539062,7099400
2025-11-07,614.0900268554688,617.02001953125,607.9199829101562,616.8900146484375,611.4329223632812,7571300
2025-11-10,622.6900024414062,627.2100219726562,620.6599731445312,626.469970703125,620.9281616210938,8425000
2025-11-11,625.1599731445312,628.489990234375,624.0700073242188,627.9099731445312,622.3553466796875,5639200
2025-11-12,629.6500244140625,629.77001953125,626.0999755859375,628.219970703125,622.6626586914062,6090200
2025-11-13,625.6699829101562,626.02001953125,616.510009765625,617.989990234375,612.523193359375,13065800
2025-11-14,611.75,621.219970703125,609.8300170898438,617.8300170898438,612.3645629882812,9681700
2025-11-17,615.739990234375,619.4500122070312,608.8099975585938,612.0399780273438,606.625732421875,8902500
2025-11-18,608.719970703125,611.510009765625,603.0,607.0,601.63037109375,8542600
2025-11-19,607.52001953125,613.5700073242188,605.6699829101562,609.2000122070312,603.8109741210938,7449400
2025-11-20,618.719970703125,621.1300048828125,599.3599853515625,599.9600219726562,594.6527099609375,13985000
2025-11-21,602.25,611.010009765625,598.3800048828125,605.9299926757812,600.56982421875,9821400
2025-11-24,609.280029296875,616.0900268554688,608.3099975585938,614.9400024414062,609.5001220703125,6242700
2025-11-25,614.780029296875,621.75,610.989990234375,620.6599731445312,615.1694946289062,7389500
2025-11-26,623.0599975585938,626.8099975585938,622.260009765625,624.9500122070312,619.421630859375,5323200
2025-11-28,626.030029296875,628.6300048828125,625.7100219726562,628.4099731445312,622.8510131835938,2953200
2025-12-01,624.1699829101562,628.010009765625,624.0999755859375,625.52001953125,619.9866333007812,9191600
2025-12-02,627.010009765625,628.77001953125,624.6199951171875,626.5800170898438,621.0371704101562,5280600
2025-12-03,625.77001953125,629.780029296875,624.9500122070312,628.77001953125,623.2078247070312,6338400
2025-12-04,630.1300048828125,630.1799926757812,626.47998046875,629.2999877929688,623.7330932617188,5147700
2025-12-05,630.2999877929688,632.97998046875,629.47998046875,630.47998046875,624.9026489257812,5693100
2025-12-08,631.3599853515625,631.469970703125,626.7000122070312,628.6099853515625,623.0491943359375,6876700
2025-12-09,628.1799926757812,630.2100219726562,627.6599731445312,628.0999755859375,622.543701171875,12849000
2025-12-10,627.6300048828125,633.510009765625,626.469970703125,632.1599731445312,626.5678100585938,22457400
2025-12-11,630.0,633.8699951171875,627.27001953125,633.7100219726562,628.1041259765625,33921000
2025-12-12,632.7999877929688,633.4299926757812,624.47998046875,626.8699951171875,621.3246459960938,8534700
2025-12-15,630.5599975585938,630.5599975585938,624.5700073242188,625.9600219726562,620.4227294921875,11337200
2025-12-16,624.5499877929688,626.219970703125,620.6500244140625,624.2100219726562,618.6881713867188,15819600
2025-12-17,625.1900024414062,625.6400146484375,617.1599731445312,617.3499755859375,611.8887939453125,21356900
2025-12-18,623.0499877929688,625.9400024414062,620.5700073242188,622.010009765625,616.507568359375,37062400
2025-12-19,623.97998046875,628.1300048828125,623.8599853515625,627.5599975585938,622.0084838867188,10487000
2025-12-22,628.969970703125,630.27001953125,627.7999877929688,629.72998046875,625.9256591796875,9850100
2025-12-23,628.9400024414062,632.8800048828125,628.9199829101562,632.6699829101562,628.8479614257812,13798500
2025-12-24,632.6699829101562,635.3200073242188,632.5399780273438,634.780029296875,630.9451904296875,3275200
2025-12-26,635.1400146484375,636.0800170898438,633.8800048828125,634.8400268554688,631.0048828125,3852100
2025-12-29,632.2999877929688,633.7899780273438,630.9500122070312,632.5999755859375,628.7783813476562,6579400
2025-12-30,632.2000122070312,633.2100219726562,631.4099731445312,631.719970703125,627.9036865234375,4180400
2025-12-31,631.9400024414062,632.1400146484375,626.9400024414062,627.1300048828125,623.3414306640625,5556800
2026-01-02,630.6400146484375,631.6599731445312,625.2100219726562,628.2999877929688,624.5043334960938,11337000
2026-01-05,631.3800048828125,634.0399780273438,631.22998046875,632.4600219726562,628.6392822265625,16175600
2026-01-06,632.6400146484375,636.6799926757812,632.530029296875,636.2100219726562,632.3665771484375,8672000
2026-01-07,636.5800170898438,638.219970703125,633.9299926757812,634.1699829101562,630.3388671875,8820100
2026-01-08,633.47998046875,635.0999755859375,632.239990234375,634.0599975585938,630.2295532226562,9017400
2026-01-09,635.1500244140625,639.4400024414062,633.7999877929688,638.3099975585938,634.453857421875,7864100
2026-01-12,635.1900024414062,640.1599731445312,635.1599731445312,639.3400268554688,635.4776611328125,7929800
2026-01-13,639.6799926757812,640.1500244140625,635.8200073242188,638.030029296875,634.1755981445312,8860000
2026-01-14,635.489990234375,636.1199951171875,631.0,634.9400024414062,631.104248046875,8683400
2026-01-15,638.77001953125,639.5800170898438,635.7000122070312,636.6199951171875,632.7740478515625,6937000
2026-01-16,637.9600219726562,638.510009765625,634.6799926757812,636.0900268554688,632.247314453125,6733700
2026-01-20,626.760009765625,629.760009765625,622.219970703125,623.1500244140625,619.385498046875,14877600
2026-01-21,625.02001953125,633.4000244140625,623.6500244140625,630.2899780273438,626.4822998046875,10403800
2026-01-22,634.4299926757812,635.6199951171875,631.75,633.5700073242188,629.7424926757812,6085500
2026-01-23,632.8800048828125,635.469970703125,631.969970703125,633.8300170898438,630.0009765625,5850400
2026-01-26,635.030029296875,638.3900146484375,634.52001953125,637.0900268554688,633.2412719726562,9007400
2026-01-27,638.4199829101562,640.5999755859375,637.8699951171875,639.7000122070312,635.83544921875,4339600
2026-01-28,641.0499877929688,641.8099975585938,638.219970703125,639.5999755859375,635.736083984375,5568700
2026-01-29,640.4299926757812,641.0399780273438,629.8200073242188,638.27001953125,634.4141235351562,8697200
2026-01-30,636.25,638.4500122070312,631.9500122070312,636.219970703125,632.37646484375,6562300
2026-02-02,634.1799926757812,640.9600219726562,634.0700073242188,639.6799926757812,635.8155517578125,9490300
2026-02-03,640.3300170898438,641.0,629.1099853515625,634.1500244140625,630.3190307617188,9702800
2026-02-04,634.9299926757812,635.9199829101562,627.0,630.9099731445312,627.0985717773438,11322000
2026-02-05,626.239990234375,628.75,621.5,623.0999755859375,619.335693359375,11714700
2026-02-06,626.719970703125,636.719970703125,626.2000122070312,635.239990234375,631.4024047851562,12987900
2026-02-09,634.0700073242188,639.989990234375,633.1099853515625,638.22998046875,634.3743286132812,8908500
2026-02-10,639.1400146484375,640.6199951171875,636.0800170898438,636.4400024414062,632.59521484375,13645300
2026-02-11,640.489990234375,641.1500244140625,633.8400268554688,636.3499755859375,632.5056762695312,5345000
2026-02-12,638.510009765625,639.52001953125,625.760009765625,626.489990234375,622.705322265625,8951100
2026-02-13,626.9299926757812,631.1699829101562,623.1199951171875,626.8900146484375,623.1029052734375,9312800
2026-02-17,625.5399780273438,629.9299926757812,621.510009765625,627.989990234375,624.1961669921875,8718600
2026-02-18,629.1099853515625,633.7999877929688,628.0,631.1500244140625,627.337158203125,9509200
2026-02-19,628.9500122070312,631.0800170898438,626.8099975585938,629.530029296875,625.7269287109375,5212400
2026-02-20,627.47998046875,634.5800170898438,627.030029296875,634.02001953125,630.1898193359375,7482000
2026-02-23,632.6099853515625,634.6099853515625,625.75,627.6300048828125,623.8384399414062,10868700
2026-02-24,627.1500244140625,633.0900268554688,625.4000244140625,632.2100219726562,628.3907470703125,6930300
2026-02-25,634.77001953125,638.0,634.739990234375,637.530029296875,633.6785888671875,12135200
2026-02-26,637.6500244140625,637.77001953125,629.4299926757812,633.9500122070312,630.1202392578125,9497700
2026-02-27,628.239990234375,631.6900024414062,626.9400024414062,631.0399780273438,627.227783203125,10471100
2026-03-02,624.1900024414062,633.3400268554688,623.5999755859375,631.280029296875,627.4663696289062,9211400
2026-03-03,620.8099975585938,627.7899780273438,615.8800048828125,625.719970703125,621.9398803710938,18493400
2026-03-04,626.9199829101562,631.9600219726562,625.0700073242188,630.1799926757812,626.3729858398438,13489800
2026-03-05,627.2899780273438,630.5,621.4000244140625,626.8099975585938,623.0233154296875,12198800
2026-03-06,619.3400268554688,621.8200073242188,616.0,618.4299926757812,614.6939697265625,9739200
2026-03-09,612.8599853515625,625.3200073242188,609.2000122070312,623.7999877929688,620.031494140625,13929200
2026-03-10,623.3200073242188,628.5,620.6300048828125,622.719970703125,618.9580078125,15570400
2026-03-11,623.2000122070312,625.4299926757812,619.2999877929688,622.030029296875,618.272216796875,6433300
2026-03-12,617.219970703125,617.7100219726562,612.4199829101562,612.5,608.7998046875,15487600
2026-03-13,615.5399780273438,618.3300170898438,608.25,609.0900268554688,605.4104614257812,25527500
2026-03-16,614.719970703125,618.0800170898438,613.5399780273438,615.1900024414062,611.4735717773438,8303200
2026-03-17,618.3699951171875,620.27001953125,616.27001953125,616.8900146484375,613.1632690429688,9941800
2026-03-18,614.6900024414062,615.8900146484375,608.1300048828125,608.3800048828125,604.7046508789062,14276900
2026-03-19,604.1400146484375,609.6900024414062,602.5399780273438,606.75,603.0845336914062,10271900
2026-03-20,605.4299926757812,605.5999755859375,594.5700073242188,597.9400024414062,594.3277587890625,17685700
2026-03-23,606.8599853515625,611.030029296875,603.0599975585938,604.4299926757812,600.778564453125,24014300
2026-03-24,600.6300048828125,605.9099731445312,599.3200073242188,602.3800048828125,598.7409057617188,18363300
2026-03-25,607.4000244140625,609.4400024414062,603.3599853515625,605.6599731445312,602.0010375976562,23288300
2026-03-26,601.2999877929688,603.9099731445312,594.6799926757812,594.9199829101562,591.3259887695312,7712600
2026-03-27,590.6799926757812,590.8300170898438,582.030029296875,582.9600219726562,581.267333984375,11707700
2026-03-30,588.3900146484375,588.6699829101562,578.4600219726562,580.9299926757812,579.2431640625,11839200
2026-03-31,587.3499755859375,598.8499755859375,586.5,597.5499877929688,595.81494140625,12447300
2026-04-01,601.0599975585938,605.3499755859375,600.27001953125,602.2999877929688,600.5511474609375,11332500
2026-04-02,594.22998046875,604.7899780273438,593.030029296875,602.989990234375,601.2391357421875,12780100
2026-04-06,602.9199829101562,606.4400024414062,602.6099853515625,605.6699829101562,603.9113159179688,6316800
2026-04-07,603.5800170898438,606.3099975585938,598.5,606.0399780273438,604.2802734375,6690000
2026-04-08,621.7999877929688,622.489990234375,617.2999877929688,621.3400268554688,619.535888671875,9805100
2026-04-09,620.3400268554688,626.1699829101562,619.4000244140625,625.02001953125,623.2052001953125,5498300
2026-04-10,626.3300170898438,626.989990234375,623.719970703125,624.5999755859375,622.786376953125,4609400
2026-04-13,622.75,630.9000244140625,621.97998046875,630.719970703125,628.8886108398438,5158400
2026-04-14,632.22998046875,638.52001953125,632.219970703125,638.3499755859375,636.4964599609375,5042900
2026-04-15,639.1900024414062,643.7899780273438,638.22998046875,643.4500122070312,641.5816650390625,5165600
2026-04-16,644.510009765625,646.0700073242188,642.1500244140625,644.8599853515625,642.987548828125,5882400
2026-04-17,649.1799926757812,654.8800048828125,648.8599853515625,652.780029296875,650.8845825195312,7815300
2026-04-20,651.6199951171875,652.5999755859375,649.1699829101562,651.5399780273438,649.6481323242188,6384100
2026-04-21,652.9400024414062,653.8599853515625,645.9400024414062,647.25,645.37060546875,8514900
2026-04-22,651.97998046875,654.1900024414062,651.0900268554688,653.9000244140625,652.0013427734375,4537200
2026-04-23,652.22998046875,654.9000244140625,645.6599731445312,651.260009765625,649.3689575195312,6519500
2026-04-24,653.4000244140625,656.8200073242188,651.8200073242188,656.4199829101562,654.5139770507812,4793800
2026-04-27,655.6699829101562,657.9000244140625,654.8400268554688,657.5,655.5908813476562,5319200
2026-04-28,654.4099731445312,655.3900146484375,652.010009765625,654.260009765625,652.3602905273438,5527100
2026-04-29,653.6199951171875,654.719970703125,651.260009765625,654.239990234375,652.34033203125,6302000
2026-04-30,657.0,661.77001953125,653.1500244140625,660.5800170898438,658.6619262695312,5948400
2026-05-01,663.0900268554688,666.4199829101562,662.3800048828125,662.52001953125,660.5963134765625,5426500
2026-05-04,661.989990234375,663.8499755859375,657.3900146484375,660.1199951171875,658.2032470703125,5962400
2026-05-05,663.5800170898438,666.5499877929688,663.3300170898438,665.2999877929688,663.3682250976562,5052600
2026-05-06,669.4500122070312,675.3400268554688,669.1500244140625,674.6599731445312,672.7009887695312,6441500
2026-05-07,675.8200073242188,676.760009765625,670.9199829101562,672.5399780273438,670.587158203125,6260300
2026-05-08,675.7000122070312,678.530029296875,675.3699951171875,678.0399780273438,676.0711669921875,4348100
2026-05-11,677.0800170898438,681.0599975585938,677.0800170898438,679.52001953125,677.5469360351562,5693400
2026-05-12,677.469970703125,679.260009765625,672.7999877929688,678.6699829101562,676.6993408203125,6073400
2026-05-13,678.9000244140625,683.9099731445312,676.2000122070312,682.4099731445312,680.4285278320312,4918000
2026-05-14,683.739990234375,689.0999755859375,683.6599731445312,687.72998046875,685.7330322265625,5370000
2026-05-15,682.0399780273438,683.52001953125,678.4400024414062,679.4400024414062,677.4671630859375,6448500
2026-05-18,680.1799926757812,681.6099853515625,674.25,678.9099731445312,676.9386596679688,7585400
2026-05-19,675.5599975585938,678.1500244140625,672.5499877929688,674.5900268554688,672.6312866210938,5664200
2026-05-20,676.3200073242188,682.0,674.739990234375,681.5700073242188,679.5910034179688,5506800
2026-05-21,679.0800170898438,684.8300170898438,677.6199951171875,682.8400268554688,680.8572998046875,7335400
2026-05-22,686.0999755859375,688.5800170898438,684.47998046875,685.5499877929688,683.5593872070312,4319800
2026-05-26,689.6500244140625,691.510009765625,688.0800170898438,690.010009765625,688.0064697265625,6633800
2026-05-27,690.3599853515625,690.780029296875,687.9199829101562,689.9600219726562,687.9566040039062,7386500
2026-05-28,689.760009765625,694.2899780273438,688.8499755859375,693.9099731445312,691.8950805664062,8477100
2026-05-29,695.0,697.0,693.8900146484375,695.489990234375,693.4705200195312,5080400
2026-06-01,694.5399780273438,699.0599975585938,693.9400024414062,697.2999877929688,695.2752685546875,10051200
2026-06-02,696.0599975585938,699.1500244140625,695.780029296875,698.260009765625,696.2325439453125,4750700
2026-06-03,697.0800170898438,697.6500244140625,692.8499755859375,693.3599853515625,691.3467407226562,5970400
2026-06-04,691.489990234375,697.2000122070312,690.9000244140625,696.0599975585938,694.0388793945312,6630000
2026-06-05,691.7100219726562,692.1799926757812,676.25,678.0,676.0313110351562,10846500
2026-06-08,683.469970703125,685.2899780273438,678.7000122070312,679.6799926757812,677.7064208984375,8867200
2026-06-09,683.7100219726562,686.760009765625,664.3200073242188,677.7000122070312,675.7322387695312,16197200
2026-06-10,674.3200073242188,678.8800048828125,666.8800048828125,667.0499877929688,665.1130981445312,16472700
2026-06-11,670.0999755859375,680.3800048828125,666.0,678.22998046875,676.2606201171875,19974200
2026-06-12,681.0800170898438,684.4400024414062,675.8099975585938,681.9500122070312,679.9698486328125,6328000
2026-06-15,691.2999877929688,695.75,691.260009765625,693.8300170898438,691.8153686523438,14068900
2026-06-16,693.8300170898438,694.5700073242188,689.4400024414062,689.75,687.7471923828125,13324100
2026-06-17,690.760009765625,691.530029296875,679.6400146484375,681.4099731445312,679.431396484375,15029600
2026-06-18,689.2999877929688,689.7000122070312,685.7000122070312,688.1099853515625,686.1119384765625,17747900
2026-06-22,689.1699829101562,691.5,685.0,686.0999755859375,684.1077880859375,13367200
2026-06-23,676.3599853515625,681.72998046875,675.02001953125,676.3400268554688,674.3761596679688,17581700
2026-06-24,677.6799926757812,682.0700073242188,673.6799926757812,675.6900024414062,673.72802734375,9677000
2026-06-25,681.1400146484375,681.5399780273438,672.5800170898438,675.7100219726562,673.7479858398438,26266500
2026-06-26,669.9600219726562,676.9600219726562,668.0999755859375,670.260009765625,670.260009765625,6007600
2026-06-29,677.010009765625,681.5700073242188,672.9299926757812,681.010009765625,681.010009765625,5703800
2026-06-30,681.3200073242188,687.530029296875,680.989990234375,686.8099975585938,686.8099975585938,9892400
2026-07-01,684.72998046875,688.8300170898438,682.2999877929688,685.4600219726562,685.4600219726562,8659300
2026-07-02,686.97998046875,690.5,680.219970703125,684.8400268554688,684.8400268554688,6994700
2026-07-06,688.1099853515625,691.5800170898438,687.0,690.6199951171875,690.6199951171875,5610000
2026-07-07,689.5800170898438,690.239990234375,684.989990234375,687.0800170898438,687.0800170898438,4847400
2026-07-08,683.0999755859375,685.8400268554688,679.72998046875,685.260009765625,685.260009765625,4839800
2026-07-09,686.9500122070312,691.1900024414062,685.2899780273438,690.6900024414062,690.6900024414062,6423900
2026-07-10,691.25,694.3300170898438,687.6300048828125,693.8599853515625,693.8599853515625,5326400
2026-07-13,691.5999755859375,692.9600219726562,687.5399780273438,688.5,688.5,6637600
2026-07-14,690.2100219726562,692.4000244140625,688.2000122070312,691.0999755859375,691.0999755859375,4610200
2026-07-15,693.27001953125,694.5,689.5800170898438,693.7999877929688,693.7999877929688,4132800
2026-07-16,691.97998046875,693.5499877929688,687.4299926757812,690.1400146484375,690.1400146484375,4764000
2026-07-17,682.1199951171875,686.8699951171875,680.9199829101562,683.1699829101562,683.1699829101562,5679300
2026-07-20,686.6699829101562,688.2000122070312,681.5700073242188,682.2100219726562,682.2100219726562,5360300
2026-07-21,685.9500122070312,688.489990234375,684.030029296875,687.8699951171875,687.8699951171875,4075500
2026-07-22,686.2899780273438,689.4000244140625,686.02001953125,687.030029296875,687.030029296875,3418300
2026-07-23,679.5499877929688,682.5499877929688,675.760009765625,678.6099853515625,678.6099853515625,4983100
2026-07-24,678.7999877929688,683.5499877929688,677.7000122070312,679.1400146484375,679.1400146484375,6311600
2026-07-27,684.6900024414062,685.239990234375,676.4000244140625,679.3099975585938,679.3099975585938,5232200
2026-07-28,679.4500122070312,682.760009765625,676.47998046875,680.9600219726562,680.9600219726562,5090000
2026-07-29,680.1199951171875,682.6300048828125,670.1599731445312,670.6300048828125,670.6300048828125,7970700
2026-07-30,676.5399780273438,682.4400024414062,675.2100219726562,681.7899780273438,681.7899780273438,6094800
2026-07-31,684.5,688.3499755859375,678.0599975585938,686.6500244140625,686.6500244140625,7715400
2026-08-03,688.8300170898438,697.3099975585938,688.6099853515625,696.4000244140625,696.4000244140625,7283200
2026-08-04,699.1599731445312,710.9099731445312,699.0700073242188,708.97998046875,708.97998046875,6566400
2026-08-05,713.1400146484375,714.1599731445312,707.3200073242188,707.5999755859375,707.5999755859375,5225700
2026-08-06,707.9299926757812,709.4600219726562,705.4299926757812,706.4000244140625,706.4000244140625,4668700
2026-08-07,708.72998046875,711.3699951171875,707.4400024414062,710.7100219726562,710.7100219726562,4653100
2026-08-10,710.3099975585938,712.4400024414062,709.5,710.6500244140625,710.6500244140625,6689300
2026-08-11,711.9600219726562,712.0,707.0,708.4199829101562,708.4199829101562,5169300
2026-08-12,712.1199951171875,712.260009765625,708.9299926757812,710.1699829101562,710.1699829101562,4919100
2026-08-13,712.2999877929688,716.3900146484375,711.6099853515625,714.9500122070312,714.9500122070312,4590000
2026-08-14,715.6300048828125,715.8900146484375,712.7999877929688,713.6099853515625,713.6099853515625,4236400
